latitude,longitude,depth,temperature,oxygen,chlorophyll,salinity
-0.1428838193543337,-0.3620832596445069,-1.2552883358320917,1.8461500856720403,1.1930540219688783,-0.4268658272602218,34.337
-0.1428838193543337,-0.3620832596445069,-1.2540343969338157,1.829088646829565,1.1930540219688783,-0.4268658272602218,34.409
-0.1428838193543337,-0.3620832596445069,-1.2527804580355397,1.8249326553166545,1.1921344077379665,-0.4067986961656773,34.431
-0.1428838193543337,-0.3620832596445069,-1.2512130344126946,1.824057709734989,1.191214793507055,-0.3867315650711327,34.431
-0.1428838193543337,-0.3620832596445069,-1.2498023531521343,1.82340150054874,1.1902951792761431,-0.36666443397658816,34.432
-0.1428838193543337,-0.3620832596445069,-1.2482349295292892,1.8218703457808256,1.1893755650452313,-0.3465973028820436,34.441
-0.1428838193543337,-0.3620832596445069,-1.2465107635441597,1.8217609775831174,1.1894077963089573,-0.29843618825513674,34.441
-0.1428838193543337,-0.3620832596445069,-1.2449433399213148,1.8211047683968684,1.1894400275726833,-0.25027507362822976,34.441
-0.1428838193543337,-0.3620832596445069,-1.243219173936185,1.8208860320014522,1.1894722588364093,-0.20211395900132278,34.441
-0.1428838193543337,-0.3620832596445069,-1.2419652350379091,1.8207766638037437,1.1895044901001355,-0.1539528443744158,34.441
-0.1428838193543337,-0.3620832596445069,-1.2402410690527796,1.820667295606036,1.1890804102320371,-0.14325037445732533,34.441
-0.1428838193543337,-0.3620832596445069,-1.231306754402563,1.821432872989993,1.1886563303639388,-0.13254790454023496,34.455
-0.1428838193543337,-0.3620832596445069,-1.2164162299855357,1.785341367746296,1.1882322504958407,-0.12184543462314447,34.917
-0.1428838193543337,-0.3620832596445069,-1.2002717666702323,1.740719143081361,1.191116660820175,-0.04960376268278408,35.171
-0.1428838193543337,-0.3620832596445069,-1.1844407880794976,1.7268293819724232,1.1940010711445095,0.022637909257576302,35.392
-0.1428838193543337,-0.3620832596445069,-1.1686098094887631,1.7201579219122247,1.1968854814688439,0.09487958119793681,35.46
-0.1428838193543337,-0.3620832596445069,-1.1527788308980287,1.666130032244387,1.1997698917931785,0.1671212531382972,35.409
-0.1428838193543337,-0.3620832596445069,-1.1372613370318632,1.55818362110642,1.2096893616424749,0.5096002904851911,35.36
-0.1428838193543337,-0.3620832596445069,-1.1229977820639736,1.510827191498781,1.2196088314917715,0.8520793278320848,35.708
-0.1428838193543337,-0.3620832596445069,-1.1062263492995321,1.218595367222542,1.2295283013410678,1.1945583651789786,35.315
-0.1428838193543337,-0.3620832596445069,-1.090238628346513,1.113055056434155,1.21205313686786,2.1176463955280287,35.361
-0.1428838193543337,-0.3620832596445069,-1.0744076497557786,1.0265448120469898,1.1945779723946521,3.040734425877079,35.41
-0.1428838193543337,-0.3620832596445069,-0.9802054900227942,0.5537460933545574,1.055411945049177,3.6507752111512337,35.398
-0.1428838193543337,-0.3620832596445069,-0.9653149656057667,0.42972255715348895,1.0371767238906848,3.153110360006528,35.315
-0.1428838193543337,-0.3620832596445069,-0.9496407293773167,0.34550904491819545,1.0189415027321926,2.655445508861823,35.264
-0.1428838193543337,-0.3620832596445069,-0.9220540736152446,0.25057744930750103,1.000706281573701,2.157780657717118,35.17
-0.1428838193543337,-0.3620832596445069,-0.8825549983195505,0.17347286992323893,0.9754966583379536,1.7564380358262268,35.159
-0.1428838193543337,-0.3620832596445069,-0.8443098619221326,0.12119487141873217,0.9502870351022062,1.3550954139353353,35.165
-0.1428838193543337,-0.3620832596445069,-0.804340559539585,0.08444715698878594,0.9250774118664589,0.9537527920444439,35.182
-0.1428838193543337,-0.3620832596445069,-0.7646847418816066,0.04409029203447005,0.9179457651351857,0.7530814810989983,35.195
-0.1428838193543337,-0.3620832596445069,-0.724715439499059,0.008108154988481185,0.9108141184039125,0.5524101701535528,35.21
-0.1428838193543337,-0.3620832596445069,-0.6877242419999171,-0.024155463335429905,0.9036824716726397,0.35173885920810727,35.206
-0.1428838193543337,-0.3620832596445069,-0.6485386514287921,-0.037826488048951556,0.8965508249413665,0.15106754826266158,35.243
-0.1428838193543337,-0.3620832596445069,-0.6085693490462446,-0.06593411485995224,0.8982346953013152,0.0761502588430285,35.245
-0.1428838193543337,-0.3620832596445069,-0.5689135313882661,-0.0979789967884469,0.8999185656612637,0.001232969423395565,35.236
-0.1428838193543337,-0.3620832596445069,-0.5301981679039947,-0.12269620947049414,0.9016024360212124,-0.07368431999623751,35.242
-0.1428838193543337,-0.3620832596445069,-0.49116931969515404,-0.13417987022985217,0.904198203867715,-0.013482926712603892,35.257
-0.1428838193543337,-0.3620832596445069,-0.4518269867617446,-0.1423824850579653,0.9067939717142179,0.04671846657102985,35.263
-0.1428838193543337,-0.3620832596445069,-0.4123279114660505,-0.155506668782946,0.909389739560721,0.10691985985466358,35.269
-0.1428838193543337,-0.3620832596445069,-0.3732990632572101,-0.16808401151938593,0.9119855074072236,0.1671212531382972,35.277
-0.1428838193543337,-0.3620832596445069,-0.33332976087466254,-0.1899576510610205,0.8958806192988104,0.04404284909175716,35.278
-0.1428838193543337,-0.3620832596445069,-0.2952413668395291,-0.206034776124122,0.8797757311903975,-0.07903555495478275,35.283
-0.1428838193543337,-0.3620832596445069,-0.2555855491815505,-0.23129882979470998,0.8636708430819843,-0.20211395900132278,35.258
-0.1428838193543337,-0.3620832596445069,-0.21639995861042552,-0.2556879378836327,0.6300774131911507,-0.30244961447404556,35.239
-0.1428838193543337,-0.3620832596445069,-0.17721436803930052,-0.2706713809696525,0.3964839833003176,-0.4027852699467684,35.249
-0.1428838193543337,-0.3620832596445069,-0.13834226219274456,-0.27121822195819323,0.16289055340948408,-0.5031209254194913,35.286
-0.1428838193543337,-0.3620832596445069,-0.09915667162161956,-0.29352933429066064,-0.07070287648134929,-0.603456580892214,35.272
-0.1428838193543337,-0.3620832596445069,-0.05981433868821003,-0.3061066770271006,-0.14849156487622703,-0.6141590508093044,35.278
-0.1428838193543337,-0.3620832596445069,-0.020628748117085025,-0.31573107842541975,-0.2262802532711046,-0.6248615207263949,35.289
-0.1428838193543337,-0.3620832596445069,0.01808661536718655,-0.3376047179670545,-0.30406894166598236,-0.6355639906434852,35.277
-0.1428838193543337,-0.3620832596445069,0.05742894830059591,-0.35444742041411315,-0.35609512554055606,-0.6395774168623942,35.275
-0.1428838193543337,-0.3620832596445069,0.09802522013228156,-0.3762116917580396,-0.4081213094151296,-0.6435908430813032,35.277
-0.1428838193543337,-0.3620832596445069,0.136113614167415,-0.3952417581592617,-0.4601474932897031,-0.647604269300212,35.271
-0.1428838193543337,-0.3620832596445069,0.17529920473854,-0.41995897084130895,-0.5121736771642769,-0.651617695519121,35.26
-0.1428838193543337,-0.3620832596445069,0.21417131058509592,-0.4468635474775194,-0.583972116981367,-0.6462664605605757,35.24
-0.1428838193543337,-0.3620832596445069,0.253043416431652,-0.47376812411373004,-0.6557705567984571,-0.6409152256020305,35.216
-0.1428838193543337,-0.3620832596445069,0.29222900700277704,-0.48372063010517374,-0.7275689966155472,-0.6355639906434852,35.214
-0.1428838193543337,-0.3620832596445069,0.33141459757390207,-0.5012195417384815,-0.7580079718550474,-0.647604269300212,35.201
-0.1428838193543337,-0.3620832596445069,0.37107041523188067,-0.5198121353488709,-0.7884469470945477,-0.6596445479569387,35.183
-0.1428838193543337,-0.3620832596445069,0.41009926344072095,-0.5402639883202993,-0.8188859223340478,-0.6716848266136655,35.163
-0.1428838193543337,-0.3620832596445069,0.449284854011846,-0.5626844688504749,-0.8493248975735481,-0.6837251052703922,35.141
-0.1428838193543337,-0.3620832596445069,0.4886271869452557,-0.5870735769393975,-0.8664979451100607,-0.6890763402289375,35.122
-0.1428838193543337,-0.3620832596445069,0.527969519878665,-0.6147437309595652,-0.8836709926465736,-0.6944275751874827,35.099
-0.1428838193543337,-0.3620832596445069,0.5671551104497901,-0.6405546256186943,-0.9008440401830864,-0.6997788101460279,35.074
-0.1428838193543337,-0.3620832596445069,0.6063407010209151,-0.6610064785901225,-0.9143397371468696,-0.6997788101460279,35.054
-0.1428838193543337,-0.3620832596445069,0.6453695492297556,-0.6781772856303058,-0.9278354341106527,-0.6997788101460279,35.041
-0.1428838193543337,-0.3620832596445069,0.6848686245254494,-0.6953480926704889,-0.9413311310744359,-0.6997788101460279,35.03
-0.1428838193543337,-0.3620832596445069,0.7245244421834282,-0.7259711880287775,-0.954826828038219,-0.6997788101460279,34.994
-0.1428838193543337,-0.3620832596445069,0.7630830633054151,-0.742048313091879,-0.9629362949961737,-0.705130045104573,34.982
-0.1428838193543337,-0.3620832596445069,0.8022686538765401,-0.7576879653641477,-0.9710457619541283,-0.7104812800631183,34.975
-0.1428838193543337,-0.3620832596445069,0.8417677291722342,-0.7742025632180819,-0.9791552289120828,-0.7158325150216636,34.962
-0.1428838193543337,-0.3620832596445069,0.8811100621056435,-0.7936701024101367,-0.9876067810659406,-0.7158325150216636,34.951
-0.1428838193543337,-0.3620832596445069,0.919511940865346,-0.813356377997608,-0.9960583332197985,-0.7158325150216636,34.944
-0.1428838193543337,-0.3620832596445069,0.958697531436471,-0.8319489716079974,-1.0045098853736563,-0.7158325150216636,34.933
-0.1428838193543337,-0.3620832596445069,0.9980398643698807,-0.8485729376596396,-1.0129614375275142,-0.7158325150216636,34.923
-0.1428838193543337,-0.3620832596445069,1.0373821973032902,-0.8670561630723209,-1.0219932600791553,-0.7158325150216636,34.91
-0.1428838193543337,-0.3620832596445069,1.0767245302366995,-0.8803990831927181,-1.031025082630796,-0.7158325150216636,34.902
-0.1428838193543337,-0.3620832596445069,1.1160668631701092,-0.8928670577314497,-1.040056905182437,-0.7158325150216636,34.895
-0.1428838193543337,-0.3620832596445069,1.1550957113789495,-0.9076317644220533,-1.0572788975556415,-0.7198459412405726,34.887
-0.1428838193543337,-0.3620832596445069,1.1938110748632211,-0.9240369940782791,-1.0745008899288462,-0.7238593674594813,34.878
-0.1428838193543337,-0.3620832596445069,1.2347208314194758,-0.9400047509436724,-1.0917228823020508,-0.7278727936783902,34.869
-0.1428838193543337,-0.3620832596445069,1.2726524830923245,-0.9509415707144899,-1.1089448746752555,-0.7318862198972992,34.863
-0.1428838193543337,-0.3620832596445069,1.311681331301165,-0.9642844908348869,-1.1545221283927791,-0.726534984938754,34.855
-0.1428838193543337,-0.3620832596445069,1.3510236642345745,-0.9770805699667432,-1.200099382110303,-0.7211837499802086,34.847
-0.1428838193543337,-0.3620832596445069,1.390052512443415,-0.9868143395627706,-1.2456766358278268,-0.7158325150216636,34.841
-0.1428838193543337,-0.3620832596445069,1.4284543912031176,-0.996548109158798,-1.2610699573966058,-0.7198459412405726,34.835
-0.1428838193543337,-0.3620832596445069,1.467796724136527,-1.0062818787548253,-1.2764632789653847,-0.7238593674594813,34.828
-0.1428838193543337,-0.3620832596445069,1.5072957994322211,-1.014812598176063,-1.2918566005341634,-0.7278727936783902,34.823
-0.1428838193543337,-0.3620832596445069,1.5466381323656309,-1.0222496356202189,-1.3072499221029423,-0.7318862198972992,34.819
-0.1428838193543337,-0.3620832596445069,1.5859804652990401,-1.0311084596345808,-1.3119983043527628,-0.7372374548558444,34.815
-0.1428838193543337,-0.3620832596445069,1.6248525711455961,-1.0377799196947792,-1.3167466866025832,-0.7425886898143896,34.812
-0.1428838193543337,-0.3620832596445069,1.663724676992152,-1.0453263253366434,-1.3214950688524032,-0.7479399247729348,34.807
-0.1428838193543337,-0.3620832596445069,1.7032237522878462,-1.051450944408301,-1.3232391767156833,-0.7399130723351169,34.806
-0.1428838193543337,-0.3620832596445069,1.7422526004966867,-1.0592160864455813,-1.3249832845789633,-0.7318862198972992,34.802
-0.1428838193543337,-0.3620832596445069,1.7825353876038033,-1.0693873288324414,-1.3267273924422431,-0.7238593674594813,34.796
-0.1428838193543337,-0.3620832596445069,1.8206237816389368,-1.0763868934857643,-1.3284715003055232,-0.7158325150216636,34.793
-0.1428838193543337,-0.3620832596445069,1.853696420080966,-1.0822927761620058,-0.49633412568671703,-0.5927541109751235,34.789
-0.48361772983790646,-0.33101162204416373,-1.255445078194376,1.869992352772422,0.335803248932089,-0.46967570692858357,34.28
-0.48361772983790646,-0.33101162204416373,-1.2541911392961003,1.8697736163770053,1.1679406235508953,-0.3465973028820436,34.284
-0.48361772983790646,-0.33101162204416373,-1.2524669733109706,1.8710860347495035,1.1641349042962665,-0.3626510077576792,34.277
-0.48361772983790646,-0.33101162204416373,-1.2512130344126946,1.8710860347495035,1.1659063447827933,-0.326530171787499,34.277
-0.48361772983790646,-0.33101162204416373,-1.2498023531521343,1.8711954029472118,1.16767778526932,-0.2904093358173188,34.277
-0.48361772983790646,-0.33101162204416373,-1.2483916718915735,1.8711954029472118,1.1694492257558473,-0.2542884998471386,34.278
-0.48361772983790646,-0.33101162204416373,-1.2469809906310132,1.8710860347495035,1.171220666242374,-0.2181676638769584,34.279
-0.48361772983790646,-0.33101162204416373,-1.245413567008168,1.8709766665517953,1.1733294478323821,-0.19810053278241382,34.278
-0.48361772983790646,-0.33101162204416373,-1.2433759162984697,1.8710860347495035,1.1754382294223902,-0.17803340168786924,34.278
-0.48361772983790646,-0.33101162204416373,-1.241024780864202,1.8711954029472118,1.1775470110123982,-0.1579662705933248,34.278
-0.48361772983790646,-0.33101162204416373,-1.2394573572413572,1.8711954029472118,1.1796557926024063,-0.13789913949878022,34.278
-0.48361772983790646,-0.33101162204416373,-1.231306754402563,1.8710860347495035,1.1825716987548858,-0.07903555495478275,34.277
-0.48361772983790646,-0.33101162204416373,-1.2151622910872597,1.8561025916634837,1.1854876049073653,-0.020171970410785417,34.355
-0.48361772983790646,-0.33101162204416373,-1.2010554784816547,1.8286511740387326,1.1884035110598448,0.03869161413321204,34.721
-0.48361772983790646,-0.33101162204416373,-1.1850677575286357,1.7893879910614983,1.1936402280778948,0.10691985985466358,35.12
-0.48361772983790646,-0.33101162204416373,-1.1686098094887631,1.7442189254080227,1.1988769450959447,0.17514810557611502,35.24
-0.48361772983790646,-0.33101162204416373,-1.1535625427094511,1.7074712109780765,1.2041136621139947,0.24337635129756668,35.304
-0.48361772983790646,-0.33101162204416373,-1.137888306481001,1.6520215347400327,1.2093503791320448,0.3116045970190181,35.279
-0.48361772983790646,-0.33101162204416373,-1.1223708126148355,1.5944938627455336,1.2028982002682544,0.6005712847804596,35.387
-0.48361772983790646,-0.33101162204416373,-1.106539834024101,1.517826756152104,1.1964460214044639,0.8895379725419011,35.566
-0.48361772983790646,-0.33101162204416373,-1.0903953707087977,1.4005840482089424,1.1899938425406735,1.1785046603033429,35.531
-0.48361772983790646,-0.33101162204416373,-1.0750346192049167,1.2424376343229238,1.1705045438391926,1.7350330959920455,35.449
-0.48361772983790646,-0.33101162204416373,-1.0592036406141823,1.0741199780500454,1.1510152451377118,2.291561531680748,35.306
-0.48361772983790646,-0.33101162204416373,-1.043842889110301,1.0347474268751031,1.1315259464362308,2.8480899673694506,35.464
-0.48361772983790646,-0.33101162204416373,-1.0283253952441356,0.9503151782443933,1.1112300987305597,2.8641436722450866,35.36
-0.48361772983790646,-0.33101162204416373,-1.0126511590156857,0.88764720095761,1.0909342510248883,2.8801973771207217,35.36
-0.48361772983790646,-0.33101162204416373,-0.9965066957003822,0.8593208377511931,1.0706384033192167,2.896251081996357,35.514
-0.48361772983790646,-0.33101162204416373,-0.9803622323850786,0.7754354301090243,1.0503425556135455,2.912304786871993,35.495
-0.48361772983790646,-0.33101162204416373,-0.9645312537943442,0.6287726769823643,1.040820039783742,2.8119691313992705,35.29
-0.48361772983790646,-0.33101162204416373,-0.9494839870150321,0.5655578587070398,1.0312975239539384,2.711633475926548,35.395
-0.48361772983790646,-0.33101162204416373,-0.9222108159775292,0.39100621516479533,1.0217750081241348,2.611297820453825,35.236
-0.48361772983790646,-0.33101162204416373,-0.8836521948555421,0.24128115250230645,1.0122524922943312,2.510962164981102,35.172
-0.48361772983790646,-0.33101162204416373,-0.8433694077484256,0.15542711730139044,1.0080502347011902,3.2708375290945226,35.183
-0.48361772983790646,-0.33101162204416373,-0.7250289242236281,0.011061096326601778,0.9937488051732963,3.6347215062755978,35.203
-0.48361772983790646,-0.33101162204416373,-0.6877242419999171,-0.017046530484398702,0.9878518908316846,2.478854755229831,35.223
-0.48361772983790646,-0.33101162204416373,-0.6479116819796541,-0.04285742514352765,0.9819549764900728,1.322988004184064,35.223
-0.48361772983790646,-0.33101162204416373,-0.6084126066839601,-0.06374675090578862,0.966321246785432,1.1463972505520716,35.24
-0.48361772983790646,-0.33101162204416373,-0.5692270161128351,-0.09251058690303816,0.9506875170807907,0.9698064969200795,35.234
-0.48361772983790646,-0.33101162204416373,-0.5305116526285636,-0.11668095859654445,0.9350537873761494,0.7932157432880875,35.236
-0.48361772983790646,-0.33101162204416373,-0.4906990926083005,-0.1275084101696536,0.9194200576715086,0.6166249896560952,35.247
-0.48361772983790646,-0.33101162204416373,-0.4518269867617446,-0.14281995784879795,0.9085200070474801,0.5042490555266457,35.258
-0.48361772983790646,-0.33101162204416373,-0.41342510800204213,-0.16086571047064643,0.8976199564234514,0.39187312139719616,35.265
-0.48361772983790646,-0.33101162204416373,-0.3740827750686326,-0.1727868440208373,0.886719905799423,0.27949718726774686,35.275
-0.48361772983790646,-0.33101162204416373,-0.33411347268608504,-0.18678597332748348,0.8758198551753945,0.1671212531382972,35.283
-0.48361772983790646,-0.33101162204416373,-0.2950846244772446,-0.19980078885475608,0.8527336582903562,0.10290643363575462,35.292
-0.48361772983790646,-0.33101162204416373,-0.2562125186306885,-0.22714283828179938,0.8296474614053175,0.03869161413321191,35.274
-0.48361772983790646,-0.33101162204416373,-0.21545950443671846,-0.25918772021029424,0.8065612645202792,-0.025523205369330663,35.244
-0.48361772983790646,-0.33101162204416373,-0.17784133748843847,-0.269796435387987,0.7666182872423419,-0.07769774621514647,35.252
-0.48361772983790646,-0.33101162204416373,-0.138812489279598,-0.27756157742526727,0.7266753099644045,-0.1298722870609624,35.271
-0.48361772983790646,-0.33101162204416373,-0.099626898708473,-0.2891546063823336,0.6867323326864672,-0.1820468279067782,35.272
-0.48361772983790646,-0.33101162204416373,-0.05997108105049456,-0.29352933429066064,0.6467893554085299,-0.23422136875259403,35.294
-0.48361772983790646,-0.33101162204416373,-0.02047200575480049,-0.31387181906438083,0.40315681415539617,-0.3064630406929544,35.283
-0.48361772983790646,-0.33101162204416373,0.01855684245403998,-0.33388619924497653,0.15952427290226215,-0.3787047126333149,35.279
-0.48361772983790646,-0.33101162204416373,0.05742894830059591,-0.35171321547140877,-0.08410826835087153,-0.4509463845736753,35.276
-0.48361772983790646,-0.33101162204416373,0.09677128123400545,-0.37850842390991113,-0.32774080960400537,-0.5231880565140358,35.265
-0.48361772983790646,-0.33101162204416373,0.136113614167415,-0.39381997158905546,-0.4751657998416356,-0.5606467012238523,35.271
-0.48361772983790646,-0.33101162204416373,0.17592617418767795,-0.40595984153466275,-0.622590790079266,-0.5981053459336687,35.266
-0.48361772983790646,-0.33101162204416373,0.21432805294738047,-0.42509927613359294,-0.7700157803168962,-0.6355639906434852,35.258
-0.48361772983790646,-0.33101162204416373,0.25351364351850547,-0.4443480789302314,-0.804175377453357,-0.6409152256020305,35.249
-0.48361772983790646,-0.33101162204416373,0.292855976451915,-0.4717994965549829,-0.8383349745898179,-0.6462664605605757,35.225
-0.48361772983790646,-0.33101162204416373,0.3321983093853246,-0.4957511318530729,-0.872494571726279,-0.651617695519121,35.208
-0.48361772983790646,-0.33101162204416373,0.3709136728695959,-0.5174060349992913,-0.8855959281315036,-0.6556311217380298,35.187
-0.48361772983790646,-0.33101162204416373,0.4099425210784366,-0.5429981932630037,-0.8986972845367281,-0.6596445479569387,35.16
-0.48361772983790646,-0.33101162204416373,0.4497550810986994,-0.568480983329008,-0.9117986409419527,-0.6636579741758477,35.135
-0.48361772983790646,-0.33101162204416373,0.48847044458297095,-0.5867454723462731,-0.9248999973471774,-0.6676714003947566,35.12
-0.48361772983790646,-0.33101162204416373,0.5273425504295269,-0.6097127938649894,-0.9316829005259171,-0.6837251052703922,35.097
-0.48361772983790646,-0.33101162204416373,0.5669983680875057,-0.6295084376501687,-0.9384658037046567,-0.6997788101460279,35.081
-0.48361772983790646,-0.33101162204416373,0.6064974433831994,-0.6526944955643015,-0.9452487068833962,-0.7158325150216636,35.059
-0.48361772983790646,-0.33101162204416373,0.6459965186788935,-0.6766461308623914,-0.9657377503186632,-0.7238593674594813,35.039
-0.48361772983790646,-0.33101162204416373,0.6845551398008807,-0.6977541930200688,-0.9862267937539301,-0.7318862198972992,35.02
-0.48361772983790646,-0.33101162204416373,0.7237407303720057,-0.7196278325617035,-1.006715837189197,-0.7399130723351169,35.004
-0.48361772983790646,-0.33101162204416373,0.762769578580846,-0.7382204261720929,-1.027204880624464,-0.7479399247729348,34.994
-0.48361772983790646,-0.33101162204416373,0.8027388809633935,-0.764796898215179,-1.0405207838398054,-0.7479399247729348,34.971
-0.48361772983790646,-0.33101162204416373,0.841140759723096,-0.7864518013613973,-1.0538366870551468,-0.7479399247729348,34.955
-0.48361772983790646,-0.33101162204416373,0.8801696079319367,-0.8055912359603276,-1.0671525902704881,-0.7479399247729348,34.945
-0.48361772983790646,-0.33101162204416373,0.9201389103144841,-0.8201372062555146,-1.075307000869234,-0.7479399247729348,34.939
-0.48361772983790646,-0.33101162204416373,0.9593245008856092,-0.8341363355621608,-1.0834614114679801,-0.7479399247729348,34.931
-0.48361772983790646,-0.33101162204416373,0.997883122007596,-0.8482448330665152,-1.0916158220667262,-0.7479399247729348,34.923
-0.48361772983790646,-0.33101162204416373,1.037068712578721,-0.864540694525033,-1.0997702326654721,-0.7479399247729348,34.913
-0.48361772983790646,-0.33101162204416373,1.0768812725989843,-0.88028971499501,-1.1293468169573582,-0.7425886898143896,34.903
-0.48361772983790646,-0.33101162204416373,1.1160668631701092,-0.8906796937772863,-1.1589234012492442,-0.7372374548558444,34.898
-0.48361772983790646,-0.33101162204416373,1.155252453741234,-0.904350718490808,-1.1884999855411302,-0.7318862198972992,34.89
-0.48361772983790646,-0.33101162204416373,1.1945947866746436,-0.9206465799493259,-1.2068981578008244,-0.7358996461162082,34.88
-0.48361772983790646,-0.33101162204416373,1.2333101501589152,-0.9328958180926412,-1.2252963300605186,-0.739913072335117,34.874
-0.48361772983790646,-0.33101162204416373,1.2726524830923245,-0.9442701106542911,-1.2436945023202128,-0.7439264985540259,34.868
-0.48361772983790646,-0.33101162204416373,1.311681331301165,-0.9554256668205249,-1.2620926745799068,-0.7479399247729348,34.862
-0.48361772983790646,-0.33101162204416373,1.3513371489591435,-0.9677842731615484,-1.274631751899698,-0.7479399247729348,34.854
-0.48361772983790646,-0.33101162204416373,1.3892688006319927,-0.9776274109552842,-1.2871708292194888,-0.7479399247729348,34.848
-0.48361772983790646,-0.33101162204416373,1.4284543912031176,-0.9903141218894322,-1.2997099065392794,-0.7479399247729348,34.839
-0.48361772983790646,-0.33101162204416373,1.467796724136527,-1.001469678055666,-1.3021307423994557,-0.7399130723351169,34.832
-0.48361772983790646,-0.33101162204416373,1.5072957994322211,-1.0122971296287748,-1.3045515782596318,-0.7318862198972992,34.826
-0.48361772983790646,-0.33101162204416373,1.5467948747279152,-1.0227964766087596,-1.3069724141198078,-0.7238593674594813,34.822
-0.48361772983790646,-0.33101162204416373,1.5858237229367558,-1.0329677189956197,-1.3093932499799836,-0.7158325150216636,34.818
-0.48361772983790646,-0.33101162204416373,1.6256362829570186,-1.0416078066145653,-1.3145207204939209,-0.7265349849387539,34.813
-0.48361772983790646,-0.33101162204416373,1.6645083888035745,-1.0492635804541375,-1.319648191007858,-0.7372374548558444,34.808
-0.48361772983790646,-0.33101162204416373,1.7030670099255618,-1.0569193542937094,-1.3247756615217952,-0.7479399247729348,34.804
-0.48361772983790646,-0.33101162204416373,1.7428795699458246,-1.0657781783080718,-1.3255881183119835,-0.726534984938754,34.799
-0.48361772983790646,-0.33101162204416373,1.7819084181546652,-1.0729964793568112,-1.3264005751021721,-0.705130045104573,34.795
-0.48361772983790646,-0.33101162204416373,1.8209372663635057,-1.0808709895917996,-1.3272130318923605,-0.6837251052703922,34.79
-0.48361772983790646,-0.33101162204416373,1.8601228569346309,-1.0873237132565816,-1.3279240633759635,-0.6997788101460279,34.787
-0.48361772983790646,-0.33101162204416373,1.900719128766316,-1.0942139097121968,-1.3286350948595662,-0.7158325150216636,34.783
-0.48361772983790646,-0.33101162204416373,1.919528212240456,-1.0966200100617765,-1.329346126343169,-0.7318862198972992,34.785
-1.3922414911274499,-0.14458179644210495,-1.2556018205566606,1.8904442057438502,-0.07951038649103606,-0.6435908430813032,34.436
-1.3922414911274499,-0.14458179644210495,-1.2545046240206692,1.892194096907181,1.1703253533610967,-0.555295466265307,34.425
-1.3922414911274499,-0.14458179644210495,-1.2524669733109706,1.892194096907181,1.1691233318670622,-0.5713491711409427,34.423
-1.3922414911274499,-0.14458179644210495,-1.2510562920504102,1.8920847287094729,1.16923383905698,-0.5432551876085803,34.424
-1.3922414911274499,-0.14458179644210495,-1.2496456107898497,1.8917566241163484,1.1693443462468975,-0.5151612040762179,34.425
-1.3922414911274499,-0.14458179644210495,-1.2477647024424356,1.8915378877209321,1.169454853436815,-0.48706722054385554,34.427
-1.3922414911274499,-0.14458179644210495,-1.2460405364573062,1.8920847287094729,1.1695653606267327,-0.4589732370114932,34.429
-1.3922414911274499,-0.14458179644210495,-1.2449433399213148,1.892194096907181,1.170942479739977,-0.4268658272602219,34.429
-1.3922414911274499,-0.14458179644210495,-1.2436894010230386,1.8927409378957218,1.1723195988532216,-0.3947584175089505,34.428
-1.3922414911274499,-0.14458179644210495,-1.2418084926756248,1.8928503060934303,1.1736967179664661,-0.3626510077576792,34.426
-1.3922414911274499,-0.14458179644210495,-1.2399275843282107,1.892959674291138,1.1750738370797105,-0.3305435980064079,34.427
-1.3922414911274499,-0.14458179644210495,-1.2316202391271323,1.8930690424888463,1.1828422111468717,-0.2703422047227742,34.427
-1.3922414911274499,-0.14458179644210495,-1.2145353216381218,1.888475578185103,1.1906105852140332,-0.2101408114391406,34.419
-1.3922414911274499,-0.14458179644210495,-1.2004285090325166,1.8576337464313981,1.1983789592811944,-0.149939418155507,34.862
-1.3922414911274499,-0.14458179644210495,-1.184284045717213,1.8239483415372808,1.2061473333483559,-0.08973802487187324,35.13
-1.3922414911274499,-0.14458179644210495,-1.167982840039625,1.7781230666975565,1.2140255750962339,-0.03087444032787591,35.187
-1.3922414911274499,-0.14458179644210495,-1.1537192850717357,1.748156180525517,1.221903816844112,0.027989144216121548,35.328
-1.3922414911274499,-0.14458179644210495,-1.137888306481001,1.704080796849123,1.22978205859199,0.08685272876011887,35.384
-1.3922414911274499,-0.14458179644210495,-1.1223708126148355,1.5995247998401094,1.223871544021372,0.2473897775164754,35.341
-1.3922414911274499,-0.14458179644210495,-1.1062263492995321,1.5071086727767031,1.2179610294507544,0.4079268262728318,35.559
-1.3922414911274499,-0.14458179644210495,-1.090238628346513,1.2850912314291114,1.2120505148801364,0.5684638750291884,35.378
-1.3922414911274499,-0.14458179644210495,-1.0758183310163392,1.0729169278752557,1.197267076609028,1.1183032670197093,35.301
-1.3922414911274499,-0.14458179644210495,-1.0596738677010356,0.9614707344106269,1.1824836383379205,1.6681426590102306,35.292
-1.3922414911274499,-0.14458179644210495,-1.0433726620234476,0.916629773350276,1.1677002000668122,2.2179820510007513,35.372
-1.3922414911274499,-0.14458179644210495,-1.0273849410704285,0.836353516232477,1.1529167617957041,2.767821442991272,35.405
-1.3922414911274499,-0.14458179644210495,-1.0117107048419787,0.7679983926648687,1.1201631469544222,3.0246807210014426,35.37
-1.3922414911274499,-0.14458179644210495,-0.9957229838889596,0.6755822656014621,1.0874095321131403,3.2815399990116134,35.322
-1.3922414911274499,-0.14458179644210495,-0.9803622323850786,0.5915874897615854,1.0546559172718584,3.538399277021784,35.278
-1.3922414911274499,-0.14458179644210495,-0.9653149656057667,0.5091238686896226,1.0395431317622805,3.4139830642356075,35.215
-1.3922414911274499,-0.14458179644210495,-0.9493272446527476,0.41441100947434467,1.0244303462527025,3.2895668514494307,35.154
-1.3922414911274499,-0.14458179644210495,-0.9229945277889517,0.30110555664867705,1.0093175607431246,3.165150638663255,35.168
-1.3922414911274499,-0.14458179644210495,-0.8828684830441197,0.21842319918129827,0.9942047752335468,3.0407344258770785,35.172
-1.3922414911274499,-0.14458179644210495,-0.8441531195598481,0.1571770084647212,0.9868093629323573,2.6554455088618227,35.216
-1.3922414911274499,-0.14458179644210495,-0.8052810137132922,0.09079051245586016,0.9794139506311682,2.2701565918465674,35.202
-1.3922414911274499,-0.14458179644210495,-0.7659386807798826,0.05841752593424076,0.9720185383299788,1.8848676748313118,35.193
-1.3922414911274499,-0.14458179644210495,-0.7267530902087576,0.040918614300933034,0.9707165935233013,1.8045991504531336,35.215
-1.3922414911274499,-0.14458179644210495,-0.6875674996376326,0.004936477254944171,0.9694146487166243,1.7243306260749551,35.221
-1.3922414911274499,-0.14458179644210495,-0.6469712278059472,-0.01956199903168665,0.9681127039099473,1.644062101696777,35.249
-1.3922414911274499,-0.14458179644210495,-0.6084126066839601,-0.059153286602045364,0.9668107591032699,1.5637935773185985,35.246
-1.3922414911274499,-0.14458179644210495,-0.5698539855619731,-0.09983825614948579,0.9691577152366709,1.478173817981875,35.235
-1.3922414911274499,-0.14458179644210495,-0.5305116526285636,-0.1243367324361166,0.9715046713700723,1.3925540586451517,35.24
-1.3922414911274499,-0.14458179644210495,-0.49085583497058505,-0.14074196209234263,0.9738516275034734,1.3069342993084283,35.244
-1.3922414911274499,-0.14458179644210495,-0.45151350203717555,-0.15408488221273975,0.9666349260484791,1.1704778078655254,35.257
-1.3922414911274499,-0.14458179644210495,-0.41248465382833505,-0.16764653872855328,0.9594182245934849,1.0340213164226224,35.27
-1.3922414911274499,-0.14458179644210495,-0.37314232089492555,-0.18262998181457288,0.9522015231384903,0.8975648249797193,35.275
-1.3922414911274499,-0.14458179644210495,-0.33411347268608504,-0.19367616978309846,0.9449848216834961,0.7611083335368163,35.288
-1.3922414911274499,-0.14458179644210495,-0.29492788211496007,-0.21686222769723115,0.9354129890358153,0.7771620384124519,35.277
-1.3922414911274499,-0.14458179644210495,-0.25605577626840414,-0.24201691317011104,0.9258411563881349,0.7932157432880875,35.267
-1.3922414911274499,-0.14458179644210495,-0.21749715514641707,-0.2539380467203019,0.9162693237404541,0.8092694481637231,35.282
-1.3922414911274499,-0.14458179644210495,-0.17752785276386956,-0.26914022620173794,0.8888173361011148,0.724987497566636,35.283
-1.3922414911274499,-0.14458179644210495,-0.1377152927436066,-0.2801864141702635,0.8613653484617754,0.6407055469695488,35.288
-1.3922414911274499,-0.14458179644210495,-0.0993134139839041,-0.28740471521900285,0.8339133608224361,0.5564235963724615,35.309
-1.3922414911274499,-0.14458179644210495,-0.06044130813734799,-0.3080753045858476,0.8064613731830966,0.4721416457753745,35.296
-1.3922414911274499,-0.14458179644210495,-0.021098975203938455,-0.3295114713366495,0.7671061048607978,0.27414595230920147,35.277
-1.3922414911274499,-0.14458179644210495,0.01824335772947091,-0.343619968841004,0.7277508365384988,0.0761502588430285,35.268
-1.3922414911274499,-0.14458179644210495,0.057742433025164984,-0.3599158302995217,0.6883955682161998,-0.12184543462314447,35.262
-1.3922414911274499,-0.14458179644210495,0.09692802359628999,-0.3696495998955492,0.6441031929364782,-0.16197969681223362,35.277
-1.3922414911274499,-0.14458179644210495,0.13642709889198407,-0.3901014528669775,0.5998108176567566,-0.20211395900132278,35.272
-1.3922414911274499,-0.14458179644210495,0.17545594710082454,-0.40508489595299724,0.555518442377035,-0.2422482211904118,35.272
-1.3922414911274499,-0.14458179644210495,0.21542524948337202,-0.432098840786916,0.5112260670973133,-0.282382483379501,35.259
-1.3922414911274499,-0.14458179644210495,0.25335690115622095,-0.4563785806781304,0.36479602527446214,-0.3091386581722271,35.239
-1.3922414911274499,-0.14458179644210495,0.291915522278208,-0.47879906120830595,0.21836598345161132,-0.33589483296495315,35.217
-1.3922414911274499,-0.14458179644210495,0.33110111284933297,-0.49990712336598353,0.07193594162876027,-0.3626510077576792,35.202
-1.3922414911274499,-0.14458179644210495,0.37075693050731157,-0.5186090851740811,-0.09427171628955955,-0.40278526994676833,35.186
-1.3922414911274499,-0.14458179644210495,0.41025600580300564,-0.5396077791340503,-0.2604793742078792,-0.4429195321358575,35.165
-1.3922414911274499,-0.14458179644210495,0.4497550810986994,-0.5647624646069301,-0.426687032126199,-0.48305379432494666,35.143
-1.3922414911274499,-0.14458179644210495,0.48878392930754005,-0.5921045140339735,-0.5928946900445188,-0.5231880565140358,35.113
-1.3922414911274499,-0.14458179644210495,0.5274992927918116,-0.6193371952633087,-0.6549479944838759,-0.5606467012238523,35.086
-1.3922414911274499,-0.14458179644210495,0.5663713986383675,-0.6433981987591068,-0.7170012989232328,-0.5981053459336687,35.065
-1.3922414911274499,-0.14458179644210495,0.6057137315717769,-0.6617720559740798,-0.7790546033625898,-0.6355639906434852,35.054
-1.3922414911274499,-0.14458179644210495,0.6461532610411782,-0.6857236912721697,-0.8059630273664298,-0.647604269300212,35.032
-1.3922414911274499,-0.14458179644210495,0.684398397438596,-0.7009258707536058,-0.8328714513702696,-0.6596445479569387,35.02
-1.3922414911274499,-0.14458179644210495,0.723270503285152,-0.7139406862808784,-0.8597798753741097,-0.6716848266136655,35.01
-1.3922414911274499,-0.14458179644210495,0.7629263209431307,-0.7348300120431396,-0.8866882993779498,-0.6837251052703922,34.991
-1.3922414911274499,-0.14458179644210495,0.8024253962388245,-0.7486104049543694,-0.8957888180079527,-0.6837251052703922,34.984
-1.3922414911274499,-0.14458179644210495,0.841140759723096,-0.7617345886793501,-0.9048893366379556,-0.6837251052703922,34.977
-1.3922414911274499,-0.14458179644210495,0.8804830926565057,-0.7832801236278603,-0.9139898552679585,-0.6837251052703922,34.96
-1.3922414911274499,-0.14458179644210495,0.9202956526767685,-0.8030757674130397,-0.9371774005053087,-0.6877385314893012,34.948
-1.3922414911274499,-0.14458179644210495,0.9588542737987558,-0.8193716288715575,-0.960364945742659,-0.69175195770821,34.94
-1.3922414911274499,-0.14458179644210495,0.9977263796453116,-0.8354487539346589,-0.9835524909800093,-0.695765383927119,34.933
-1.3922414911274499,-0.14458179644210495,1.0375389396655745,-0.853275770161091,-1.0067400362173595,-0.6997788101460279,34.922
-1.3922414911274499,-0.14458179644210495,1.0767245302366995,-0.8678217404562781,-1.0189407973953075,-0.7158325150216636,34.916
-1.3922414911274499,-0.14458179644210495,1.1168505749815316,-0.8795241376110525,-1.0311415585732557,-0.7318862198972992,34.912
-1.3922414911274499,-0.14458179644210495,1.154625484292096,-0.8911171665681191,-1.0433423197512035,-0.7479399247729348,34.904
-1.3922414911274499,-0.14458179644210495,1.1938110748632211,-0.9076317644220533,-1.0606017042273854,-0.7479399247729348,34.891
-1.3922414911274499,-0.14458179644210495,1.232996665434346,-0.9240369940782791,-1.0778610887035673,-0.7479399247729348,34.883
-1.3922414911274499,-0.14458179644210495,1.272182256005471,-0.9345363410582637,-1.0951204731797493,-0.7479399247729348,34.877
-1.3922414911274499,-0.14458179644210495,1.3115245889388807,-0.9445982152474157,-1.1123798576559314,-0.7479399247729348,34.872
-1.3922414911274499,-0.14458179644210495,1.3503966947854367,-0.9547694576342758,-1.133675710162464,-0.7425886898143896,34.866
-1.3922414911274499,-0.14458179644210495,1.389739027718846,-0.969424796127171,-1.1549715626689963,-0.7372374548558444,34.858
-1.3922414911274499,-0.14458179644210495,1.42923810301454,-0.9789398293277821,-1.1762674151755288,-0.7318862198972992,34.852
-1.3922414911274499,-0.14458179644210495,1.468110208861096,-0.9873611805513114,-1.193396801287198,-0.7372374548558444,34.847
-1.3922414911274499,-0.14458179644210495,1.5074525417945057,-0.9966574773565062,-1.2105261873988673,-0.7425886898143896,34.841
-1.3922414911274499,-0.14458179644210495,1.5472651018147685,-1.0087973473021135,-1.2276555735105366,-0.7479399247729348,34.832
-1.3922414911274499,-0.14458179644210495,1.5861372076613245,-1.0179842759096,-1.2395828837517204,-0.7479399247729348,34.827
-1.3922414911274499,-0.14458179644210495,1.6246958287833118,-1.0264056271331292,-1.2515101939929043,-0.7479399247729348,34.821
-1.3922414911274499,-0.14458179644210495,1.663724676992152,-1.0358112921360323,-1.2634375042340882,-0.7479399247729348,34.817
-1.3922414911274499,-0.14458179644210495,1.7030670099255618,-1.0456544299297679,-1.275364814475272,-0.7479399247729348,34.811
-1.3922414911274499,-0.14458179644210495,1.742409342858971,-1.053966412955589,-1.284128077482857,-0.7439264985540259,34.807
-1.3922414911274499,-0.14458179644210495,1.781594933430096,-1.0622783959814102,-1.2928913404904419,-0.739913072335117,34.801
-1.3922414911274499,-0.14458179644210495,1.8207805240012211,-1.0700435380186903,-1.301654603498027,-0.7358996461162082,34.796
-1.3922414911274499,-0.14458179644210495,1.8602795992969152,-1.0761681570903483,-1.3104178665056117,-0.7318862198972992,34.793
-1.3922414911274499,-0.14458179644210495,1.900405644041747,-1.0832770899413795,-0.6911833314752915,-0.6556311217380298,34.789
-1.3922414911274499,-0.14458179644210495,1.9261113914564052,-1.0864487676749164,-0.07194879644497126,-0.5793760235787605,34.788
-1.9601313419334208,0.13506294196100974,-1.2552883358320917,1.9613147978587464,0.5472857385853489,-0.503120925419491,33.972
-1.9601313419334208,0.13506294196100974,-1.2543478816583846,1.9617522706495791,1.166520273615669,-0.4268658272602218,33.972
-1.9601313419334208,0.13506294196100974,-1.252310230948686,1.9617522706495791,1.1660486995309165,-0.41081212238458614,33.971
-1.9601313419334208,0.13506294196100974,-1.2508995496881257,1.961642902451871,1.1655771254461635,-0.3947584175089505,33.972
-1.9601313419334208,0.13506294196100974,-1.2496456107898497,1.9618616388472876,1.1652281452752256,-0.39877184372785945,33.973
-1.9601313419334208,0.13506294196100974,-1.2482349295292892,1.9619710070449954,1.1648791651042878,-0.40278526994676833,33.974
-1.9601313419334208,0.13506294196100974,-1.2468242482687286,1.9622991116381199,1.1645301849333503,-0.4067986961656773,33.975
-1.9601313419334208,0.13506294196100974,-1.2449433399213148,1.9619710070449954,1.1641812047624123,-0.4108121223845862,33.974
-1.9601313419334208,0.13506294196100974,-1.2427489468493318,1.962189743440412,1.165526124587391,-0.4108121223845862,33.974
-1.9601313419334208,0.13506294196100974,-1.241338265588771,1.9617522706495791,1.1668710444123693,-0.4108121223845862,33.976
-1.9601313419334208,0.13506294196100974,-1.2397708419659261,1.9612054296610384,1.168215964237348,-0.4108121223845862,33.979
-1.9601313419334208,0.13506294196100974,-1.2319337238517012,1.928723074941711,1.1695608840623264,-0.4108121223845862,34.016
-1.9601313419334208,0.13506294196100974,-1.2159460028986822,1.7940908235629496,1.1753558606373127,-0.3787047126333149,34.184
-1.9601313419334208,0.13506294196100974,-1.2002717666702323,1.7629208872161202,1.1811508372122992,-0.3465973028820436,34.267
-1.9601313419334208,0.13506294196100974,-1.184284045717213,1.724860754413676,1.1869458137872855,-0.31448989313077236,34.384
-1.9601313419334208,0.13506294196100974,-1.1690800365756167,1.704080796849123,1.199146018592229,-0.19408710656350497,34.439
-1.9601313419334208,0.13506294196100974,-1.1535625427094511,1.6975187049866327,1.211346223397172,-0.07368431999623763,34.509
-1.9601313419334208,0.13506294196100974,-1.1382017912055702,1.6892067219608116,1.223546428202115,0.04671846657102985,34.624
-1.9601313419334208,0.13506294196100974,-1.1220573278902668,1.6877849353906054,1.2357466330070583,0.1671212531382972,34.706
-1.9601313419334208,0.13506294196100974,-1.1055993798503942,1.6930346088805976,1.2304220367663163,1.1678021903862525,34.831
-1.9601313419334208,0.13506294196100974,-1.0899251436219441,1.7009091191155858,1.225097440525574,2.1684831276342083,35.068
-1.9601313419334208,0.13506294196100974,-1.0742509073934943,1.6825352619006129,1.219772844284832,3.169164064882164,35.588
-1.9601313419334208,0.13506294196100974,-0.726282863121904,0.007233209406815701,0.9938646842405017,3.345754818514156,35.268
-1.9601313419334208,0.13506294196100974,-0.6864703031016411,-0.07118378834994454,0.9821760228453681,2.944412196623265,35.163
-1.9601313419334208,0.13506294196100974,-0.6474414548928006,-0.12236810487736961,0.9704873614502344,2.5430695747323733,35.103
-1.9601313419334208,0.13506294196100974,-0.6082558643216756,-0.14413237622129607,0.9587987000551011,2.141726952841482,35.098
-1.9601313419334208,0.13506294196100974,-0.569540500837404,-0.15999076488898112,0.9471100386599675,1.740384330950591,35.121
-1.9601313419334208,0.13506294196100974,-0.5309818797154171,-0.16600601576293061,0.933883624098807,1.515632462691692,35.167
-1.9601313419334208,0.13506294196100974,-0.4910125773328696,-0.20176941641350327,0.9206572095376468,1.2908805944327923,35.148
-1.9601313419334208,0.13506294196100974,-0.45229721384859806,-0.21806527787202118,0.9074307949764864,1.0661287261738934,35.153
-1.9601313419334208,0.13506294196100974,-0.4126413961906196,-0.23392366653970623,0.9022789408293975,0.9376990871688082,35.158
-1.9601313419334208,0.13506294196100974,-0.37314232089492555,-0.2448604863105235,0.8971270866823088,0.8092694481637231,35.179
-1.9601313419334208,0.13506294196100974,-0.33442695741065415,-0.254594255906551,0.8919752325352195,0.680839809158638,35.202
-1.9601313419334208,0.13506294196100974,-0.295554851564098,-0.25229752375467923,0.8868233783881307,0.5524101701535528,35.262
-1.9601313419334208,0.13506294196100974,-0.25605577626840414,-0.23873586723886592,0.885176770097622,0.5310052303193719,35.331
-1.9601313419334208,0.13506294196100974,-0.21687018569727912,-0.2630156071300803,0.8835301618071129,0.5096002904851911,35.315
-1.9601313419334208,0.13506294196100974,-0.17768459512615412,-0.28193630533359426,0.8818835535166041,0.4881953506510101,35.307
-1.9601313419334208,0.13506294196100974,-0.13818551983046004,-0.3101533003423029,0.8659726285488278,0.39588654761610514,35.285
-1.9601313419334208,0.13506294196100974,-0.09915667162161956,-0.3301676805228986,0.8500617035810513,0.3035777445812002,35.272
-1.9601313419334208,0.13506294196100974,-0.0601278234127791,-0.3447136508180857,0.8341507786132747,0.2112689415462952,35.27
-1.9601313419334208,0.13506294196100974,-0.021098975203938455,-0.36330624442847514,0.8182398536454986,0.11896013851139023,35.269
-1.9601313419334208,0.13506294196100974,0.01824335772947091,-0.3768679009442887,0.7039409710417083,-0.009469500493694927,35.276
-1.9601313419334208,0.13506294196100974,0.05805591774973405,-0.4006007998469621,0.589642088437918,-0.13789913949878022,35.256
-1.9601313419334208,0.13506294196100974,0.09630105414715202,-0.4062879461277873,0.4753432058341277,-0.2663287785038654,35.264
-1.9601313419334208,0.13506294196100974,0.136113614167415,-0.4131781425834021,0.4681221876920269,-0.31047646691186337,35.27
-1.9601313419334208,0.13506294196100974,0.17498572001397092,-0.43133326340295886,0.4609011695499265,-0.3546241553198614,35.256
-1.9601313419334208,0.13506294196100974,0.21401456822281156,-0.4530975347468853,0.4536801514078261,-0.3987718437278595,35.24
-1.9601313419334208,0.13506294196100974,0.253043416431652,-0.4720182329503993,0.4464591332657253,-0.4429195321358575,35.228
-1.9601313419334208,0.13506294196100974,0.2925424917273459,-0.49695418202786273,0.3497751734759103,-0.4268658272602218,35.206
-1.9601313419334208,0.13506294196100974,0.3321983093853246,-0.5236400222686571,0.25309121368609505,-0.4108121223845862,35.184
-1.9601313419334208,0.13506294196100974,0.37154064231873407,-0.5496696533232023,0.1564072538962799,-0.3947584175089505,35.159
-1.9601313419334208,0.13506294196100974,0.41056949052757435,-0.5818239034494053,0.015835022559102217,-0.4108121223845862,35.125
-1.9601313419334208,0.13506294196100974,0.44944159637413067,-0.6087284800856158,-0.12473720877807547,-0.4268658272602219,35.099
-1.9601313419334208,0.13506294196100974,0.48847044458297095,-0.6338831655584957,-0.26530944011525315,-0.4429195321358575,35.073
-1.9601313419334208,0.13506294196100974,0.5278127775163807,-0.6563036460886712,-0.40588167145243087,-0.4589732370114932,35.05
-1.9601313419334208,0.13506294196100974,0.566841625725221,-0.6738025577219788,-0.538362465727725,-0.4857294118042192,35.035
-1.9601313419334208,0.13506294196100974,0.6061839586586307,-0.6890047372034149,-0.6708432600030192,-0.5124855865969453,35.027
-1.9601313419334208,0.13506294196100974,0.6461532610411782,-0.7012539753467304,-0.8033240542783134,-0.5392417613896714,35.023
-1.9601313419334208,0.13506294196100974,0.6845551398008807,-0.7184247823869135,-0.822432633967215,-0.5593088924842159,35.01
-1.9601313419334208,0.13506294196100974,0.7234272456474367,-0.7349393802408477,-0.8415412136561169,-0.5793760235787605,34.998
-1.9601313419334208,0.13506294196100974,0.7629263209431307,-0.7490478777452021,-0.8606497933450187,-0.599443154673305,34.987
-1.9601313419334208,0.13506294196100974,0.8024253962388245,-0.7643594254243463,-0.8797583730339203,-0.6195102857678496,34.975
-1.9601313419334208,0.13506294196100974,0.8419244715345185,-0.7796709731034905,-0.8635907021755564,-0.6355639906434852,34.961
-1.9601313419334208,0.13506294196100974,0.8811100621056435,-0.7822958098484867,-0.8474230313171925,-0.651617695519121,34.975
-1.9601313419334208,0.13506294196100974,0.919511940865346,-0.7972792529345064,-0.8312553604588285,-0.6676714003947566,34.969
-1.9601313419334208,0.13506294196100974,0.9582273043496176,-0.8134657461953161,-0.8639439915726597,-0.6797116790514833,34.956
-1.9601313419334208,0.13506294196100974,0.997883122007596,-0.8328239171896628,-0.896632622686491,-0.69175195770821,34.941
-1.9601313419334208,0.13506294196100974,1.0373821973032902,-0.849447883241305,-0.9293212538003223,-0.7037922363649368,34.928
-1.9601313419334208,0.13506294196100974,1.0764110455121307,-0.8684779496425272,-0.9620098849141536,-0.7158325150216636,34.914
-1.9601313419334208,0.13506294196100974,1.116693832619247,-0.8810552923789671,-0.9802659114386485,-0.7211837499802086,34.909
-1.9601313419334208,0.13506294196100974,1.1549389690166652,-0.8926483213360334,-0.9985219379631435,-0.726534984938754,34.903
-1.9601313419334208,0.13506294196100974,1.1936543325009368,-0.9070849234335123,-1.0167779644876385,-0.7318862198972992,34.895
-1.9601313419334208,0.13506294196100974,1.2325264383474925,-0.9221777347172402,-1.0334050534266943,-0.739913072335117,34.886
-1.9601313419334208,0.13506294196100974,1.272182256005471,-0.9373799141986762,-1.0500321423657504,-0.7479399247729348,34.876
-1.9601313419334208,0.13506294196100974,1.3112111042143118,-0.9496291523419917,-1.0666592313048064,-0.7559667772107527,34.868
-1.9601313419334208,0.13506294196100974,1.350553437147721,-0.9603472357173927,-1.0832863202438623,-0.7639936296485705,34.863
-1.9601313419334208,0.13506294196100974,1.3905227395302686,-0.9720496328721672,-1.1114517294258581,-0.7586423946900253,34.856
-1.9601313419334208,0.13506294196100974,1.4290813606522557,-0.9832051890384008,-1.1396171386078537,-0.75329115973148,34.85
-1.9601313419334208,0.13506294196100974,1.467796724136527,-0.9916265402619302,-1.1677825477898494,-0.7479399247729348,34.846
-1.9601313419334208,0.13506294196100974,1.50760928415679,-1.0004853642762923,-1.1796328259502376,-0.7479399247729348,34.841
-1.9601313419334208,0.13506294196100974,1.5471083594524841,-1.0118596568379423,-1.1914831041106255,-0.7479399247729348,34.835
-1.9601313419334208,0.13506294196100974,1.5859804652990401,-1.0225777402133434,-1.2033333822710135,-0.7479399247729348,34.828
-1.9601313419334208,0.13506294196100974,1.6246958287833118,-1.030014777657499,-1.2151836604314015,-0.7479399247729348,34.823
-1.9601313419334208,0.13506294196100974,1.664038161716721,-1.0369049741131138,-1.2355441070931543,-0.7425886898143896,34.819
-1.9601313419334208,0.13506294196100974,1.7033804946501307,-1.0470762164999738,-1.2559045537549072,-0.7372374548558444,34.811
-1.9601313419334208,0.13506294196100974,1.7427228275835402,-1.0575755634799586,-1.27626500041666,-0.7318862198972992,34.805
-1.9601313419334208,0.13506294196100974,1.7831623570529411,-1.0657781783080718,-0.7875376571001753,-0.7062002920962822,34.801
-1.9601313419334208,0.13506294196100974,1.8206237816389368,-1.0727777429613947,-0.29881031378369055,-0.6805143642952652,34.798
-1.9601313419334208,0.13506294196100974,1.8562042978775184,-1.0763868934857643,0.18991702953279424,-0.654828436494248,34.796
-0.5971956999991055,0.4457793179644675,-1.2556018205566606,1.9974063031024438,0.6786443728492788,-0.629142508693231,34.316
-0.5971956999991055,0.4457793179644675,-1.2541911392961003,1.9814385462370503,1.1673717161657635,-0.603456580892214,34.311
-0.5971956999991055,0.4457793179644675,-1.252310230948686,1.9427222042483572,1.1674105983251792,-0.5874028760165784,34.502
-0.5971956999991055,0.4457793179644675,-1.2508995496881257,1.9340821166294113,1.1681062884093918,-0.5593088924842159,34.547
-0.5971956999991055,0.4457793179644675,-1.2494888684275651,1.9317853844775397,1.168801978493604,-0.5312149089518535,34.559
-0.5971956999991055,0.4457793179644675,-1.2480781871670046,1.9309104388958744,1.1694976685778162,-0.5031209254194912,34.566
-0.5971956999991055,0.4457793179644675,-1.2465107635441597,1.930144861511917,1.1701933586620288,-0.4750269418871288,34.568
-0.5971956999991055,0.4457793179644675,-1.2449433399213148,1.92937928412796,1.1759496449303597,-0.22619451631477622,34.57
-0.5971956999991055,0.4457793179644675,-1.2435326586607542,1.9291605477325433,1.1817059311986908,0.022637909257576302,34.571
-0.5971956999991055,0.4457793179644675,-1.2419652350379091,1.9283949703485865,1.1874622174670222,0.27147033482992894,34.571
-0.5971956999991055,0.4457793179644675,-1.2403978114150642,1.9281762339531703,1.1932185037353533,0.5203027604022815,34.573
-0.5971956999991055,0.4457793179644675,-1.2317769814894168,1.925551397208174,1.196241378460172,0.38652188643865104,34.577
-0.5971956999991055,0.4457793179644675,-1.216259487623251,1.9196455145319324,1.1992642531849904,0.25274101247502073,34.579
-0.5971956999991055,0.4457793179644675,-1.200585251394801,1.9102398495290296,1.202287127909809,0.11896013851139023,34.686
-0.5971956999991055,0.4457793179644675,-1.1845975304417822,1.8501967089872426,1.1757493186731738,0.6567592518451847,34.934
-0.5971956999991055,0.4457793179644675,-1.1684530671264786,1.7938720871675333,1.1492115094365387,1.1945583651789786,35.14
-0.5971956999991055,0.4457793179644675,-1.15387602743402,1.7357975741844935,1.1226737001999032,1.732357478512773,35.326
-0.5971956999991055,0.4457793179644675,-1.1372613370318632,1.684941362250193,1.096135890963268,2.2701565918465674,35.45
-0.5971956999991055,0.4457793179644675,-1.1212736160788441,1.6137426655421723,1.0564600579955252,2.6875529186130946,35.516
-0.5971956999991055,0.4457793179644675,-1.1073235458355235,1.5366380861579099,1.016784225027782,3.104949245379621,35.806
-0.5971956999991055,0.4457793179644675,-1.0910223401579355,1.3604459196500427,0.9771083920600394,3.522345572146148,35.734
-0.5971956999991055,0.4457793179644675,-1.0747211344803476,1.2153143212912971,0.9612539357547036,3.0246807210014426,35.609
-0.5971956999991055,0.4457793179644675,-1.0584199288027596,1.0478716106000836,0.9453994794493675,2.5270158698567373,35.561
-0.5971956999991055,0.4457793179644675,-1.0439996314725857,0.9643143075510394,0.9295450231440314,2.0293510187120325,35.625
-0.5971956999991055,0.4457793179644675,-1.027855168157282,0.8898345649117734,0.9136905668386958,1.5316861675673275,35.596
-0.5971956999991055,0.4457793179644675,-1.011867447204263,0.7806851035990168,0.900655408162555,1.515632462691692,35.517
-0.5971956999991055,0.4457793179644675,-0.996820180424951,0.6595051405383607,0.8876202494864138,1.4995787578160562,35.395
-0.5971956999991055,0.4457793179644675,-0.981145944196501,0.5754009965007754,0.8745850908102731,1.4835250529404207,35.344
-0.5971956999991055,0.4457793179644675,-0.9650014808811976,0.4906406432769413,0.8613584737378659,1.4634579218458759,35.333
-0.5971956999991055,0.4457793179644675,-0.9490137599281786,0.43114434372369503,0.8481318566654585,1.4433907907513317,35.311
-0.5971956999991055,0.4457793179644675,-0.9217405888906756,0.32276045979489537,0.834905239593051,1.4233236596567873,35.217
-0.5971956999991055,0.4457793179644675,-0.8831819677686885,0.21076742534172613,0.8216786225206437,1.4032565285622425,35.277
-0.5971956999991055,0.4457793179644675,-0.8441531195598481,0.09450903117793794,0.809046312007131,1.248070714764431,35.203
-0.5971956999991055,0.4457793179644675,-0.8048107866264386,0.0567770029686181,0.7964140014936179,1.0928849009666195,35.261
-0.5971956999991055,0.4457793179644675,-0.7660954231421672,0.01270161929222444,0.7837816909801052,0.9376990871688082,35.272
-0.5971956999991055,0.4457793179644675,-0.7259693783973351,-0.03399860112916548,0.7906585572457347,1.07816900483062,35.23
-0.5971956999991055,0.4457793179644675,-0.6869405301884947,-0.08354239469096807,0.7975354235113643,1.218638922492432,35.157
-0.5971956999991055,0.4457793179644675,-0.647598197255085,-0.11329054446759121,0.804412289776994,1.3591088401542444,35.137
-0.5971956999991055,0.4457793179644675,-0.6080991219593911,-0.13877333453359544,0.8112891560426235,1.4995787578160562,35.14
-0.5971956999991055,0.4457793179644675,-0.569540500837404,-0.1515694136654518,0.8229387967180148,1.050075021298258,35.161
-0.5971956999991055,0.4457793179644675,-0.5306683949908481,-0.15791276913252583,0.8345884373934058,0.6005712847804596,35.194
-0.5971956999991055,0.4457793179644675,-0.49163954678200755,-0.1667715931468878,0.8462380780687971,0.15106754826266158,35.214
-0.5971956999991055,0.4457793179644675,-0.4518269867617446,-0.1859110277458182,0.8540041499028352,0.131000417168117,35.223
-0.5971956999991055,0.4457793179644675,-0.41248465382833505,-0.20351930757683404,0.8617702217368729,0.11093328607357242,35.231
-0.5971956999991055,0.4457793179644675,-0.37220186672121847,-0.19094196484039408,0.869536293570911,0.09086615497902785,35.314
-0.5971956999991055,0.4457793179644675,-0.33411347268608504,-0.2000195252501725,0.8773023654049491,0.07079902388448327,35.336
-0.5971956999991055,0.4457793179644675,-0.2947711397526755,-0.22572105171159312,0.8783844576068396,0.05474531900884765,35.329
-0.5971956999991055,0.4457793179644675,-0.2555855491815505,-0.24682911386927073,0.8794665498087296,0.03869161413321191,35.322
-0.5971956999991055,0.4457793179644675,-0.21702692805956347,-0.2689214898063217,0.88054864201062,0.022637909257576302,35.306
-0.5971956999991055,0.4457793179644675,-0.17768459512615412,-0.2983415349898203,0.8754325684033221,-0.017496352931512856,35.272
-0.5971956999991055,0.4457793179644675,-0.13818551983046004,-0.32983957592977403,0.870316494796024,-0.05763061512060202,35.243
-0.5971956999991055,0.4457793179644675,-0.09899992925933504,-0.3489790105287044,0.8652004211887261,-0.09776487730969105,35.233
-0.5971956999991055,0.4457793179644675,-0.0601278234127791,-0.3578378345430664,0.860084347581428,-0.13789913949878022,35.249
-0.5971956999991055,0.4457793179644675,-0.020942232841654095,-0.3700870726863818,0.8465583016426669,-0.20746519395986804,35.259
-0.5971956999991055,0.4457793179644675,0.019967523714600442,-0.3792740012938683,0.833032255703906,-0.27703124842095583,35.281
-0.5971956999991055,0.4457793179644675,0.05805591774973405,-0.39589796734551075,0.8195062097651449,-0.3465973028820436,35.274
-0.5971956999991055,0.4457793179644675,0.09724150832085905,-0.41809971148026986,0.8101290863521687,-0.3546241553198614,35.265
-0.5971956999991055,0.4457793179644675,0.13627035652969952,-0.4325363135777487,0.8007519629391923,-0.3626510077576793,35.257
-0.5971956999991055,0.4457793179644675,0.17482897765168656,-0.45003522521105643,0.7913748395262162,-0.3706778601954971,35.243
-0.5971956999991055,0.4457793179644675,0.214484795309665,-0.47890842940601425,0.7819977161132401,-0.3787047126333149,35.218
-0.5971956999991055,0.4457793179644675,0.25335690115622095,-0.49782912760952824,0.7315157977400562,-0.4161633573431314,35.207
-0.5971956999991055,0.4457793179644675,0.29238574936506156,-0.5265929636067777,0.6810338793668718,-0.45362200205294795,35.181
-0.5971956999991055,0.4457793179644675,0.3318848246607555,-0.5517476490796576,0.6305519609936877,-0.4910806467627645,35.156
-0.5971956999991055,0.4457793179644675,0.371227157594165,-0.5758086525754557,0.44166032017300005,-0.5071343516384,35.133
-0.5971956999991055,0.4457793179644675,0.41041274816529,-0.5992134468850048,0.2527686793523123,-0.5231880565140358,35.109
-0.5971956999991055,0.4457793179644675,0.449284854011846,-0.6203215090426821,0.06387703853162459,-0.5392417613896714,35.088
-0.5971956999991055,0.4457793179644675,0.48847044458297095,-0.6343206383493283,-0.12501460228906314,-0.555295466265307,35.078
-0.5971956999991055,0.4457793179644675,0.5273425504295269,-0.654335018529924,-0.32791895555040623,-0.5927541109751235,35.063
-0.5971956999991055,0.4457793179644675,0.5665281410006519,-0.6760992898738505,-0.5308233088117493,-0.6302127556849401,35.042
-0.5971956999991055,0.4457793179644675,0.6063407010209151,-0.6963324064498626,-0.7337276620730924,-0.6676714003947566,35.026
-0.5971956999991055,0.4457793179644675,0.6458397763166092,-0.7100034311633842,-0.7779845605798934,-0.6596445479569387,35.019
-0.5971956999991055,0.4457793179644675,0.6848686245254494,-0.7236744558769058,-0.8222414590866944,-0.651617695519121,35.009
-0.5971956999991055,0.4457793179644675,0.7245244421834282,-0.7434700996620852,-0.8664983575934955,-0.6435908430813032,34.995
-0.5971956999991055,0.4457793179644675,0.7624560938562769,-0.7593284883297703,-0.9107552561002966,-0.6355639906434852,34.982
-0.5971956999991055,0.4457793179644675,0.8014849420651176,-0.7778117137424516,-0.9015646988381997,-0.651617695519121,34.967
-0.5971956999991055,0.4457793179644675,0.8408272749985269,-0.7961855709574247,-0.8923741415761032,-0.6676714003947566,34.951
-0.5971956999991055,0.4457793179644675,0.880012865569652,-0.7993572486909617,-0.8831835843140065,-0.6837251052703922,34.959
-0.5971956999991055,0.4457793179644675,0.919511940865346,-0.8085441772984483,-0.9049713750099461,-0.6877385314893012,34.96
-0.5971956999991055,0.4457793179644675,0.9585407890741866,-0.8242931977684252,-0.9267591657058855,-0.69175195770821,34.947
-0.5971956999991055,0.4457793179644675,0.9977263796453116,-0.845619996321519,-0.9485469564018252,-0.695765383927119,34.931
-0.5971956999991055,0.4457793179644675,1.0375389396655745,-0.8594003892327488,-0.9703347470977648,-0.6997788101460279,34.921
-0.5971956999991055,0.4457793179644675,1.076567787874415,-0.8703372090035661,-0.997404647174835,-0.705130045104573,34.917
-0.5971956999991055,0.4457793179644675,1.115126408996402,-0.8860862294735432,-1.0244745472519052,-0.7104812800631183,34.908
-0.5971956999991055,0.4457793179644675,1.1544687419298116,-0.9051162958747653,-1.0515444473289757,-0.7158325150216636,34.896
-0.5971956999991055,0.4457793179644675,1.1939678172255057,-0.9149594336685009,-1.0644645860119377,-0.7198459412405726,34.89
-0.5971956999991055,0.4457793179644675,1.2337803772457685,-0.9273180400095243,-1.0773847246949,-0.7238593674594813,34.884
-0.5971956999991055,0.4457793179644675,1.2724957407300401,-0.9412078011184623,-1.090304863377862,-0.7278727936783902,34.877
-0.5971956999991055,0.4457793179644675,1.311367846576596,-0.9514884117030307,-1.1032250020608243,-0.7318862198972992,34.87
-0.5971956999991055,0.4457793179644675,1.3503966947854367,-0.9661437501959259,-1.1317068617124046,-0.7318862198972992,34.861
-0.5971956999991055,0.4457793179644675,1.3898957700811307,-0.9775180427575758,-1.1601887213639852,-0.7318862198972992,34.854
-0.5971956999991055,0.4457793179644675,1.4295515877391092,-0.988345494330685,-1.1886705810155656,-0.7318862198972992,34.845
-0.5971956999991055,0.4457793179644675,1.4688939206725187,-1.0031102010212885,-1.212073626784421,-0.7358996461162082,34.833
-0.5971956999991055,0.4457793179644675,1.5079227688813592,-1.0127346024196076,-1.2354766725532762,-0.739913072335117,34.828
-0.5971956999991055,0.4457793179644675,1.5471083594524841,-1.0211559536431372,-1.2588797183221314,-0.7439264985540259,34.823
-0.5971956999991055,0.4457793179644675,1.585666980574471,-1.0290304638781254,-1.2822827640909866,-0.7479399247729348,34.82
-0.5971956999991055,0.4457793179644675,1.6246958287833118,-1.0392017062649856,-1.2940811622806205,-0.75329115973148,34.815
-0.5971956999991055,0.4457793179644675,1.6654488429772818,-1.0442326433595615,-1.3058795604702542,-0.7586423946900253,34.815
-0.5971956999991055,0.4457793179644675,1.7033804946501307,-1.0530914673739236,-1.3176779586598881,-0.7639936296485705,34.809
-0.5971956999991055,0.4457793179644675,1.742409342858971,-1.0600910320272467,-1.3205772538806282,-0.7519533509918437,34.804
-0.5971956999991055,0.4457793179644675,1.781594933430096,-1.065450073714947,-1.3234765491013687,-0.7399130723351169,34.801
-0.5971956999991055,0.4457793179644675,1.8207805240012211,-1.0713559563911885,-1.326375844322109,-0.7278727936783902,34.798
-0.5971956999991055,0.4457793179644675,1.859966114572346,-1.0784648892422197,-1.3292751395428495,-0.7158325150216636,34.794
-0.5971956999991055,0.4457793179644675,1.8870825432475646,-1.0826208807551303,-0.4920718181796104,-0.5767004060994879,34.791
0.8793179120964087,0.7254240563675557,-1.2552883358320917,1.983079069202673,0.3451315031836289,-0.43756829717731227,34.795
0.8793179120964087,0.7254240563675557,-1.2545046240206692,1.9706110946639412,1.182334824546868,-0.29843618825513657,34.849
0.8793179120964087,0.7254240563675557,-1.2527804580355397,1.9618616388472876,1.1816203328921489,-0.20612738522023163,34.894
0.8793179120964087,0.7254240563675557,-1.2510562920504102,1.960221115881665,1.1809058412374298,-0.11381858218532666,34.901
0.8793179120964087,0.7254240563675557,-1.2491753837029962,1.9594555384977075,1.1801913495827103,-0.0215097791504217,34.908
0.8793179120964087,0.7254240563675557,-1.2477647024424356,1.9589086975091667,1.1794768579279913,0.07079902388448327,34.909
0.8793179120964087,0.7254240563675557,-1.2465107635441597,1.9585805929160423,1.1809812713476775,0.014611056819758494,34.909
0.8793179120964087,0.7254240563675557,-1.2452568246458835,1.957924383729793,1.1824856847673633,-0.04157691024496628,34.909
0.8793179120964087,0.7254240563675557,-1.2438461433853232,1.9573775427412523,1.183990098187049,-0.09776487730969105,34.908
0.8793179120964087,0.7254240563675557,-1.2418084926756248,1.9563932289618788,1.185494511606735,-0.1539528443744158,34.905
0.8793179120964087,0.7254240563675557,-1.2396140996036418,1.9554089151825051,1.1908631060805,-0.020171970410785417,34.904
0.8793179120964087,0.7254240563675557,-1.2319337238517012,1.9278481293600456,1.1962317005542646,0.11360890355284499,35.052
0.8793179120964087,0.7254240563675557,-1.2164162299855357,1.8729452941105424,1.2016002950280296,0.2473897775164754,35.343
0.8793179120964087,0.7254240563675557,-1.1998015395833785,1.8318228517722697,1.1977342700557547,0.3477254329891983,35.402
0.8793179120964087,0.7254240563675557,-1.1845975304417822,1.7908097776317047,1.1938682450834803,0.44806108846192094,35.457
0.8793179120964087,0.7254240563675557,-1.168923294213332,1.714252039235983,1.1900022201112055,0.5483967439346439,35.74
0.8793179120964087,0.7254240563675557,-1.1532490579848822,1.6318977863617286,1.1861361951389306,0.6487323994073667,35.849
0.8793179120964087,0.7254240563675557,-1.1380450488432856,1.580385365241179,1.1401278994298079,1.9865411390436707,35.903
0.8793179120964087,0.7254240563675557,-1.1219005855279822,1.541122182263945,1.0941196037206853,3.324349878679975,35.948
0.8793179120964087,0.7254240563675557,-1.043215919661163,1.0658079950242243,0.9755007938307859,3.6186678013999622,35.72
0.8793179120964087,0.7254240563675557,-1.0270714563458596,0.9373003627171207,0.9562089755705467,3.2601350591774323,35.527
0.8793179120964087,0.7254240563675557,-1.0120241895665476,0.8366816208256015,0.9369171573103076,2.901602316954903,35.577
0.8793179120964087,0.7254240563675557,-0.9966634380626667,0.6768946839739602,0.9176253390500685,2.5430695747323733,35.459
0.8793179120964087,0.7254240563675557,-0.9809892018342167,0.6011025229621964,0.908043828496481,2.1738343625927534,35.409
0.8793179120964087,0.7254240563675557,-0.9653149656057667,0.5227948934031442,0.8984623179428932,1.8045991504531336,35.362
0.8793179120964087,0.7254240563675557,-0.9496407293773167,0.40927070418206046,0.8888808073893054,1.4353639383135137,35.277
0.8793179120964087,0.7254240563675557,-0.9215838465283911,0.2755133983849645,0.879299296835718,1.0661287261738934,35.271
0.8793179120964087,0.7254240563675557,-0.8838089372178267,0.18276916672843374,0.8907445503704975,0.7504058636197258,35.269
0.8793179120964087,0.7254240563675557,-0.8435261501107101,0.12130423961644048,0.9021898039052771,0.4346830010655579,35.282
0.8793179120964087,0.7254240563675557,-0.8026163935544556,0.0637765676219412,0.9136350574400567,0.11896013851139023,35.302
0.8793179120964087,0.7254240563675557,-0.7654684536930291,0.01751381999138392,0.9161140828819327,0.14705412204375262,35.288
0.8793179120964087,0.7254240563675557,-0.7261261207596197,-0.021858731183558376,0.9185931083238091,0.17514810557611502,35.283
0.8793179120964087,0.7254240563675557,-0.6870972725507791,-0.06494980108057863,0.9210721337656855,0.20324208910847738,35.267
0.8793179120964087,0.7254240563675557,-0.6472847125305161,-0.09885394237011219,0.9235511592075615,0.23133607264083977,35.247
0.8793179120964087,0.7254240563675557,-0.6087260914085291,-0.10880644836155608,0.9148893907867257,0.1403650783455711,35.262
0.8793179120964087,0.7254240563675557,-0.5696972431996886,-0.16338117901793456,0.9062276223658903,0.049394084050302406,35.19
0.8793179120964087,0.7254240563675557,-0.5301981679039947,-0.18536418675727726,0.8975658539450545,-0.04157691024496628,35.182
0.8793179120964087,0.7254240563675557,-0.4906990926083005,-0.19148880582893504,0.8997451414244633,-0.037563484026057435,35.213
0.8793179120964087,0.7254240563675557,-0.4518269867617446,-0.18241124541915665,0.9019244289038716,-0.033550057807148474,35.265
0.8793179120964087,0.7254240563675557,-0.4129548809151885,-0.20023826164558892,0.9041037163832804,-0.029536631588239506,35.269
0.8793179120964087,0.7254240563675557,-0.37392603270634805,-0.2213463238032663,0.906283003862689,-0.025523205369330663,35.265
0.8793179120964087,0.7254240563675557,-0.33442695741065415,-0.23129882979470998,0.856477046714869,-0.0950892598304185,35.28
0.8793179120964087,0.7254240563675557,-0.2952413668395291,-0.24803216404406053,0.8066710895670494,-0.16465531429150618,35.281
0.8793179120964087,0.7254240563675557,-0.25495857973241254,-0.26804654422465624,0.7568651324192293,-0.23422136875259403,35.275
0.8793179120964087,0.7254240563675557,-0.2167134433349946,-0.2878421880098357,0.7166121850316097,-0.2623153522849564,35.271
0.8793179120964087,0.7254240563675557,-0.17815482221300755,-0.3076378317950149,0.6763592376439902,-0.2904093358173188,35.265
0.8793179120964087,0.7254240563675557,-0.13912597400416707,-0.343619968841004,0.636106290256371,-0.3185033193496812,35.23
0.8793179120964087,0.7254240563675557,-0.099626898708473,-0.3596970939041055,0.5958533428687514,-0.3465973028820436,35.231
0.8793179120964087,0.7254240563675557,-0.06044130813734799,-0.3805864196663664,0.5415093431633647,-0.38940718255040535,35.213
0.8793179120964087,0.7254240563675557,-0.020942232841654095,-0.41416245636277566,0.4871653434579784,-0.43221706221876705,35.177
0.8793179120964087,0.7254240563675557,0.018713584816324513,-0.43111452700754244,0.43282134375259174,-0.4750269418871288,35.168
0.8793179120964087,0.7254240563675557,0.05852614483658748,-0.4228025439817214,0.3675839709650827,-0.5031209254194912,35.227
0.8793179120964087,0.7254240563675557,0.09645779650943656,-0.43023958142587715,0.30234659817757364,-0.5312149089518535,35.247
0.8793179120964087,0.7254240563675557,0.13548664471827704,-0.45955025841166747,0.23710922539006463,-0.5593088924842159,35.22
0.8793179120964087,0.7254240563675557,0.17482897765168656,-0.48153326615101033,0.17187185260255558,-0.5874028760165784,35.207
0.8793179120964087,0.7254240563675557,0.21417131058509592,-0.5065785834261821,0.13100369736365855,-0.5820516410580331,35.182
0.8793179120964087,0.7254240563675557,0.2528866740693675,-0.5247337042457388,0.09013554212476135,-0.5767004060994879,35.173
0.8793179120964087,0.7254240563675557,0.2926992340896305,-0.5385140971569685,0.04926738688586433,-0.5713491711409427,35.168
0.8793179120964087,0.7254240563675557,0.3323550517476091,-0.567824774142759,-0.013055918338117761,-0.5633223187031249,35.135
0.8793179120964087,0.7254240563675557,0.371227157594165,-0.5940731415927205,-0.07537922356209985,-0.555295466265307,35.101
0.8793179120964087,0.7254240563675557,0.4099425210784366,-0.6092753210741566,-0.1377025287860821,-0.5472686138274893,35.091
0.8793179120964087,0.7254240563675557,0.449284854011846,-0.6184622496816432,-0.2000258340100642,-0.5392417613896714,35.094
0.8793179120964087,0.7254240563675557,0.4883137022206866,-0.6414295712003596,-0.3080250948016389,-0.5659979361823974,35.072
0.8793179120964087,0.7254240563675557,0.5274992927918116,-0.6647249973122006,-0.4160243555932136,-0.5927541109751235,35.05
0.8793179120964087,0.7254240563675557,0.5665281410006519,-0.6852862184813371,-0.5240236163847884,-0.6195102857678496,35.027
0.8793179120964087,0.7254240563675557,0.6057137315717769,-0.6990666113925669,-0.6045785423304614,-0.6275371382056676,35.023
0.8793179120964087,0.7254240563675557,0.6450560645051866,-0.7118626905244231,-0.6851334682761344,-0.6355639906434852,35.018
0.8793179120964087,0.7254240563675557,0.6845551398008807,-0.7283772883783574,-0.7656883942218073,-0.6435908430813032,35.004
0.8793179120964087,0.7254240563675557,0.7238974727342901,-0.7513446098970737,-0.8462433201674802,-0.651617695519121,34.981
0.8793179120964087,0.7254240563675557,0.762769578580846,-0.7564849151893578,-0.9128844849311551,-0.6783738703118469,34.988
0.8793179120964087,0.7254240563675557,0.801955169151971,-0.7798897094989069,-0.9795256496948298,-0.705130045104573,34.964
0.8793179120964087,0.7254240563675557,0.8409840173608116,-0.7966230437482573,-1.0461668144585046,-0.7318862198972992,34.951
0.8793179120964087,0.7254240563675557,0.880326350294221,-0.8105128048571953,-1.0622079403020408,-0.7358996461162082,34.948
0.8793179120964087,0.7254240563675557,0.9201389103144841,-0.821668361023429,-1.078249066145577,-0.739913072335117,34.949
0.8793179120964087,0.7254240563675557,0.9599514703347469,-0.8368705405048652,-1.094290191989113,-0.7439264985540259,34.936
0.8793179120964087,0.7254240563675557,0.9975696372830269,-0.8478073602756824,-1.1103313178326493,-0.7479399247729348,34.932
0.8793179120964087,0.7254240563675557,1.037068712578721,-0.8591816528373325,-1.121318141328452,-0.7479399247729348,34.924
0.8793179120964087,0.7254240563675557,1.076254303149846,-0.8704465772012743,-1.1323049648242551,-0.7479399247729348,34.917
0.8793179120964087,0.7254240563675557,1.1152831513586867,-0.8824770789491734,-1.1432917883200584,-0.7479399247729348,34.91
0.8793179120964087,0.7254240563675557,1.1547822266543808,-0.8986635722099829,-1.1559125759436193,-0.7479399247729348,34.902
0.8793179120964087,0.7254240563675557,1.1942813019500744,-0.9136470152960028,-1.1685333635671806,-0.7479399247729348,34.895
0.8793179120964087,0.7254240563675557,1.232996665434346,-0.9297241403591042,-1.1811541511907415,-0.7479399247729348,34.885
0.8793179120964087,0.7254240563675557,1.271868771280902,-0.9471136837947038,-1.1937749388143026,-0.7479399247729348,34.872
0.8793179120964087,0.7254240563675557,1.311367846576596,-0.9614409176944744,-1.2218951389591886,-0.7425886898143896,34.861
0.8793179120964087,0.7254240563675557,1.3507101795100058,-0.9785023565369495,-1.2500153391040745,-0.7372374548558444,34.848
0.8793179120964087,0.7254240563675557,1.389425542994277,-0.9902047536917239,-1.2781355392489604,-0.7318862198972992,34.841
0.8793179120964087,0.7254240563675557,1.4298650724636783,-1.0011415734625413,-1.2861954610842532,-0.7358996461162082,34.836
0.8793179120964087,0.7254240563675557,1.467796724136527,-1.0090160836975297,-1.2942553829195462,-0.739913072335117,34.831
0.8793179120964087,0.7254240563675557,1.506982314707652,-1.0163437529439774,-1.3023153047548388,-0.7439264985540259,34.826
0.8793179120964087,0.7254240563675557,1.5466381323656309,-1.023124581201884,-1.3103752265901316,-0.7479399247729348,34.823
0.8793179120964087,0.7254240563675557,1.5864506923858936,-1.0273899409125027,-1.316113439475766,-0.7372374548558444,34.822
0.8793179120964087,0.7254240563675557,1.6256362829570186,-1.0365768695199893,-1.3218516523614006,-0.7265349849387539,34.816
0.8793179120964087,0.7254240563675557,1.6641949040790058,-1.0474043210930986,-1.327589865247035,-0.7158325150216636,34.808
0.8793179120964087,0.7254240563675557,1.7030670099255618,-1.0542945175487135,-1.3287155888168363,-0.7118190888027546,34.805
0.8793179120964087,0.7254240563675557,1.742095858134402,-1.0606378730157875,-1.329841312386638,-0.7078056625838456,34.803
0.8793179120964087,0.7254240563675557,1.781281448705527,-1.0693873288324414,-1.3309670359564394,-0.7037922363649368,34.798
0.8793179120964087,0.7254240563675557,1.8218777205372128,-1.0768243662765973,-1.3320927595262406,-0.6997788101460279,34.795
1.2200518225799937,0.911853881969641,-1.2556018205566606,1.9715954084433147,-0.08672376505622245,-0.5312149089518535,35.182
1.2200518225799937,0.911853881969641,-1.2546613663829536,1.972251617629564,1.1586452294137954,-0.3626510077576792,35.178
1.2200518225799937,0.911853881969641,-1.253250685122393,1.9725797222226884,1.1585120835981655,-0.4268658272602218,35.177
1.2200518225799937,0.911853881969641,-1.2516832614995481,1.9724703540249802,1.157203519871259,-0.4268658272602218,35.177
1.2200518225799937,0.911853881969641,-1.2502725802389876,1.9723609858272722,1.1558949561443521,-0.4268658272602218,35.178
1.2200518225799937,0.911853881969641,-1.2487051566161427,1.972251617629564,1.1545863924174458,-0.4268658272602218,35.178
1.2200518225799937,0.911853881969641,-1.2471377329932976,1.972907826815813,1.1532778286905392,-0.4268658272602218,35.178
1.2200518225799937,0.911853881969641,-1.2455703093704527,1.9727984586181047,1.1519263219207911,-0.418838974822404,35.178
1.2200518225799937,0.911853881969641,-1.2440028857476078,1.972907826815813,1.1505748151510433,-0.41081212238458614,35.178
1.2200518225799937,0.911853881969641,-1.2424354621247626,1.9730171950135211,1.1492233083812955,-0.40278526994676833,35.177
1.2200518225799937,0.911853881969641,-1.2407112961396332,1.9726890904203966,1.1478718016115477,-0.3947584175089505,35.179
1.2200518225799937,0.911853881969641,-1.2311500120402785,1.9730171950135211,1.1407218755756152,0.10825766859429986,35.178
1.2200518225799937,0.911853881969641,-1.2161027452609667,1.8980999795834224,1.1335719495396828,0.6112737546975504,35.385
1.2200518225799937,0.911853881969641,-1.2007419937570856,1.8381662072393437,1.1264220235037503,1.1142898408008006,35.949
1.2200518225799937,0.911853881969641,-1.1839705609926443,1.7246420180182598,1.098690250589012,1.8367065602044053,36.073
1.2200518225799937,0.911853881969641,-1.168923294213332,1.599852904433234,1.0709584776742735,2.5591232796080092,35.948
1.2200518225799937,0.911853881969641,-1.1537192850717357,1.5403566048799877,1.043226704759535,3.281539999011614,35.987
1.2200518225799937,0.911853881969641,-1.1219005855279822,1.465220653054473,0.9916307506998748,3.5062918672705123,36.06
1.2200518225799937,0.911853881969641,-1.1059128645749632,1.3843975549481329,0.9677665695549535,3.008627016125807,36.025
1.2200518225799937,0.911853881969641,-1.0905521130710822,1.248234148801457,0.9439023884100319,2.510962164981102,35.862
1.2200518225799937,0.911853881969641,-1.075191361567201,1.0759792374110844,0.9348331247263749,2.1377135266225733,35.711
1.2200518225799937,0.911853881969641,-1.0599873524256047,0.9693452446456153,0.9257638610427179,1.7644648882640444,35.662
1.2200518225799937,0.911853881969641,-1.0436861467480167,0.8150267176793832,0.9166945973590609,1.3912162499055156,35.461
1.2200518225799937,0.911853881969641,-1.0273849410704285,0.756842836498635,0.9076253336754039,1.0179676115469867,35.411
1.2200518225799937,0.911853881969641,-1.011553962479694,0.6912219178737309,0.9001974343068083,0.8948892075004465,35.374
1.2200518225799937,0.911853881969641,-0.9961932109758131,0.5961809540653285,0.8927695349382126,0.7718108034539067,35.358
1.2200518225799937,0.911853881969641,-0.980518974747363,0.5078114503171245,0.8853416355696171,0.6487323994073667,35.335
1.2200518225799937,0.911853881969641,-0.9653149656057667,0.43169118471223616,0.898947897279146,0.411940252491741,35.301
1.2200518225799937,0.911853881969641,-0.9493272446527476,0.3714293077750325,0.912554158988675,0.17514810557611502,35.295
1.2200518225799937,0.911853881969641,-0.9223675583398135,0.2640297376256065,0.9261604206982035,-0.061644041339510736,35.274
1.2200518225799937,0.911853881969641,-0.8830252254064042,0.16658267346762415,0.9397666824077324,-0.29843618825513657,35.266
1.2200518225799937,0.911853881969641,-0.8430559230238567,0.0922122990260664,0.9545137645807685,-0.13254790454023496,35.284
1.2200518225799937,0.911853881969641,-0.8038703324527317,0.03577830900864902,0.969260846753805,0.03334037917466679,35.283
1.2200518225799937,0.911853881969641,-0.7654684536930291,-0.01726526687981512,0.9840079289268411,0.19922866288956842,35.264
1.2200518225799937,0.911853881969641,-0.7254991513104816,-0.047450889447270904,0.962070429126968,0.38384626895937846,35.267
1.2200518225799937,0.911853881969641,-0.6867837878262101,-0.08157376713222088,0.9401329293270949,0.5684638750291884,35.257
1.2200518225799937,0.911853881969641,-0.647598197255085,-0.09852583777698785,0.9181954295272219,0.7530814810989983,35.27
1.2200518225799937,0.911853881969641,-0.6087260914085291,-0.10782213458218247,0.8962579297273487,0.9376990871688082,35.295
1.2200518225799937,0.911853881969641,-0.5693837584751196,-0.12389925964528396,0.8791062503249358,0.584517579904824,35.306
1.2200518225799937,0.911853881969641,-0.5297279408171411,-0.13702344337026467,0.8619545709225228,0.23133607264083977,35.32
1.2200518225799937,0.911853881969641,-0.49085583497058505,-0.14861647232733102,0.8448028915201098,-0.12184543462314447,35.324
1.2200518225799937,0.911853881969641,-0.4518269867617446,-0.16655285675147158,0.8289640072638162,-0.20612738522023163,35.31
1.2200518225799937,0.911853881969641,-0.41248465382833505,-0.21708096409264757,0.8131251230075224,-0.2904093358173188,35.236
1.2200518225799937,0.911853881969641,-0.3732990632572101,-0.22801778386346486,0.7972862387512287,-0.374691286414406,35.254
1.2200518225799937,0.911853881969641,-0.333799987961516,-0.23512671671449606,0.7814473544949352,-0.4589732370114932,35.282
1.2200518225799937,0.911853881969641,-0.29492788211496007,-0.25623477887217344,0.6783633742117559,-0.4750269418871288,35.28
1.2200518225799937,0.911853881969641,-0.2543316102832746,-0.286748506032754,0.5752793939285766,-0.4910806467627645,35.259
1.2200518225799937,0.911853881969641,-0.21702692805956347,-0.3009663717348164,0.4721954136453973,-0.5071343516384,35.26
1.2200518225799937,0.911853881969641,-0.17768459512615412,-0.32612105720769624,0.3480983334537767,-0.5272014827329446,35.245
1.2200518225799937,0.911853881969641,-0.13818551983046004,-0.3486509059355799,0.22400125326215659,-0.5472686138274893,35.23
1.2200518225799937,0.911853881969641,-0.09915667162161956,-0.3721650684428371,0.09990417307053605,-0.5673357449220338,35.211
1.2200518225799937,0.911853881969641,-0.060284565775063456,-0.3993977496721723,-0.024192907121084302,-0.5874028760165784,35.186
1.2200518225799937,0.911853881969641,-0.021412459928507526,-0.4228025439817214,-0.19390073425877774,-0.5927541109751235,35.173
1.2200518225799937,0.911853881969641,0.017929873004902015,-0.440957664801278,-0.36360856139647096,-0.5981053459336687,35.177
1.2200518225799937,0.911853881969641,0.05727220593831155,-0.45145701178126263,-0.5333163885341643,-0.603456580892214,35.184
1.2200518225799937,0.911853881969641,0.09614431178486749,-0.46884655521686225,-0.5851338334080142,-0.607470007111123,35.185
1.2200518225799937,0.911853881969641,0.13595687180513047,-0.4742055969045627,-0.636951278281864,-0.6114834333300319,35.198
1.2200518225799937,0.911853881969641,0.17498572001397092,-0.4784709566151814,-0.6887687231557139,-0.6154968595489407,35.218
1.2200518225799937,0.911853881969641,0.21417131058509592,-0.49870407319119353,-0.7405861680295638,-0.6195102857678496,35.198
1.2200518225799937,0.911853881969641,0.2538271282430745,-0.5164217212199177,-0.8017048212449982,-0.6195102857678496,35.189
1.2200518225799937,0.911853881969641,0.292855976451915,-0.5343581056440581,-0.8628234744604327,-0.6195102857678496,35.181
1.2200518225799937,0.911853881969641,0.3315713399361866,-0.5701215062946307,-0.9239421276758671,-0.6195102857678496,35.141
1.2200518225799937,0.911853881969641,0.3709136728695959,-0.6285241238707951,-0.9318986581401209,-0.6435908430813032,35.059
1.2200518225799937,0.911853881969641,0.4097857787161519,-0.6607877421947063,-0.9398551886043744,-0.6676714003947566,35.022
1.2200518225799937,0.911853881969641,0.4489713692872769,-0.6692090934182355,-0.9478117190686284,-0.69175195770821,35.026
1.2200518225799937,0.911853881969641,0.4881569598584019,-0.6773023400486404,-0.955768249532882,-0.7158325150216636,35.023
1.2200518225799937,0.911853881969641,0.527969519878665,-0.6838644319111308,-0.9771610686878516,-0.7158325150216636,35.025
1.2200518225799937,0.911853881969641,0.5671551104497901,-0.6970979838338197,-0.9985538878428211,-0.7158325150216636,35.016
1.2200518225799937,0.911853881969641,0.6060272162963459,-0.7108783767450496,-1.0199467069977906,-0.7158325150216636,35.006
1.2200518225799937,0.911853881969641,0.6456830339543244,-0.7225807738998241,-1.0326450351119623,-0.7198459412405726,34.995
1.2200518225799937,0.911853881969641,0.684711882163165,-0.7380016897766766,-1.045343363226134,-0.7238593674594813,34.981
1.2200518225799937,0.911853881969641,0.7234272456474367,-0.7460949364070814,-1.0580416913403057,-0.7278727936783902,34.977
1.2200518225799937,0.911853881969641,0.7629263209431307,-0.7635938480403891,-1.0707400194544774,-0.7318862198972992,34.964
1.2200518225799937,0.911853881969641,0.8021119115142558,-0.7806552868828641,-1.099798153637184,-0.726534984938754,34.956
1.2200518225799937,0.911853881969641,0.8422379562590876,-0.7946544161895103,-1.1288562878198904,-0.7211837499802086,34.949
1.2200518225799937,0.911853881969641,0.8801696079319367,-0.805919340553452,-1.1579144220025968,-0.7158325150216636,34.943
1.2200518225799937,0.911853881969641,0.9188849714162082,-0.8225433066050944,-1.163507975562118,-0.7238593674594813,34.936
1.2200518225799937,0.911853881969641,0.9583840467119019,-0.8351206493415344,-1.1691015291216391,-0.7318862198972992,34.932
1.2200518225799937,0.911853881969641,0.998196606732165,-0.8468230464963089,-1.17469508268116,-0.7399130723351169,34.93
1.2200518225799937,0.911853881969641,1.0373821973032902,-0.8610409121983714,-1.180288636240681,-0.7479399247729348,34.921
1.2200518225799937,0.911853881969641,1.0764110455121307,-0.8781023510408466,-1.1960040120850026,-0.7425886898143896,34.912
1.2200518225799937,0.911853881969641,1.1155966360832557,-0.8935232669176988,-1.211719387929324,-0.7372374548558444,34.903
1.2200518225799937,0.911853881969641,1.1547822266543808,-0.9096003919808004,-1.2274347637736454,-0.7318862198972992,34.891
1.2200518225799937,0.911853881969641,1.1938110748632211,-0.9210840527401585,-1.2369695038218245,-0.7278727936783902,34.884
1.2200518225799937,0.911853881969641,1.232683180709777,-0.9322396089063921,-1.2465042438700034,-0.7238593674594813,34.877
1.2200518225799937,0.911853881969641,1.2717120289186177,-0.9476605247832446,-1.2560389839181825,-0.7198459412405726,34.868
1.2200518225799937,0.911853881969641,1.3112111042143118,-0.9639563862417625,-1.2655737239663614,-0.7158325150216636,34.858
1.2200518225799937,0.911853881969641,1.350553437147721,-0.9762056243850777,-1.2819487893639392,-0.7211837499802086,34.85
1.2200518225799937,0.911853881969641,1.389739027718846,-0.9869237077604788,-1.2983238547615168,-0.726534984938754,34.843
1.2200518225799937,0.911853881969641,1.428924618289971,-0.9982980003221289,-1.3146989201590944,-0.7318862198972992,34.836
1.2200518225799937,0.911853881969641,1.4685804359479495,-1.0089067154998217,-1.3183401695847536,-0.7372374548558444,34.829
1.2200518225799937,0.911853881969641,1.5072957994322211,-1.0179842759096,-1.3219814190104129,-0.7425886898143896,34.825
1.2200518225799937,0.911853881969641,1.5467948747279152,-1.026296258935421,-1.3256226684360721,-0.7479399247729348,34.82
1.2200518225799937,0.911853881969641,1.5855102382121866,-1.0338426645772851,-1.3274126794704069,-0.7278727936783902,34.815
1.2200518225799937,0.911853881969641,1.6243823440587426,-1.0405141246374836,-1.3292026905047418,-0.7078056625838457,34.812
1.2200518225799937,0.911853881969641,1.665292100614997,-1.0471855846976823,-1.3309927015390768,-0.6877385314893012,34.808
1.2200518225799937,0.911853881969641,1.7030670099255618,-1.0523258899899663,-1.3327827125734117,-0.6676714003947566,34.805
1.2200518225799937,0.911853881969641,1.7419391157721176,-1.057138090689126,-1.3327181102812238,-0.6756982528325743,34.803
1.2200518225799937,0.911853881969641,1.7814381910678116,-1.0610753458066202,-1.332653507989036,-0.6837251052703922,34.801
1.2200518225799937,0.911853881969641,1.8209372663635057,-1.0650126009241145,-1.3325889056968483,-0.69175195770821,34.799
1.2200518225799937,0.911853881969641,1.8604363416591996,-1.069824801623274,-1.3325243034046603,-0.6997788101460279,34.797
1.2200518225799937,0.911853881969641,1.8997786745926093,-1.0737620567407684,-0.8300606062450313,-0.6484069545439937,34.795
1.2200518225799937,0.911853881969641,1.9290894963398109,-1.0764962616834728,-0.32759690908540257,-0.5970350989419597,34.794
1.4472077629023916,0.9429255195699842,-1.255445078194376,1.9362694805835747,0.17486678807422643,-0.5456632433399257,34.959
1.4472077629023916,0.9429255195699842,-1.2541911392961003,1.9363788487812832,0.6773304852338552,-0.49429138773789155,34.959
1.4472077629023916,0.9429255195699842,-1.2526237156732551,1.9360507441881585,1.179794182393484,-0.4429195321358575,34.962
1.4472077629023916,0.9429255195699842,-1.2515265191372635,1.9360507441881585,1.1799274561109538,-0.4589732370114932,34.964
1.4472077629023916,0.9429255195699842,-1.2496456107898497,1.936488216978991,1.1800563172149376,-0.4509463845736753,34.962
1.4472077629023916,0.9429255195699842,-1.247607960080151,1.9367069533744077,1.1801851783189214,-0.4429195321358575,34.961
1.4472077629023916,0.9429255195699842,-1.246354021181875,1.9367069533744077,1.1803140394229055,-0.4348926796980397,34.962
1.4472077629023916,0.9429255195699842,-1.2449433399213148,1.936488216978991,1.1804429005268893,-0.4268658272602218,34.963
1.4472077629023916,0.9429255195699842,-1.2436894010230386,1.9360507441881585,1.1811968179238446,-0.39074499129004164,34.96
1.4472077629023916,0.9429255195699842,-1.242278719762478,1.936488216978991,1.1819507353207999,-0.35462415531986136,34.961
1.4472077629023916,0.9429255195699842,-1.2402410690527796,1.9362694805835747,1.1827046527177556,-0.3185033193496812,34.96
1.4472077629023916,0.9429255195699842,-1.2311500120402785,1.9379100035491974,1.1834585701147111,-0.282382483379501,34.978
1.4472077629023916,0.9429255195699842,-1.216259487623251,1.9363788487812832,1.1824261464607582,-0.22887013379404877,35.232
1.4472077629023916,0.9429255195699842,-1.2002717666702323,1.8498686043941182,1.1813937228068057,-0.17535778420859668,35.401
1.4472077629023916,0.9429255195699842,-1.1839705609926443,1.7763731755342256,1.1803612991528527,-0.12184543462314447,35.393
1.4472077629023916,0.9429255195699842,-1.168923294213332,1.646553124854624,1.1825820268284806,-0.061644041339510736,35.674
1.4472077629023916,0.9429255195699842,-1.1535625427094511,1.6143988747284208,1.1848027545041082,-0.00144264805587712,35.924
1.4472077629023916,0.9429255195699842,-1.1382017912055702,1.5448407009860228,1.187023482179736,0.058758745227756495,35.967
1.4472077629023916,0.9429255195699842,-1.1222140702525512,1.4493622643867878,1.189244209855364,0.11896013851139023,35.969
1.4472077629023916,0.9429255195699842,-1.1068533187486702,1.3047775070165826,1.1869134972556659,0.2580922474335659,35.822
1.4472077629023916,0.9429255195699842,-1.0905521130710822,1.2006589827984018,1.184582784655968,0.39722435635574155,35.821
1.4472077629023916,0.9429255195699842,-1.0747211344803476,1.089650262124606,1.18225207205627,0.5363564652779171,35.802
1.4472077629023916,0.9429255195699842,-1.0593603829764666,0.9998589718061957,1.1624728198830956,0.9417125133877172,35.777
1.4472077629023916,0.9429255195699842,-1.043842889110301,0.902083803055089,1.1426935677099208,1.3470685614975173,35.717
1.4472077629023916,0.9429255195699842,-1.0280119105195666,0.8305570017539436,1.1229143155367465,1.752424609607318,35.672
1.4472077629023916,0.9429255195699842,-1.0124944166534011,0.737812770097413,1.1031350633635721,2.157780657717118,35.588
1.4472077629023916,0.9429255195699842,-0.8834954524932577,0.18867504940467514,0.9611121565648613,3.1892311959767072,35.269
1.4472077629023916,0.9429255195699842,-0.8435261501107101,0.10293038240146726,0.9480302924000804,1.451417643189149,35.271
1.4472077629023916,0.9429255195699842,-0.8029298782790246,0.044199660232178355,0.9415127130620098,1.248070714764431,35.277
1.4472077629023916,0.9429255195699842,-0.7653117113307446,0.008873732372438362,0.9349951337239396,1.0447237863397125,35.284
1.4472077629023916,0.9429255195699842,-0.726282863121904,-0.02196809938126649,0.9284775543858691,0.8413768579149944,35.301
1.4472077629023916,0.9429255195699842,-0.6872540149130636,-0.06855895160494829,0.9260601136800406,0.580504153685915,35.273
1.4472077629023916,0.9429255195699842,-0.6479116819796541,-0.10355677487156376,0.9236426729742122,0.31963144945683575,35.262
1.4472077629023916,0.9429255195699842,-0.6082558643216756,-0.11864958615529164,0.9212252322683838,0.058758745227756495,35.279
1.4472077629023916,0.9429255195699842,-0.5692270161128351,-0.13199250627568876,0.9188077915625553,-0.20211395900132278,35.297
1.4472077629023916,0.9429255195699842,-0.5306683949908481,-0.14621037197775136,0.9159677738352507,-0.1914114890842323,35.308
1.4472077629023916,0.9429255195699842,-0.4906990926083005,-0.15594414157377864,0.9131277561079462,-0.18070901916714194,35.338
1.4472077629023916,0.9429255195699842,-0.4516702443994601,-0.20023826164558892,0.9102877383806416,-0.17000654925005143,35.282
1.4472077629023916,0.9429255195699842,-0.4126413961906196,-0.21926832804681098,0.8986086056726018,-0.11783200840423551,35.269
1.4472077629023916,0.9429255195699842,-0.3734558056194946,-0.2253929471184686,0.886929472964562,-0.0656574675584197,35.281
1.4472077629023916,0.9429255195699842,-0.334740442135223,-0.2375328170640759,0.8752503402565219,-0.013482926712603892,35.282
1.4472077629023916,0.9429255195699842,-0.295554851564098,-0.25765656544237986,0.8635712075484822,0.03869161413321204,35.275
1.4472077629023916,0.9429255195699842,-0.2562125186306885,-0.27745220922755914,0.6405168615766172,-0.16465531429150618,35.266
1.4472077629023916,0.9429255195699842,-0.21734041278413255,-0.2956073300471159,0.4174625156047522,-0.3680022427162245,35.27
1.4472077629023916,0.9429255195699842,-0.1769008833147316,-0.3255742162191553,0.19440816963288707,-0.5713491711409427,35.251
1.4472077629023916,0.9429255195699842,-0.13865574691731347,-0.3559785751820275,0.07291371282640324,-0.5833894497976694,35.216
1.4472077629023916,0.9429255195699842,-0.09868644453476597,-0.3773053737351213,-0.04858074398008076,-0.5954297284543962,35.198
1.4472077629023916,0.9429255195699842,-0.05997108105049456,-0.38682040693573233,-0.17007520078656457,-0.607470007111123,35.204
1.4472077629023916,0.9429255195699842,-0.020942232841654095,-0.40399121397591553,-0.29156965759304837,-0.6195102857678496,35.195
1.4472077629023916,0.9429255195699842,0.01887032717860905,-0.4255367489244256,-0.4019465453793001,-0.6302127556849401,35.178
1.4472077629023916,0.9429255195699842,0.05805591774973405,-0.4459886018958541,-0.5123234331655517,-0.6409152256020305,35.168
1.4472077629023916,0.9429255195699842,0.09692802359628999,-0.4736587559160219,-0.6227003209518035,-0.651617695519121,35.159
1.4472077629023916,0.9429255195699842,0.13595687180513047,-0.49979775516827524,-0.6754109555363835,-0.647604269300212,35.142
1.4472077629023916,0.9429255195699842,0.17655314363681593,-0.5013289099361897,-0.7281215901209636,-0.6435908430813032,35.175
1.4472077629023916,0.9429255195699842,0.21385782586052704,-0.5035162738903531,-0.7808322247055436,-0.6395774168623942,35.191
1.4472077629023916,0.9429255195699842,0.2532001587939366,-0.5237493904663652,-0.8335428592901235,-0.6355639906434852,35.189
1.4472077629023916,0.9429255195699842,0.29316946117648407,-0.5513101762888248,-0.8670204710245476,-0.6462664605605757,35.162
1.4472077629023916,0.9429255195699842,0.33204156702304,-0.5929794596156388,-0.9004980827589715,-0.6569689304776662,35.1
1.4472077629023916,0.9429255195699842,0.37107041523188067,-0.63541432032641,-0.9339756944933956,-0.6676714003947566,35.047
1.4472077629023916,0.9429255195699842,0.41056949052757435,-0.6641781563236596,-0.9435790123107345,-0.6716848266136655,35.019
1.4472077629023916,0.9429255195699842,0.4499118234609841,-0.6935982015071582,-0.9531823301280733,-0.6756982528325743,34.988
1.4472077629023916,0.9429255195699842,0.48878392930754005,-0.7118626905244231,-0.9627856479454122,-0.6797116790514833,34.972
1.4472077629023916,0.9429255195699842,0.5278127775163807,-0.7250962424471121,-0.972388965762751,-0.6837251052703922,34.962
1.4472077629023916,0.9429255195699842,0.566841625725221,-0.7355955894270967,-0.9856052846053263,-0.6890763402289375,34.953
1.4472077629023916,0.9429255195699842,0.6058704739340616,-0.7437982042552097,-0.9988216034479015,-0.6944275751874827,34.948
1.4472077629023916,0.9429255195699842,0.645212806867471,-0.7482823003612448,-1.012037922290477,-0.6997788101460279,34.949
1.4472077629023916,0.9429255195699842,0.684398397438596,-0.7521101872810309,-1.0296696929743498,-0.7078056625838457,34.951
1.4472077629023916,0.9429255195699842,0.7234272456474367,-0.7571411243756069,-1.0473014636582232,-0.7158325150216636,34.953
1.4472077629023916,0.9429255195699842,0.7633965480299841,-0.7646875300174708,-1.0649332343420963,-0.7238593674594813,34.957
1.4472077629023916,0.9429255195699842,0.8016416844274019,-0.7778117137424516,-1.0825650050259694,-0.7318862198972992,34.952
1.4472077629023916,0.9429255195699842,0.841140759723096,-0.7937794706078449,-1.1119853572200726,-0.726534984938754,34.947
1.4472077629023916,0.9429255195699842,0.8806398350187901,-0.8067942861351175,-1.1414057094141756,-0.7211837499802086,34.944
1.4472077629023916,0.9429255195699842,0.9201389103144841,-0.8213402564303045,-1.1708260616082788,-0.7158325150216636,34.937
1.4472077629023916,0.9429255195699842,0.9588542737987558,-0.8356674903300753,-1.178722545356113,-0.7318862198972992,34.931
1.4472077629023916,0.9429255195699842,0.9980398643698807,-0.8455106281238108,-1.1866190291039471,-0.7479399247729348,34.93
1.4472077629023916,0.9429255195699842,1.0375389396655745,-0.8643219581296165,-1.194515512851781,-0.7639936296485705,34.918
1.4472077629023916,0.9429255195699842,1.0767245302366995,-0.8766805644706401,-1.2024119965996154,-0.7800473345242062,34.912
1.4472077629023916,0.9429255195699842,1.115439893720971,-0.8900234845910372,-1.2147795865428053,-0.7559667772107527,34.903
1.4472077629023916,0.9429255195699842,1.154311999567527,-0.9029289319206019,-1.2271471764859954,-0.7318862198972992,34.896
1.4472077629023916,0.9429255195699842,1.1938110748632211,-0.9135376470982944,-1.2386893089285493,-0.7383077018475535,34.892
1.4472077629023916,0.9429255195699842,1.232996665434346,-0.928411721986606,-1.2502314413711035,-0.7447291837978076,34.882
1.4472077629023916,0.9429255195699842,1.2720255136431866,-0.9473324201901201,-1.2617735738136577,-0.7511506657480619,34.869
1.4472077629023916,0.9429255195699842,1.311054361852027,-0.9614409176944744,-1.2733157062562122,-0.7575721476983163,34.859
1.4472077629023916,0.9429255195699842,1.3508669218722902,-0.9732526830469571,-1.2848578386987664,-0.7639936296485705,34.852
1.4472077629023916,0.9429255195699842,1.389739027718846,-0.9842988710154827,-1.2978626731276184,-0.75329115973148,34.844
1.4472077629023916,0.9429255195699842,1.4290813606522557,-0.9922827494481792,-1.3108675075564704,-0.7425886898143896,34.838
1.4472077629023916,0.9429255195699842,1.4676399817742427,-1.0004853642762923,-1.3238723419853224,-0.7318862198972992,34.833
1.4472077629023916,0.9429255195699842,1.5065120876207985,-1.010437870267736,-1.3257412171344365,-0.7318862198972992,34.827
1.4472077629023916,0.9429255195699842,1.5458544205542082,-1.0171093303279346,-1.3276100922835505,-0.7318862198972992,34.824
1.4472077629023916,0.9429255195699842,1.5851967534876177,-1.0244369995743823,-1.3294789674326648,-0.7318862198972992,34.819
1.4472077629023916,0.9429255195699842,1.6246958287833118,-1.0319834052162462,-1.3313478425817789,-0.7318862198972992,34.815
1.4472077629023916,0.9429255195699842,1.6643516464412902,-1.0398579154512346,-1.3318372675000263,-0.7211837499802088,34.811
1.4472077629023916,0.9429255195699842,1.7040074640992686,-1.0479511620816395,-1.3323266924182737,-0.7104812800631183,34.807
1.4472077629023916,0.9429255195699842,1.7435065393949627,-1.0544038857464215,-1.3328161173365214,-0.6997788101460279,34.803
1.4472077629023916,0.9429255195699842,1.781594933430096,-1.0600910320272467,-1.3327947481365727,-0.6997788101460279,34.8
1.4472077629023916,0.9429255195699842,1.8209372663635057,-1.0634814461561999,-1.3327733789366243,-0.6997788101460279,34.799
1.4472077629023916,0.9429255195699842,1.8601228569346309,-1.0687311196461922,-1.3327520097366758,-0.6997788101460279,34.797
1.4472077629023916,0.9429255195699842,1.900875871128601,-1.0746370023224336,-1.3327306405367274,-0.6997788101460279,34.794
1.2200518225799937,1.0982837075716998,-1.255445078194376,1.8696642481792975,-0.4996029189850124,-0.603456580892214,34.895
1.2200518225799937,1.0982837075716998,-1.2545046240206692,1.8698829845747138,0.33352480256670275,-0.5071343516384,34.897
1.2200518225799937,1.0982837075716998,-1.2526237156732551,1.869992352772422,1.1666525241184176,-0.4108121223845862,34.896
1.2200518225799937,1.0982837075716998,-1.2513697767749792,1.869992352772422,1.1662758531990802,-0.4108121223845862,34.899
1.2200518225799937,1.0982837075716998,-1.2499590955144186,1.869992352772422,1.1650773170301907,-0.4027852699467684,34.899
1.2200518225799937,1.0982837075716998,-1.248548414253858,1.87010172097013,1.1638787808613007,-0.3947584175089505,34.9
1.2200518225799937,1.0982837075716998,-1.2469809906310132,1.87010172097013,1.1626802446924112,-0.3867315650711327,34.899
1.2200518225799937,1.0982837075716998,-1.245413567008168,1.8702110891678383,1.1614817085235216,-0.3787047126333149,34.899
1.2200518225799937,1.0982837075716998,-1.2438461433853232,1.869992352772422,1.1607864341202898,-0.326530171787499,34.901
1.2200518225799937,1.0982837075716998,-1.242278719762478,1.8698829845747138,1.160091159717058,-0.2743556309416832,34.9
1.2200518225799937,1.0982837075716998,-1.2407112961396332,1.869992352772422,1.1593958853138264,-0.22218109009586737,34.9
1.2200518225799937,1.0982837075716998,-1.2320904662139855,1.8702110891678383,1.1587006109105946,-0.17000654925005143,34.899
1.2200518225799937,1.0982837075716998,-1.2159460028986822,1.870648561958671,1.1595376005527485,-0.03622567528642103,34.9
1.2200518225799937,1.0982837075716998,-1.2001150243079477,1.8709766665517953,1.1603745901949023,0.09755519867720937,34.901
1.2200518225799937,1.0982837075716998,-1.1845975304417822,1.8709766665517953,1.1612115798370564,0.23133607264083977,34.905
1.2200518225799937,1.0982837075716998,-1.1676693553150561,1.866930043236593,1.145519430966912,0.39588654761610514,34.936
1.2200518225799937,1.0982837075716998,-1.15387602743402,1.7850132631531714,1.1298272820967676,0.5604370225913705,35.339
1.2200518225799937,1.0982837075716998,-1.1374180793941477,1.698393650568298,1.1141351332266234,0.724987497566636,35.652
1.2200518225799937,1.0982837075716998,-1.12252755497712,1.4524245739226165,1.0984429843564791,0.8895379725419015,35.444
1.2200518225799937,1.0982837075716998,-1.1062263492995321,1.325666832778844,1.0608270105248745,1.1570997204691624,35.358
1.2200518225799937,1.0982837075716998,-1.0900818859842285,1.2684672653774693,1.0232110366932696,1.4246614683964234,35.601
1.2200518225799937,1.0982837075716998,-1.0737806803066405,1.094571831021474,0.9855950628616651,1.6922232163236839,35.509
1.2200518225799937,1.0982837075716998,-1.0587334135273285,0.9535962241756386,0.9734474896639569,2.0855389857767572,35.396
1.2200518225799937,1.0982837075716998,-1.04415637383487,0.9336912121927512,0.9612999164662487,2.478854755229831,35.598
1.2200518225799937,1.0982837075716998,-1.0275416834327131,0.8059491572696046,0.9491523432685409,2.8721705246829043,35.473
1.2200518225799937,1.0982837075716998,-1.0123376742911168,0.7100332478795368,0.9370047700708327,3.2654862941359775,35.439
1.2200518225799937,1.0982837075716998,-0.996820180424951,0.6122580791284301,0.9277792103384727,2.339722646307655,35.421
1.2200518225799937,1.0982837075716998,-0.980518974747363,0.47204804966655206,0.9185536506061128,1.4139589984793326,35.285
1.2200518225799937,1.0982837075716998,-0.9650014808811976,0.40948944057747666,0.9093280908737528,0.4881953506510101,35.254
1.2200518225799937,1.0982837075716998,-0.9494839870150321,0.36771078905295473,0.8924802849266401,0.3637791378648339,35.239
1.2200518225799937,1.0982837075716998,-0.9201731652678306,0.3015430294395099,0.875632478979527,0.2393629250786577,35.266
1.2200518225799937,1.0982837075716998,-0.8838089372178267,0.19961186917549242,0.858784673032414,0.11494671229248127,35.291
1.2200518225799937,1.0982837075716998,-0.8421154688501497,0.11638267071957269,0.8419368670853014,-0.009469500493694927,35.309
1.2200518225799937,1.0982837075716998,-0.804967528988723,0.057105107561742634,0.8172277663841345,-0.052279380162056646,35.314
1.2200518225799937,1.0982837075716998,-0.7649982266061756,-0.011031279610449205,0.7925186656829681,-0.0950892598304185,35.272
1.2200518225799937,1.0982837075716998,-0.7258126360350505,-0.05609097706621646,0.7678095649818013,-0.13789913949878022,35.245
1.2200518225799937,1.0982837075716998,-0.6875674996376326,-0.08026134875972275,0.7705526757481943,-0.07769774621514647,35.239
1.2200518225799937,1.0982837075716998,-0.648225166704223,-0.09513542364803441,0.773295786514587,-0.017496352931512856,35.257
1.2200518225799937,1.0982837075716998,-0.6087260914085291,-0.1111031805134276,0.7760388972809801,0.04270504035212088,35.274
1.2200518225799937,1.0982837075716998,-0.5693837584751196,-0.12564915080861475,0.7787820080473731,0.10290643363575462,35.286
1.2200518225799937,1.0982837075716998,-0.5298846831794255,-0.14391363982587965,0.6686022468406053,-0.025523205369330542,35.298
1.2200518225799937,1.0982837075716998,-0.4896018960723091,-0.14905394511816386,0.5584224856338373,-0.1539528443744158,35.331
1.2200518225799937,1.0982837075716998,-0.4521404714863135,-0.16392802000647533,0.44824272442706964,-0.282382483379501,35.336
1.2200518225799937,1.0982837075716998,-0.41326836563975755,-0.17923956768561963,0.37393085996818626,-0.29843618825513657,35.343
1.2200518225799937,1.0982837075716998,-0.37392603270634805,-0.21883085525597834,0.2996189955093029,-0.31448989313077236,35.297
1.2200518225799937,1.0982837075716998,-0.334740442135223,-0.24300122694948464,0.22530713105041927,-0.3305435980064079,35.284
1.2200518225799937,1.0982837075716998,-0.29492788211496007,-0.26257813433924765,0.1509952665915359,-0.3465973028820436,35.274
1.2200518225799937,1.0982837075716998,-0.25574229154383504,-0.2833580919038005,0.022067738918718407,-0.40546088742604103,35.263
1.2200518225799937,1.0982837075716998,-0.21702692805956347,-0.29265438870899513,-0.10685978875409925,-0.46432447197003834,35.269
1.2200518225799937,1.0982837075716998,-0.17815482221300755,-0.3123406642964665,-0.23578731642691672,-0.5231880565140358,35.262
1.2200518225799937,1.0982837075716998,-0.138812489279598,-0.33388619924497653,-0.310463547648112,-0.5633223187031249,35.251
1.2200518225799937,1.0982837075716998,-0.099626898708473,-0.36133761686972793,-0.3851397788693071,-0.603456580892214,35.224
1.2200518225799937,1.0982837075716998,-0.06059805049963253,-0.3818988380388646,-0.4598160100905024,-0.6435908430813032,35.211
1.2200518225799937,1.0982837075716998,-0.021098975203938455,-0.4086940464773669,-0.5344922413116976,-0.6837251052703922,35.191
1.2200518225799937,1.0982837075716998,0.01824335772947091,-0.4298021086350445,-0.5921003300856976,-0.6837251052703922,35.176
1.2200518225799937,1.0982837075716998,0.056958721213742486,-0.44008271921961273,-0.6497084188596977,-0.6837251052703922,35.179
1.2200518225799937,1.0982837075716998,0.09598756942258295,-0.454191216723967,-0.7073165076336978,-0.6837251052703922,35.181
1.2200518225799937,1.0982837075716998,0.13595687180513047,-0.46775287323978054,-0.7594446356699888,-0.6877385314893012,35.185
1.2200518225799937,1.0982837075716998,0.17529920473854,-0.49312629510807665,-0.81157276370628,-0.69175195770821,35.167
1.2200518225799937,1.0982837075716998,0.21432805294738047,-0.4936731360966176,-0.863700891742571,-0.695765383927119,35.191
1.2200518225799937,1.0982837075716998,0.2539838706053591,-0.5004539643545243,-0.9158290197788621,-0.6997788101460279,35.207
1.2200518225799937,1.0982837075716998,0.27655477077432705,-0.5132500434863807,-0.21780501689399107,-0.6409152256020305,35.197
0.08427212096806427,1.1293553451720428,-1.2556018205566606,1.9098023767381969,0.48021898599087987,-0.5820516410580331,35.385
0.08427212096806427,1.1293553451720428,-1.2546613663829536,1.9047714396436208,1.178242988875751,-0.5231880565140358,35.391
0.08427212096806427,1.1293553451720428,-1.2529372003978243,1.8952564064430097,1.1842305856220523,-0.5231880565140358,35.399
0.08427212096806427,1.1293553451720428,-1.2510562920504102,1.8873818962080215,1.183516061991873,-0.4991074992005823,35.418
0.08427212096806427,1.1293553451720428,-1.2496456107898497,1.881366645334072,1.1828015383616939,-0.4750269418871288,35.461
0.08427212096806427,1.1293553451720428,-1.2483916718915735,1.872617189517418,1.1820870147315146,-0.4509463845736753,35.486
0.08427212096806427,1.1293553451720428,-1.2469809906310132,1.8626646835259744,1.181372491101335,-0.4268658272602218,35.485
0.08427212096806427,1.1293553451720428,-1.2455703093704527,1.8614616333511842,1.1780909775386943,-0.34659730288204355,35.485
0.08427212096806427,1.1293553451720428,-1.2433759162984697,1.8594930057924375,1.1748094639760533,-0.2663287785038654,35.484
0.08427212096806427,1.1293553451720428,-1.2411815232264867,1.8586180602107718,1.1715279504134124,-0.18606025412568716,35.484
0.08427212096806427,1.1293553451720428,-1.2396140996036418,1.858289955617647,1.1682464368507715,-0.10579172974750886,35.484
0.08427212096806427,1.1293553451720428,-1.2317769814894168,1.8551182778841102,1.1545310961885402,0.8199719180808136,35.483
0.08427212096806427,1.1293553451720428,-1.2164162299855357,1.8528215457322388,1.1408157555263092,1.7457355659091363,35.483
0.08427212096806427,1.1293553451720428,-1.2002717666702323,1.8511810227666161,1.127100414864078,2.6714992137374587,35.483
0.08427212096806427,1.1293553451720428,-1.1841273033549287,1.8498686043941182,1.1239076651785234,2.92434506552872,35.482
0.08427212096806427,1.1293553451720428,-1.1687665518510477,1.8476812404399547,1.1207149154929692,3.1771909173199817,35.481
0.08427212096806427,1.1293553451720428,-1.1527788308980287,1.8438533535201687,1.1175221658074148,3.430036769111243,35.486
0.08427212096806427,1.1293553451720428,-1.1386720182924235,1.7485936533163495,1.1143294161218604,3.6828826209025047,35.574
0.08427212096806427,1.1293553451720428,-1.1211168737165598,1.5865099843128367,1.1232314268325057,3.5169943371876027,35.776
0.08427212096806427,1.1293553451720428,-1.1063830916618167,1.332666397432167,1.1321334375431507,3.351106053472701,35.46
0.08427212096806427,1.1293553451720428,-1.0905521130710822,1.1750668245346891,1.1410354482537959,3.1852177697577995,35.617
0.08427212096806427,1.1293553451720428,-1.0753481039294857,1.0857130070071117,1.1305590724753718,3.0808686880661678,35.693
0.08427212096806427,1.1293553451720428,-1.058890155889613,0.9981090806428651,1.1200826966969475,2.9765196063745356,35.663
0.08427212096806427,1.1293553451720428,-1.0433726620234476,0.8767103811867929,1.1096063209185232,2.872170524682904,35.522
0.08427212096806427,1.1293553451720428,-1.0273849410704285,0.7824349947623473,1.0991299451400989,2.767821442991272,35.528
0.08427212096806427,1.1293553451720428,-1.0123376742911168,0.6318349865181929,1.058873224648194,2.730362798281456,35.381
0.08427212096806427,1.1293553451720428,-0.9965066957003822,0.584478556910554,1.0186165041562891,2.692904153571639,35.439
0.08427212096806427,1.1293553451720428,-0.9808324594719322,0.5178733245062763,0.9783597836643844,2.6554455088618227,35.4
0.08427212096806427,1.1293553451720428,-0.9646879961566286,0.424800988256621,0.9646349356320327,2.3985862308516523,35.301
0.08427212096806427,1.1293553451720428,-0.9493272446527476,0.3834598095229315,0.9509100875996815,2.141726952841482,35.285
0.08427212096806427,1.1293553451720428,-0.9222108159775292,0.30208987042805063,0.93718523956733,1.8848676748313118,35.279
0.08427212096806427,1.1293553451720428,-0.8819280288704127,0.19928376458236788,0.9277009344122809,1.5718204297564164,35.296
0.08427212096806427,1.1293553451720428,-0.8444666042844171,0.09822754990001589,0.918216629257232,1.2587731846815216,35.298
0.08427212096806427,1.1293553451720428,-0.8037135900904472,0.03118484470490557,0.9087323241021832,0.9457259396066262,35.304
0.08427212096806427,1.1293553451720428,-0.7660954231421672,-0.01814021246148041,0.899248018947134,0.6326786945317311,35.278
0.08427212096806427,1.1293553451720428,-0.7265963478464731,-0.05313803572809587,0.8818184195044914,0.6487323994073667,35.261
0.08427212096806427,1.1293553451720428,-0.6869405301884947,-0.07041821096598717,0.8643888200618487,0.6647861042830023,35.275
0.08427212096806427,1.1293553451720428,-0.6471279701682315,-0.09251058690303816,0.8469592206192056,0.680839809158638,35.287
0.08427212096806427,1.1293553451720428,-0.6087260914085291,-0.11854021795758353,0.8295296211765629,0.6968935140342736,35.283
0.08427212096806427,1.1293553451720428,-0.569540500837404,-0.14281995784879795,0.7924901435726075,0.5684638750291884,35.266
0.08427212096806427,1.1293553451720428,-0.5301981679039947,-0.16436549279730797,0.7554506659686516,0.44003423602410324,35.258
0.08427212096806427,1.1293553451720428,-0.4913260620574386,-0.19575416553955377,0.7184111883646961,0.3116045970190181,35.23
0.08427212096806427,1.1293553451720428,-0.45229721384859806,-0.19837900228454983,0.6637304017971357,0.28351061348665557,35.276
0.08427212096806427,1.1293553451720428,-0.41248465382833505,-0.20155068001808685,0.6090496152295757,0.2554166299542933,35.315
0.08427212096806427,1.1293553451720428,-0.37235860908350304,-0.24529795910135616,0.5543688286620153,0.2273226464219308,35.266
0.08427212096806427,1.1293553451720428,-0.334740442135223,-0.2505476325913485,0.4996880420944549,0.19922866288956842,35.285
0.08427212096806427,1.1293553451720428,-0.2950846244772446,-0.2771241046344346,0.43736288229378995,0.027989144216121548,35.259
0.08427212096806427,1.1293553451720428,-0.25605577626840414,-0.29670101202419763,0.37503772249312534,-0.14325037445732544,35.259
0.08427212096806427,1.1293553451720428,-0.21718367042184802,-0.3158404466231278,0.31271256269246034,-0.31448989313077236,35.25
0.08427212096806427,1.1293553451720428,-0.17768459512615412,-0.3284177893595678,0.20063026161297867,-0.38271813885222383,35.253
0.08427212096806427,1.1293553451720428,-0.13787203510589097,-0.35455678861182127,0.088547960533497,-0.4509463845736753,35.236
0.08427212096806427,1.1293553451720428,-0.0993134139839041,-0.38583609315635875,-0.023534340545984866,-0.5191746302951269,35.209
0.08427212096806427,1.1293553451720428,-0.0601278234127791,-0.3995071178698804,-0.13561664162546655,-0.5874028760165784,35.209
0.08427212096806427,1.1293553451720428,-0.020942232841654095,-0.42138075741151515,-0.3047720266082546,-0.6088078158507592,35.195
0.08427212096806427,1.1293553451720428,0.018713584816324513,-0.4432543969531497,-0.47392741159104257,-0.6302127556849401,35.177
0.08427212096806427,1.1293553451720428,0.05727220593831155,-0.46064394038874934,-0.6430827965738305,-0.651617695519121,35.172
0.08427212096806427,1.1293553451720428,0.09661453887172092,-0.4747524378931037,-0.6726714803797977,-0.6596445479569387,35.168
0.08427212096806427,1.1293553451720428,0.13642709889198407,-0.4848143120822556,-0.7022601641857651,-0.6676714003947566,35.169
0.08427212096806427,1.1293553451720428,0.17576943182539342,-0.500235227959108,-0.7318488479917324,-0.6756982528325743,35.163
0.08427212096806427,1.1293553451720428,0.21432805294738047,-0.5152186710451276,-0.7614375317976997,-0.6837251052703922,35.164
0.08427212096806427,1.1293553451720428,0.2528866740693675,-0.5131406752886724,-0.8063725349515366,-0.6890763402289375,35.192
0.08427212096806427,1.1293553451720428,0.291915522278208,-0.538732833552385,-0.8513075381053736,-0.6944275751874827,35.167
0.08427212096806427,1.1293553451720428,0.3315713399361866,-0.5643249918160975,-0.8962425412592105,-0.6997788101460279,35.132
0.08427212096806427,1.1293553451720428,0.37107041523188067,-0.6033694383979152,-0.9111567175938071,-0.7037922363649368,35.083
0.08427212096806427,1.1293553451720428,0.41009926344072095,-0.6192278270656004,-0.9260708939284038,-0.7078056625838456,35.072
0.08427212096806427,1.1293553451720428,0.4491281116495616,-0.6334456927676629,-0.9409850702630003,-0.7118190888027546,35.066
0.08427212096806427,1.1293553451720428,0.48878392930754005,-0.6558661732978385,-0.955899246597597,-0.7158325150216636,35.043
0.08427212096806427,1.1293553451720428,0.527969519878665,-0.6871454778423759,-0.9743101238800007,-0.7211837499802086,35.006
0.08427212096806427,1.1293553451720428,0.566841625725221,-0.6862705322607106,-0.9927210011624046,-0.726534984938754,35.026
0.08427212096806427,1.1293553451720428,0.6064974433831994,-0.7002696615673567,-1.0111318784448085,-0.7318862198972992,35.018
0.08427212096806427,1.1293553451720428,0.6459965186788935,-0.719955937154828,-1.0264192179907752,-0.7278727936783902,35.0
0.08427212096806427,1.1293553451720428,0.6850253668877341,-0.7398609491377155,-1.0417065575367421,-0.7238593674594813,34.981
0.08427212096806427,1.1293553451720428,0.7238974727342901,-0.7524382918741555,-1.0569938970827093,-0.7198459412405726,34.976
0.08427212096806427,1.1293553451720428,0.7629263209431307,-0.7608596430976847,-1.0722812366286758,-0.7158325150216636,34.979
0.08427212096806427,1.1293553451720428,0.8025821386011092,-0.7704840444960039,-1.0884123147705638,-0.7265349849387539,34.98
0.08427212096806427,1.1293553451720428,0.8409840173608116,-0.7865611695591055,-1.1045433929124515,-0.7372374548558444,34.971
0.08427212096806427,1.1293553451720428,0.8804830926565057,-0.8049350267740786,-1.1206744710543393,-0.7479399247729348,34.957
0.08427212096806427,1.1293553451720428,0.9198254255899151,-0.824183829570717,-1.1271150257725546,-0.7519533509918437,34.942
0.08427212096806427,1.1293553451720428,0.958697531436471,-0.8391672726567367,-1.1335555804907698,-0.7559667772107527,34.932
0.08427212096806427,1.1293553451720428,0.998196606732165,-0.8493385150435969,-1.1399961352089851,-0.7599802034296615,34.932
0.08427212096806427,1.1293553451720428,1.037068712578721,-0.858306707255667,-1.1464366899272003,-0.7639936296485705,34.93
0.08427212096806427,1.1293553451720428,1.075940818425277,-0.8721964683646051,-1.1596228665694392,-0.75329115973148,34.921
0.08427212096806427,1.1293553451720428,1.115439893720971,-0.8837894973216714,-1.1728090432116782,-0.7425886898143896,34.913
0.08427212096806427,1.1293553451720428,1.1547822266543808,-0.8950544216856133,-1.1859952198539172,-0.7318862198972992,34.904
0.08427212096806427,1.1293553451720428,1.1939678172255057,-0.9077411326197613,-1.1980962271891609,-0.7358996461162082,34.895
0.08427212096806427,1.1293553451720428,1.2325264383474925,-0.9188966887859951,-1.2101972345244048,-0.739913072335117,34.887
0.08427212096806427,1.1293553451720428,1.2720255136431866,-0.9305990859407696,-1.2222982418596484,-0.7439264985540259,34.879
0.08427212096806427,1.1293553451720428,1.311367846576596,-0.9426295876886687,-1.234399249194892,-0.7479399247729348,34.871
0.08427212096806427,1.1293553451720428,1.3511804065968591,-0.9542226166457348,-1.2519518569533117,-0.7425886898143896,34.863
0.08427212096806427,1.1293553451720428,1.3903659971679843,-0.968112377754673,-1.2695044647117317,-0.7372374548558444,34.854
0.08427212096806427,1.1293553451720428,1.4290813606522557,-0.9776274109552842,-1.2870570724701516,-0.7318862198972992,34.849
0.08427212096806427,1.1293553451720428,1.4682669512233808,-0.9880173897375605,-1.2931999091157103,-0.7278727936783902,34.842
0.08427212096806427,1.1293553451720428,1.50760928415679,-0.998407368519837,-1.299342745761269,-0.7238593674594813,34.835
0.08427212096806427,1.1293553451720428,1.5467948747279152,-1.0061725105571173,-1.3054855824068277,-0.7198459412405726,34.83
0.08427212096806427,1.1293553451720428,1.585666980574471,-1.0127346024196076,-1.3116284190523866,-0.7158325150216636,34.826
0.08427212096806427,1.1293553451720428,1.6250093135078807,-1.020499744456888,-1.3180684903016457,-0.7211837499802086,34.822
0.08427212096806427,1.1293553451720428,1.6638814193544367,-1.0296866730643746,-1.3245085615509051,-0.726534984938754,34.817
0.08427212096806427,1.1293553451720428,1.7027535252009927,-1.0384361288810284,-1.3309486328001647,-0.7318862198972992,34.812
0.08427212096806427,1.1293553451720428,1.7419391157721176,-1.0436858023710207,-1.3314330856409597,-0.7318862198972992,34.809
0.08427212096806427,1.1293553451720428,1.7811247063432427,-1.0505759988266354,-1.3319175384817552,-0.7318862198972992,34.805
0.08427212096806427,1.1293553451720428,1.8206237816389368,-1.0563725133051687,-1.3324019913225502,-0.7318862198972992,34.802
0.08427212096806427,1.1293553451720428,1.8635711889048896,-1.0614034503997447,-1.3328864441633457,-0.7318862198972992,34.799
-0.7107736701602924,0.9739971571703273,-1.255445078194376,1.8017465974025217,-0.08520873066772797,-0.5713491711409426,35.661
-0.7107736701602924,0.9739971571703273,-1.2543478816583846,1.8016372292048137,1.1624689828278898,-0.4108121223845862,35.682
-0.7107736701602924,0.9739971571703273,-1.2527804580355397,1.8016372292048137,1.1625282013798945,-0.4429195321358575,35.68
-0.7107736701602924,0.9739971571703273,-1.2510562920504102,1.8016372292048137,1.1625542613798319,-0.4348926796980397,35.681
-0.7107736701602924,0.9739971571703273,-1.2494888684275651,1.8016372292048137,1.162580321379769,-0.4268658272602219,35.68
-0.7107736701602924,0.9739971571703273,-1.2482349295292892,1.8013091246116892,1.162606381379706,-0.418838974822404,35.682
-0.7107736701602924,0.9739971571703273,-1.2465107635441597,1.8013091246116892,1.1626324413796434,-0.4108121223845862,35.682
-0.7107736701602924,0.9739971571703273,-1.2446298551967456,1.8014184928093973,1.1637639250088174,-0.12184543462314447,35.681
-0.7107736701602924,0.9739971571703273,-1.243219173936185,1.8015278610071055,1.1648954086379915,0.16712125313829732,35.682
-0.7107736701602924,0.9739971571703273,-1.2418084926756248,1.8014184928093973,1.1660268922671653,0.45608794089973886,35.683
-0.7107736701602924,0.9739971571703273,-1.2402410690527796,1.8014184928093973,1.1671583758963393,0.7450546286611807,35.682
-0.7107736701602924,0.9739971571703273,-1.2325606933008393,1.8014184928093973,1.1659386186804659,0.42933176610701274,35.681
-0.7107736701602924,0.9739971571703273,-1.2159460028986822,1.8014184928093973,1.164718861464593,0.11360890355284499,35.681
-0.7107736701602924,0.9739971571703273,-1.2002717666702323,1.801199756413981,1.1634991042487195,-0.20211395900132278,35.682
-0.7107736701602924,0.9739971571703273,-1.1839705609926443,1.8013091246116892,1.1583542207519204,-0.07368431999623763,35.682
-0.7107736701602924,0.9739971571703273,-1.1676693553150561,1.799340497052942,1.1532093372551213,0.05474531900884765,35.674
-0.7107736701602924,0.9739971571703273,-1.152935573260313,1.55818362110642,1.1480644537583224,0.18317495801393294,35.627
-0.7107736701602924,0.9739971571703273,-1.1374180793941477,1.5229670614443882,1.1429195702615234,0.3116045970190181,35.751
-0.7107736701602924,0.9739971571703273,-1.1219005855279822,1.4979217441692168,1.1134310762303656,1.2427194798058858,35.918
-0.7107736701602924,0.9739971571703273,-1.1062263492995321,1.4365661852549314,1.0839425821992081,2.1738343625927534,35.972
-0.7107736701602924,0.9739971571703273,-1.0908655977956512,1.2952624738159715,1.0544540881680504,3.104949245379621,35.815
-0.7107736701602924,0.9739971571703273,-1.075191361567201,1.1868785898871719,1.04212949882353,3.096922392941803,35.826
-0.7107736701602924,0.9739971571703273,-1.0593603829764666,1.0806820699125357,1.029804909479009,3.0888955405039855,35.783
-0.7107736701602924,0.9739971571703273,-1.0436861467480167,0.9754698637172731,1.0174803201344884,3.0808686880661678,35.793
-0.7107736701602924,0.9739971571703273,-1.0276984257949977,0.8208232321579164,1.005155730789968,3.0728418356283496,35.713
-0.7107736701602924,0.9739971571703273,-1.0126511590156857,0.6362097144265197,1.0121594650225718,3.0728418356283496,35.559
-0.7107736701602924,0.9739971571703273,-0.9965066957003822,0.5050772453744203,1.0191631992551757,3.0728418356283496,35.447
-0.7107736701602924,0.9739971571703273,-0.9809892018342167,0.4298319253511969,1.0261669334877797,3.0728418356283496,35.407
-0.7107736701602924,0.9739971571703273,-0.9646879961566286,0.3398218986373705,1.0290296324747432,2.8039422789614523,35.328
-0.7107736701602924,0.9739971571703273,-0.9491705022904631,0.29137178705264977,1.0318923314617068,2.5350427222945555,35.295
-0.7107736701602924,0.9739971571703273,-0.9233080125135206,0.21295478929588954,1.0347550304486701,2.2661431656276587,35.29
-0.7107736701602924,0.9739971571703273,-0.8830252254064042,0.15214607137014532,1.037617729435634,1.9972436089607615,35.339
-0.7107736701602924,0.9739971571703273,-0.843212665386141,0.07646327855608945,1.0193546683099288,1.8741652049142217,35.317
-0.7107736701602924,0.9739971571703273,-0.8044973019018696,0.016857610805135047,1.001091607184224,1.7510868008676812,35.283
-0.7107736701602924,0.9739971571703273,-0.7656251960553137,-0.031045659791044886,0.9828285460585189,1.6280083968211416,35.259
-0.7107736701602924,0.9739971571703273,-0.7253424089481971,-0.06199685974245785,0.9837489277004716,1.5397130200051452,35.255
-0.7107736701602924,0.9739971571703273,-0.6870972725507791,-0.0847454448657579,0.9846693093424244,1.4514176431891495,35.265
-0.7107736701602924,0.9739971571703273,-0.6480684243419386,-0.10016636074261032,0.9855896909843775,1.3631222663731533,35.276
-0.7107736701602924,0.9739971571703273,-0.6088828337708136,-0.11329054446759121,0.9865100726263303,1.274826889557157,35.296
-0.7107736701602924,0.9739971571703273,-0.569540500837404,-0.12652409639028003,0.9545129971697276,1.3069342993084283,35.322
-0.7107736701602924,0.9739971571703273,-0.5306683949908481,-0.14686658116400023,0.9225159217131248,1.3390417090597,35.324
-0.7107736701602924,0.9739971571703273,-0.49148280441972303,-0.17617725814979074,0.8905188462565221,1.3711491188109712,35.301
-0.7107736701602924,0.9739971571703273,-0.4518269867617446,-0.19466048356247206,0.8693739541602596,1.1905449389600702,35.298
-0.7107736701602924,0.9739971571703273,-0.412171169103766,-0.2172997004880638,0.8482290620639968,1.009940759109169,35.285
-0.7107736701602924,0.9739971571703273,-0.37298557853264097,-0.24245438596094368,0.8270841699677344,0.8293365792582676,35.272
-0.7107736701602924,0.9739971571703273,-0.33442695741065415,-0.2749367406802712,0.805939277871472,0.6487323994073667,35.249
-0.7107736701602924,0.9739971571703273,-0.29461439739039097,-0.2889358699869174,0.7496948273567611,0.482844115692465,35.262
-0.7107736701602924,0.9739971571703273,-0.256369260992973,-0.3015132127233573,0.6934503768420502,0.3169558319775632,35.268
-0.7107736701602924,0.9739971571703273,-0.21749715514641707,-0.3204339109268713,0.6372059263273394,0.15106754826266158,35.253
-0.7107736701602924,0.9739971571703273,-0.177998079850723,-0.336729772385389,0.48074141491313793,0.006584204381940687,35.245
-0.7107736701602924,0.9739971571703273,-0.13834226219274456,-0.3478853285516227,0.32427690349893645,-0.13789913949878008,35.247
-0.7107736701602924,0.9739971571703273,-0.0993134139839041,-0.35860341192702355,0.167812392084735,-0.28238248337950084,35.248
-0.7107736701602924,0.9739971571703273,-0.060284565775063456,-0.3719463320474209,0.011347880670533517,-0.4268658272602218,35.249
-0.7107736701602924,0.9739971571703273,-0.020942232841654095,-0.41186572421090395,-0.18233223451079814,-0.5071343516384,35.198
-0.7107736701602924,0.9739971571703273,0.01824335772947091,-0.4331925227639977,-0.37601234969212977,-0.5874028760165784,35.181
-0.7107736701602924,0.9739971571703273,0.05727220593831155,-0.4499258570133483,-0.5696924648734615,-0.6676714003947566,35.18
-0.7107736701602924,0.9739971571703273,0.09692802359628999,-0.4733306513228974,-0.5849102897692893,-0.6716848266136655,35.165
-0.7107736701602924,0.9739971571703273,0.13642709889198407,-0.4870016760364191,-0.6001281146651171,-0.6756982528325743,35.169
-0.7107736701602924,0.9739971571703273,0.17467223528940204,-0.500235227959108,-0.6153459395609447,-0.6797116790514833,35.163
-0.7107736701602924,0.9739971571703273,0.21401456822281156,-0.5093127883688863,-0.6305637644567725,-0.6837251052703922,35.171
-0.7107736701602924,0.9739971571703273,0.2532001587939366,-0.5095315247643026,-0.6858211794172168,-0.6890763402289375,35.196
-0.7107736701602924,0.9739971571703273,0.29238574936506156,-0.5303114823288556,-0.741078594377661,-0.6944275751874827,35.177
-0.7107736701602924,0.9739971571703273,0.33141459757390207,-0.5634500462344321,-0.7963360093381052,-0.6997788101460279,35.134
-0.7107736701602924,0.9739971571703273,0.3706001881450269,-0.6059942751429114,-0.8242913866449426,-0.6997788101460279,35.081
-0.7107736701602924,0.9739971571703273,0.41025600580300564,-0.6248056051487173,-0.85224676395178,-0.6997788101460279,35.065
-0.7107736701602924,0.9739971571703273,0.44944159637413067,-0.6449293535270212,-0.8802021412586173,-0.6997788101460279,35.05
-0.7107736701602924,0.9739971571703273,0.4883137022206866,-0.6647249973122006,-0.9081575185654549,-0.6997788101460279,35.033
-0.7107736701602924,0.9739971571703273,0.5271858080672426,-0.6799271767936366,-0.938287056619607,-0.7211837499802086,35.02
-0.7107736701602924,0.9739971571703273,0.5669983680875057,-0.692832624123201,-0.9684165946737592,-0.7425886898143896,35.013
-0.7107736701602924,0.9739971571703273,0.6068109281077685,-0.7014727117421466,-0.9985461327279113,-0.7639936296485705,35.013
-0.7107736701602924,0.9739971571703273,0.6458397763166092,-0.7136125816877539,-1.0236469296170907,-0.7599802034296615,35.009
-0.7107736701602924,0.9739971571703273,0.685652336336872,-0.7318770707050188,-1.0487477265062704,-0.7559667772107527,34.996
-0.7107736701602924,0.9739971571703273,0.7234272456474367,-0.7478448275704122,-1.0738485233954496,-0.7519533509918437,34.988
-0.7107736701602924,0.9739971571703273,0.7626128362185616,-0.7737650904272492,-1.0989493202846292,-0.7479399247729348,34.963
-0.7107736701602924,0.9739971571703273,0.801955169151971,-0.7794522367080742,-1.1232249659128122,-0.7425886898143896,34.964
-0.7107736701602924,0.9739971571703273,0.8409840173608116,-0.7895141108972261,-1.1475006115409954,-0.7372374548558444,34.963
-0.7107736701602924,0.9739971571703273,0.8804830926565057,-0.803950712994705,-1.1717762571691783,-0.7318862198972992,34.955
-0.7107736701602924,0.9739971571703273,0.9196686832276307,-0.8195903652669737,-1.192344279990758,-0.7358996461162082,34.944
-0.7107736701602924,0.9739971571703273,0.958697531436471,-0.8299803440492501,-1.2129123028123376,-0.739913072335117,34.942
-0.7107736701602924,0.9739971571703273,0.9975696372830269,-0.8364330677140324,-1.2334803256339173,-0.7439264985540259,34.944
-0.7107736701602924,0.9739971571703273,1.037068712578721,-0.8517446153931767,-1.2540483484554967,-0.7479399247729348,34.933
-0.7107736701602924,0.9739971571703273,1.076567787874415,-0.8653062719089901,-1.2663292205247036,-0.726534984938754,34.923
-0.7107736701602924,0.9739971571703273,1.115126408996402,-0.8808365559835507,-1.2786100925939103,-0.705130045104573,34.913
-0.7107736701602924,0.9739971571703273,1.1539985148429583,-0.8995385177916483,-1.2908909646631173,-0.6837251052703922,34.897
-0.7107736701602924,0.9739971571703273,1.1949082713992125,-0.9140844880868354,-1.2959055038209257,-0.6997788101460279,34.887
-0.7107736701602924,0.9739971571703273,1.2333101501589152,-0.9263337262301508,-1.3009200429787342,-0.7158325150216636,34.879
-0.7107736701602924,0.9739971571703273,1.2723389983677558,-0.9379267551872171,-1.305934582136543,-0.7318862198972992,34.872
-0.7107736701602924,0.9739971571703273,1.311367846576596,-0.9487542067603263,-1.309686821155227,-0.7318862198972992,34.867
-0.7107736701602924,0.9739971571703273,1.350553437147721,-0.9580505035655209,-1.313439060173911,-0.7318862198972992,34.861
-0.7107736701602924,0.9739971571703273,1.390052512443415,-0.9716121600813344,-1.317191299192595,-0.7318862198972992,34.852
-0.7107736701602924,0.9739971571703273,1.428924618289971,-0.9822208752590272,-1.320943538211279,-0.7318862198972992,34.846
-0.7107736701602924,0.9739971571703273,1.4682669512233808,-0.9912984356688058,-1.3239152114846058,-0.7318862198972992,34.84
-0.7107736701602924,0.9739971571703273,1.50760928415679,-1.0030008328235802,-1.3268868847579323,-0.7318862198972992,34.833
-0.7107736701602924,0.9739971571703273,1.546481390003346,-1.0100003974769034,-1.3298585580312587,-0.7318862198972992,34.829
-0.7107736701602924,0.9739971571703273,1.5855102382121866,-1.0163437529439774,-1.3328302313045854,-0.7318862198972992,34.825
-0.7107736701602924,0.9739971571703273,1.6250093135078807,-1.0245463677720903,-1.3328960983221445,-0.7372374548558444,34.82
-0.7107736701602924,0.9739971571703273,1.664038161716721,-1.0328583507979114,-1.3329619653397033,-0.7425886898143896,34.816
-0.7107736701602924,0.9739971571703273,1.7027535252009927,-1.0392017062649856,-1.3330278323572624,-0.7479399247729348,34.812
-0.7107736701602924,0.9739971571703273,1.742566085221256,-1.0460919027206006,-1.3330042315899573,-0.7358996461162082,34.808
-0.7107736701602924,0.9739971571703273,1.7822219028792343,-1.0533102037693398,-1.3329806308226522,-0.7238593674594813,34.805
-0.7107736701602924,0.9739971571703273,1.822347947624066,-1.060419136620371,-1.3329570300553473,-0.7118190888027546,34.801
-0.7107736701602924,0.9739971571703273,1.8601228569346309,-1.0669812284828615,-1.3329334292880421,-0.6997788101460279,34.797
-0.7107736701602924,0.9739971571703273,1.8952331460863585,-1.0720121655774375,-0.5003781749281085,-0.6195102857678496,34.795
-0.5971956999991055,0.6632807811668695,-1.2552883358320917,1.8155269903137516,0.3321770794318251,-0.5392417613896714,35.818
-0.5971956999991055,0.6632807811668695,-1.2541911392961003,1.815745726709168,1.1647323337917586,-0.4589732370114932,35.817
-0.5971956999991055,0.6632807811668695,-1.2529372003978243,1.815745726709168,1.1690977514990257,-0.4910806467627645,35.818
-0.5971956999991055,0.6632807811668695,-1.2512130344126946,1.8160738313022924,1.1693008596212355,-0.4790403681060377,35.819
-0.5971956999991055,0.6632807811668695,-1.2498023531521343,1.8162925676977086,1.1695039677434453,-0.467000089449311,35.818
-0.5971956999991055,0.6632807811668695,-1.2480781871670046,1.8161831995000006,1.169707075865655,-0.45495981079258424,35.817
-0.5971956999991055,0.6632807811668695,-1.246354021181875,1.8161831995000006,1.1699101839878647,-0.4429195321358575,35.817
-0.5971956999991055,0.6632807811668695,-1.244473112834461,1.8161831995000006,1.1691653476215622,-0.4067986961656773,35.819
-0.5971956999991055,0.6632807811668695,-1.243219173936185,1.8162925676977086,1.1684205112552595,-0.37067786019549703,35.818
-0.5971956999991055,0.6632807811668695,-1.2419652350379091,1.8162925676977086,1.167675674888957,-0.3345570242253168,35.818
-0.5971956999991055,0.6632807811668695,-1.2407112961396332,1.8161831995000006,1.1669308385226547,-0.29843618825513657,35.818
-0.5971956999991055,0.6632807811668695,-1.2322472085762701,1.8161831995000006,1.165572819417544,-0.30378742321368185,35.817
-0.5971956999991055,0.6632807811668695,-1.2156325181741132,1.8165113040931253,1.1642148003124337,-0.3091386581722271,35.817
-0.5971956999991055,0.6632807811668695,-1.2002717666702323,1.8167300404885416,1.1628567812073234,-0.31448989313077236,35.82
-0.5971956999991055,0.6632807811668695,-1.1853812422532046,1.8130115217664637,1.1615146112719086,-0.282382483379501,35.865
-0.5971956999991055,0.6632807811668695,-1.1690800365756167,1.8048089069383508,1.1601724413364944,-0.25027507362822965,35.88
-0.5971956999991055,0.6632807811668695,-1.151995119086606,1.7926690369927436,1.1588302714010799,-0.2181676638769584,35.9
-0.5971956999991055,0.6632807811668695,-1.137888306481001,1.7341570512188709,1.157488101465665,-0.18606025412568705,35.909
-0.5971956999991055,0.6632807811668695,-1.1222140702525512,1.5868380889059615,1.1548133329158763,-0.08973802487187311,35.888
-0.5971956999991055,0.6632807811668695,-1.1062263492995321,1.4472842686303324,1.1521385643660873,0.006584204381940687,35.987
-0.5971956999991055,0.6632807811668695,-1.090238628346513,1.3002934109105475,1.1494637958162985,0.10290643363575462,35.857
-0.5971956999991055,0.6632807811668695,-1.0750346192049167,1.1863317488986311,1.1346307316311999,0.4320073835862853,35.752
-0.5971956999991055,0.6632807811668695,-1.0593603829764666,1.0399971003650954,1.1197976674461008,0.7611083335368163,35.644
-0.5971956999991055,0.6632807811668695,-1.0436861467480167,0.964533043946456,1.1049646032610017,1.090209283487347,35.623
-0.5971956999991055,0.6632807811668695,-1.0270714563458596,0.8337286794874808,1.090131539075903,1.4193102334378778,35.555
-0.5971956999991055,0.6632807811668695,-1.0123376742911168,0.7307038372463815,1.0611162392194735,1.7510868008676812,35.594
-0.5971956999991055,0.6632807811668695,-0.9966634380626667,0.6344598232631892,1.0321009393630443,2.0828633682974846,35.553
-0.5971956999991055,0.6632807811668695,-0.9806757171096476,0.5096707096781634,1.0030856395066148,2.4146399357272883,35.459
-0.5971956999991055,0.6632807811668695,-0.965471707968051,0.3994275663883249,0.9923856593360917,2.2260089034385695,35.353
-0.5971956999991055,0.6632807811668695,-0.9496407293773167,0.3378532710786233,0.9816856791655685,2.0373778711498507,35.303
-0.5971956999991055,0.6632807811668695,-0.9218973312529601,0.2734354026285094,0.9709856989950456,1.8487468388611317,35.295
-0.5971956999991055,0.6632807811668695,-0.8830252254064042,0.18987809957946497,0.9602857188245223,1.6601158065724126,35.295
-0.5971956999991055,0.6632807811668695,-0.8435261501107101,0.12196044880268934,0.9170280800903632,1.4995787578160562,35.299
-0.5971956999991055,0.6632807811668695,-0.8046540442641542,0.057980053143408115,0.8737704413562044,1.3390417090596995,35.286
-0.5971956999991055,0.6632807811668695,-0.7657819384175981,-0.0012975100144217444,0.8305128026220453,1.1785046603033429,35.261
-0.5971956999991055,0.6632807811668695,-0.7265963478464731,-0.03979511560769875,0.7889769038510158,0.9778333493578975,35.257
-0.5971956999991055,0.6632807811668695,-0.6864703031016411,-0.07304304771098344,0.7474410050799859,0.7771620384124517,35.259
-0.5971956999991055,0.6632807811668695,-0.6477549396173696,-0.10169751551052486,0.7059051063089565,0.5764907274670061,35.265
-0.5971956999991055,0.6632807811668695,-0.6091963184953826,-0.11329054446759121,0.664369207537927,0.37581941652156053,35.283
-0.5971956999991055,0.6632807811668695,-0.5696972431996886,-0.1253210462154902,0.6674339914323789,0.3009021271019276,35.289
-0.5971956999991055,0.6632807811668695,-0.530354910266279,-0.12707093737882097,0.6704987753268307,0.22598483768229466,35.318
-0.5971956999991055,0.6632807811668695,-0.4910125773328696,-0.14107006668546715,0.6735635592212825,0.15106754826266158,35.335
-0.5971956999991055,0.6632807811668695,-0.4516702443994601,-0.1607563422729383,0.6813046475625382,0.11360890355284511,35.337
-0.5971956999991055,0.6632807811668695,-0.4126413961906196,-0.1720212666368801,0.6890457359037941,0.0761502588430285,35.358
-0.5971956999991055,0.6632807811668695,-0.3740827750686326,-0.19794152949371718,0.6967868242450497,0.03869161413321204,35.351
-0.5971956999991055,0.6632807811668695,-0.33489718449750755,-0.2295489386313792,0.5996977524300354,-0.00144264805587712,35.317
-0.5971956999991055,0.6632807811668695,-0.29414417030353757,-0.27592105445964477,0.5026086806150207,-0.04157691024496615,35.259
-0.5971956999991055,0.6632807811668695,-0.2562125186306885,-0.3024975265027307,0.4055196088000065,-0.08171117243405532,35.233
-0.5971956999991055,0.6632807811668695,-0.21687018569727912,-0.30676288621334963,0.30843053698499223,-0.12184543462314447,35.26
-0.5971956999991055,0.6632807811668695,-0.17752785276386956,-0.32021517453145487,0.11558020630881752,-0.18606025412568705,35.264
-0.5971956999991055,0.6632807811668695,-0.13849900455502911,-0.34099513209600774,-0.07727012436735718,-0.25027507362822965,35.261
-0.5971956999991055,0.6632807811668695,-0.09978364107075753,-0.3569628889614011,-0.2701204550435319,-0.31448989313077236,35.26
-0.5971956999991055,0.6632807811668695,-0.06059805049963253,-0.3709620182680473,-0.46297078571970657,-0.3787047126333149,35.261
-0.5971956999991055,0.6632807811668695,-0.02156920229079206,-0.3901014528669775,-0.5203137638227711,-0.42151459230167665,35.249
-0.5971956999991055,0.6632807811668695,0.017773130642617478,-0.41755287049172907,-0.5776567419258356,-0.46432447197003834,35.222
-0.5971956999991055,0.6632807811668695,0.05727220593831155,-0.4458792336981458,-0.6349997200289003,-0.5071343516384,35.193
-0.5971956999991055,0.6632807811668695,0.09645779650943656,-0.46611235027415787,-0.6677972915351068,-0.5392417613896714,35.174
-0.5971956999991055,0.6632807811668695,0.13580012944284592,-0.4820801071395513,-0.7005948630413135,-0.5713491711409426,35.17
-0.5971956999991055,0.6632807811668695,0.1745154929271175,-0.5038443784834777,-0.7333924345475202,-0.603456580892214,35.155
-0.5971956999991055,0.6632807811668695,0.21385782586052704,-0.5230931812801162,-0.7661900060537268,-0.6355639906434852,35.147
-0.5971956999991055,0.6632807811668695,0.25367038588079,-0.5135781480795052,-0.8180814794468256,-0.6409152256020305,35.188
-0.5971956999991055,0.6632807811668695,0.29301271881419955,-0.5338112646555172,-0.8699729528399244,-0.6462664605605757,35.171
-0.5971956999991055,0.6632807811668695,0.33204156702304,-0.5668404603633854,-0.9218644262330233,-0.651617695519121,35.129
-0.5971956999991055,0.6632807811668695,0.37107041523188067,-0.5985572376987557,-0.9322824627845943,-0.6596445479569387,35.091
-0.5971956999991055,0.6632807811668695,0.41009926344072095,-0.6245868687533009,-0.9427004993361654,-0.6676714003947566,35.061
-0.5971956999991055,0.6632807811668695,0.449598338736415,-0.6344300065470365,-0.9531185358877363,-0.6756982528325743,35.058
-0.5971956999991055,0.6632807811668695,0.48847044458297095,-0.6607877421947063,-0.9635365724393072,-0.6837251052703922,35.035
-0.5971956999991055,0.6632807811668695,0.527656035154096,-0.6800365449913447,-0.9713942816784414,-0.6890763402289375,35.018
-0.5971956999991055,0.6632807811668695,0.5673118528120744,-0.690863996564454,-0.9792519909175755,-0.6944275751874827,35.017
-0.5971956999991055,0.6632807811668695,0.6064974433831994,-0.7082535400000535,-0.9871097001567095,-0.6997788101460279,35.01
-0.5971956999991055,0.6632807811668695,0.6458397763166092,-0.72881476116919,-1.008771785726572,-0.7078056625838457,34.993
-0.5971956999991055,0.6632807811668695,0.6861225634237257,-0.7418295766964625,-1.0304338712964343,-0.7158325150216636,34.987
-0.5971956999991055,0.6632807811668695,0.723583988009721,-0.7605315385045602,-1.0520959568662964,-0.7238593674594813,34.97
-0.5971956999991055,0.6632807811668695,0.762769578580846,-0.7727807766478756,-1.0737580424361586,-0.7318862198972992,34.965
-0.5971956999991055,0.6632807811668695,0.8021119115142558,-0.7837175964186929,-1.0900714659681998,-0.7318862198972992,34.965
-0.5971956999991055,0.6632807811668695,0.841140759723096,-0.7936701024101367,-1.106384889500241,-0.7318862198972992,34.962
-0.5971956999991055,0.6632807811668695,0.880326350294221,-0.807122390728242,-1.1226983130322823,-0.7318862198972992,34.954
-0.5971956999991055,0.6632807811668695,0.9196686832276307,-0.8176217377082267,-1.1306663834400663,-0.7318862198972992,34.95
-0.5971956999991055,0.6632807811668695,0.958697531436471,-0.8261524571294642,-1.1386344538478508,-0.7318862198972992,34.949
-0.5971956999991055,0.6632807811668695,0.9975696372830269,-0.838073590679655,-1.146602524255635,-0.7318862198972992,34.943
-0.5971956999991055,0.6632807811668695,1.0378524243901435,-0.8528382973702584,-1.1545705946634193,-0.7318862198972992,34.933
-0.5971956999991055,0.6632807811668695,1.0760975607875616,-0.8661812174906556,-1.1727990967119066,-0.7425886898143896,34.921
-0.5971956999991055,0.6632807811668695,1.11575337844554,-0.876571196272932,-1.1910275987603944,-0.75329115973148,34.913
-0.5971956999991055,0.6632807811668695,1.1549389690166652,-0.8930857941268661,-1.2092561008088822,-0.7639936296485705,34.9
-0.5971956999991055,0.6632807811668695,1.19412455958779,-0.9066474506426796,-1.2190714680463233,-0.7559667772107527,34.89
-0.5971956999991055,0.6632807811668695,1.2336236348834841,-0.9159437474478744,-1.2288868352837643,-0.7479399247729348,34.885
-0.5971956999991055,0.6632807811668695,1.2726524830923245,-0.9269899354163998,-1.2387022025212056,-0.739913072335117,34.878
-0.5971956999991055,0.6632807811668695,1.311367846576596,-0.9382548597803416,-1.2485175697586464,-0.7318862198972992,34.872
-0.5971956999991055,0.6632807811668695,1.350553437147721,-0.9472230519924117,-1.2590075457660768,-0.7318862198972992,34.867
-0.5971956999991055,0.6632807811668695,1.3898957700811307,-0.960456603915101,-1.2694975217735072,-0.7318862198972992,34.858
-0.5971956999991055,0.6632807811668695,1.4284543912031176,-0.9750025742102879,-1.2799874977809373,-0.7318862198972992,34.85
-0.5971956999991055,0.6632807811668695,1.4679534664988116,-0.9877986533421442,-1.2837550437721,-0.7278727936783902,34.842
-0.5971956999991055,0.6632807811668695,1.5074525417945057,-0.9958918999725489,-1.2875225897632623,-0.7238593674594813,34.837
-0.5971956999991055,0.6632807811668695,1.546167905278777,-1.0047507239869111,-1.2912901357544249,-0.7198459412405726,34.831
-0.5971956999991055,0.6632807811668695,1.5858237229367558,-1.0126252342218993,-1.2950576817455874,-0.7158325150216636,34.827
-0.5971956999991055,0.6632807811668695,1.6253227982324494,-1.0200622716660552,-1.299446952719709,-0.7211837499802086,34.823
-0.5971956999991055,0.6632807811668695,1.6643516464412902,-1.0284836228895846,-1.3038362236938308,-0.726534984938754,34.818
-0.5971956999991055,0.6632807811668695,1.7036939793746995,-1.036248764926865,-1.3082254946679523,-0.7318862198972992,34.814
-0.5971956999991055,0.6632807811668695,1.7428795699458246,-1.0442326433595615,-1.3121970386583777,-0.7318862198972992,34.809
-0.5971956999991055,0.6632807811668695,1.781594933430096,-1.050794735222052,-1.316168582648803,-0.7318862198972992,34.806
-0.5971956999991055,0.6632807811668695,1.8209372663635057,-1.0570287224914179,-1.3201401266392283,-0.7318862198972992,34.802
-0.5971956999991055,0.6632807811668695,1.8605930840214842,-1.0635908143539083,-1.3241116706296534,-0.7318862198972992,34.799
-0.5971956999991055,0.6632807811668695,1.8825370147413143,-1.0674187012736942,-0.7045024807327518,-0.6596445479569387,34.796
-0.8243516403214913,0.4457793179644675,-1.2551315934698073,1.8129021535687555,-0.08489329083585026,-0.5874028760165784,36.023
-0.8243516403214913,0.4457793179644675,-1.2541911392961003,1.8126834171733393,0.5347158990610515,-0.5151612040762179,36.033
-0.8243516403214913,0.4457793179644675,-1.2527804580355397,1.8135583627550045,1.1543250889579528,-0.4429195321358575,36.031
-0.8243516403214913,0.4457793179644675,-1.2510562920504102,1.8141052037435452,1.1549113909933493,-0.282382483379501,36.029
-0.8243516403214913,0.4457793179644675,-1.2494888684275651,1.814323940138962,1.1552131753852597,-0.2783690571605921,36.029
-0.8243516403214913,0.4457793179644675,-1.2480781871670046,1.8144333083366697,1.1555149597771701,-0.2743556309416832,36.028
-0.8243516403214913,0.4457793179644675,-1.246354021181875,1.8145426765343782,1.1558167441690808,-0.2703422047227742,36.028
-0.8243516403214913,0.4457793179644675,-1.2451000822835991,1.8147614129297942,1.1561185285609912,-0.2663287785038654,36.029
-0.8243516403214913,0.4457793179644675,-1.2436894010230386,1.8145426765343782,1.1564339344988812,-0.19810053278241382,36.028
-0.8243516403214913,0.4457793179644675,-1.2418084926756248,1.8147614129297942,1.156749340436771,-0.1298722870609624,36.028
-0.8243516403214913,0.4457793179644675,-1.2399275843282107,1.8148707811275027,1.157064746374661,-0.06164404133951086,36.027
-0.8243516403214913,0.4457793179644675,-1.2316202391271323,1.8146520447320864,1.157380152312551,0.006584204381940687,36.028
-0.8243516403214913,0.4457793179644675,-1.216259487623251,1.8151988857206272,1.1537910987751914,0.18852619297247805,36.029
-0.8243516403214913,0.4457793179644675,-1.1998015395833785,1.814980149325211,1.1502020452378314,0.3704681815630154,36.032
-0.8243516403214913,0.4457793179644675,-1.1847542728040668,1.8025121747864792,1.146612991700472,0.5524101701535528,36.047
-0.8243516403214913,0.4457793179644675,-1.168923294213332,1.7649988829725756,1.1409778604502534,0.6126115634371865,36.15
-0.8243516403214913,0.4457793179644675,-1.1521518614488906,1.7051744788262049,1.135342729200035,0.67281295672082,36.1
-0.8243516403214913,0.4457793179644675,-1.1374180793941477,1.5501997426737233,1.129707597949817,0.7330143500044538,35.946
-0.8243516403214913,0.4457793179644675,-1.1223708126148355,1.4462999548509587,1.1240724666995987,0.7932157432880875,36.043
-0.8243516403214913,0.4457793179644675,-1.1055993798503942,1.3691953754666968,1.1017258835223886,1.232017009888795,36.037
-0.8243516403214913,0.4457793179644675,-1.0905521130710822,1.2572023410135273,1.0793793003451786,1.670818276489503,35.872
-0.8243516403214913,0.4457793179644675,-1.0745643921180632,1.1145862112020697,1.0570327171679685,2.109619543090211,35.754
-0.8243516403214913,0.4457793179644675,-1.0585766711650442,0.941237617834615,1.0420242675845197,2.101592690652393,35.62
-0.8243516403214913,0.4457793179644675,-1.0439996314725857,0.8432437126880917,1.0270158180010704,2.093565838214575,35.613
-0.8243516403214913,0.4457793179644675,-1.028168652881851,0.781560049180682,1.0120073684176214,2.0855389857767577,35.656
-0.8243516403214913,0.4457793179644675,-1.0120241895665476,0.6955966457820577,0.9969989188341725,2.07751213333894,35.578
-0.8243516403214913,0.4457793179644675,-0.9961932109758131,0.6166328070367569,0.9799224457137866,1.8955701447484021,35.526
-0.8243516403214913,0.4457793179644675,-0.9802054900227942,0.5238885753802262,0.9628459725934012,1.713628156157865,35.444
-0.8243516403214913,0.4457793179644675,-0.9646879961566286,0.4451434730303412,0.9457694994730154,1.5316861675673275,35.4
-0.8243516403214913,0.4457793179644675,-0.9493272446527476,0.35939880602713353,0.8930947893177966,1.2868671682138835,35.347
-0.8243516403214913,0.4457793179644675,-0.9240917243249431,0.27354477082621753,0.8404200791625779,1.04204816886044,35.296
-0.8243516403214913,0.4457793179644675,-0.8831819677686885,0.19523714126716538,0.7877453690073591,0.7972291695069965,35.322
-0.8243516403214913,0.4457793179644675,-0.8439963771975636,0.1114611018227047,0.7350706588521404,0.5524101701535528,35.319
-0.8243516403214913,0.4457793179644675,-0.8044973019018696,0.03238789487969559,0.6777238650108439,0.482844115692465,35.274
-0.8243516403214913,0.4457793179644675,-0.7656251960553137,-0.009281388447118432,0.6203770711695469,0.41327806123137717,35.262
-0.8243516403214913,0.4457793179644675,-0.7264396054841886,-0.03334239194291661,0.5630302773282503,0.34371200677028935,35.261
-0.8243516403214913,0.4457793179644675,-0.6867837878262101,-0.05587224067080024,0.4974866275966945,0.23133607264083977,35.26
-0.8243516403214913,0.4457793179644675,-0.6479116819796541,-0.0868234406222132,0.4319429778651386,0.11896013851139023,35.26
-0.8243516403214913,0.4457793179644675,-0.6080991219593911,-0.1050879296394781,0.3663993281335827,0.006584204381940687,35.279
-0.8243516403214913,0.4457793179644675,-0.5701674702865421,-0.11832148156216711,0.30085567840202687,-0.10579172974750886,35.302
-0.8243516403214913,0.4457793179644675,-0.5309818797154171,-0.13308618825277047,0.29459524571364315,-0.10044049478896361,35.324
-0.8243516403214913,0.4457793179644675,-0.49116931969515404,-0.1503663634906618,0.2883348130252596,-0.0950892598304185,35.33
-0.8243516403214913,0.4457793179644675,-0.4521404714863135,-0.1627249698316855,0.2820743803368759,-0.08973802487187324,35.334
-0.8243516403214913,0.4457793179644675,-0.4126413961906196,-0.17256810762542107,0.2011613068558701,-0.08572459865296428,35.352
-0.8243516403214913,0.4457793179644675,-0.3732990632572101,-0.2100813994393245,0.12024823337486414,-0.08171117243405532,35.311
-0.8243516403214913,0.4457793179644675,-0.33427021504836957,-0.2396108128205312,0.03933515989385835,-0.07769774621514647,35.282
-0.8243516403214913,0.4457793179644675,-0.2952413668395291,-0.2617031887575822,-0.04157791358714743,-0.07368431999623751,35.278
-0.8243516403214913,0.4457793179644675,-0.25589903390611957,-0.2782177866115163,-0.13593316457276078,-0.13254790454023496,35.281
-0.8243516403214913,0.4457793179644675,-0.21702692805956347,-0.29691974841961405,-0.23028841555837412,-0.1914114890842323,35.283
-0.8243516403214913,0.4457793179644675,-0.17768459512615412,-0.32316811586957545,-0.32464366654398746,-0.25027507362822976,35.262
-0.8243516403214913,0.4457793179644675,-0.13818551983046004,-0.34766659215620627,-0.3971535091863564,-0.30244961447404556,35.247
-0.8243516403214913,0.4457793179644675,-0.09915667162161956,-0.3610095122766034,-0.4696633518287253,-0.35462415531986147,35.248
-0.8243516403214913,0.4457793179644675,-0.05997108105049456,-0.3831018882136544,-0.5421731944710942,-0.4067986961656773,35.232
-0.8243516403214913,0.4457793179644675,-0.020942232841654095,-0.41503740194444094,-0.6146830371134632,-0.4589732370114932,35.197
-0.8243516403214913,0.4457793179644675,0.018713584816324513,-0.4215994938069314,-0.6555145911090947,-0.480378176845674,35.215
-0.8243516403214913,0.4457793179644675,0.05742894830059591,-0.45047269800188927,-0.6963461451047263,-0.5017831166798549,35.19
-0.8243516403214913,0.4457793179644675,0.09598756942258295,-0.47781474742893254,-0.7371776991003578,-0.5231880565140358,35.167
-0.8243516403214913,0.4457793179644675,0.13674058361655295,-0.48995461737453966,-0.7594009539940205,-0.5512820400463981,35.169
-0.8243516403214913,0.4457793179644675,0.17498572001397092,-0.49389187249203387,-0.7816242088876832,-0.5793760235787605,35.188
-0.8243516403214913,0.4457793179644675,0.21432805294738047,-0.5145624618588786,-0.803847463781346,-0.607470007111123,35.175
-0.8243516403214913,0.4457793179644675,0.25351364351850547,-0.522983813082408,-0.8260707186750088,-0.6355639906434852,35.176
-0.8243516403214913,0.4457793179644675,0.29316946117648407,-0.5405920929134238,-0.8469755368855516,-0.6409152256020305,35.164
-0.8243516403214913,0.4457793179644675,0.33251179410989345,-0.5708870836785879,-0.8678803550960942,-0.6462664605605757,35.128
-0.8243516403214913,0.4457793179644675,0.371227157594165,-0.6085097436901995,-0.8887851733066368,-0.651617695519121,35.08
-0.8243516403214913,0.4457793179644675,0.41025600580300564,-0.6256805507303826,-0.9084131112077836,-0.6596445479569387,35.068
-0.8243516403214913,0.4457793179644675,0.44944159637413067,-0.6426326213751495,-0.92804104910893,-0.6676714003947566,35.054
-0.8243516403214913,0.4457793179644675,0.4883137022206866,-0.6630844743465779,-0.9476689870100766,-0.6756982528325743,35.033
-0.8243516403214913,0.4457793179644675,0.5281262622409494,-0.6786147584211385,-0.9672969249112233,-0.6837251052703922,35.02
-0.8243516403214913,0.4457793179644675,0.5674685951743591,-0.6983010340086097,-0.9902098062760252,-0.6837251052703922,35.002
-0.8243516403214913,0.4457793179644675,0.6060272162963459,-0.7097846947679679,-1.013122687640827,-0.6837251052703922,34.997
-0.8243516403214913,0.4457793179644675,0.645212806867471,-0.7240025604700304,-1.0360355690056289,-0.6837251052703922,34.99
-0.8243516403214913,0.4457793179644675,0.6858090786991566,-0.7378923215789683,-1.0467719724226898,-0.69175195770821,34.985
-0.8243516403214913,0.4457793179644675,0.7234272456474367,-0.7583441745503968,-1.057508375839751,-0.6997788101460279,34.965
-0.8243516403214913,0.4457793179644675,0.7621426091317082,-0.767312366762467,-1.0682447792568122,-0.7078056625838456,34.963
-0.8243516403214913,0.4457793179644675,0.8013281997028332,-0.7764992953699534,-1.078981182673873,-0.7158325150216636,34.961
-0.8243516403214913,0.4457793179644675,0.8412975020853807,-0.7824051780461949,-1.092567393638256,-0.7265349849387539,34.967
-0.8243516403214913,0.4457793179644675,0.8804830926565057,-0.7944356797940939,-1.1061536046026392,-0.7372374548558444,34.963
-0.8243516403214913,0.4457793179644675,0.9196686832276307,-0.8042788175878295,-1.119739815567022,-0.7479399247729348,34.961
-0.8243516403214913,0.4457793179644675,0.9591677585233245,-0.8188247878830166,-1.1351265636207248,-0.7439264985540259,34.952
-0.8243516403214913,0.4457793179644675,0.997883122007596,-0.8318396034102892,-1.1505133116744275,-0.739913072335117,34.945
-0.8243516403214913,0.4457793179644675,1.0372254549410058,-0.8464949419031844,-1.1659000597281302,-0.7358996461162082,34.936
-0.8243516403214913,0.4457793179644675,1.0768812725989843,-0.8642125899319084,-1.1812868077818328,-0.7318862198972992,34.924
-0.8243516403214913,0.4457793179644675,1.1149696666341176,-0.8812740287743835,-1.2015665841949459,-0.7372374548558444,34.91
-0.8243516403214913,0.4457793179644675,1.154625484292096,-0.9006321997687301,-1.2218463606080587,-0.7425886898143896,34.895
-0.8243516403214913,0.4457793179644675,1.19412455958779,-0.9137563834937108,-1.2421261370211718,-0.7479399247729348,34.887
-0.8243516403214913,0.4457793179644675,1.2334668925211996,-0.9264430944278591,-1.2512795278204543,-0.7479399247729348,34.879
-0.8243516403214913,0.4457793179644675,1.2726524830923245,-0.9373799141986762,-1.2604329186197367,-0.7479399247729348,34.872
-0.8243516403214913,0.4457793179644675,1.311681331301165,-0.9478792611786608,-1.2695863094190192,-0.7479399247729348,34.866
-0.8243516403214913,0.4457793179644675,1.350553437147721,-0.9589254491471864,-1.2787397002183014,-0.7479399247729348,34.86
-0.8243516403214913,0.4457793179644675,1.389739027718846,-0.9705184781042527,-1.2896454774340544,-0.7479399247729348,34.853
-0.8243516403214913,0.4457793179644675,1.4295515877391092,-0.9826583480498601,-1.3005512546498073,-0.7479399247729348,34.845
-0.8243516403214913,0.4457793179644675,1.468110208861096,-0.9919546448550547,-1.3114570318655603,-0.7479399247729348,34.839
-0.8243516403214913,0.4457793179644675,1.5072957994322211,-1.000922837067125,-1.316684573845105,-0.7439264985540259,34.834
-0.8243516403214913,0.4457793179644675,1.5467948747279152,-1.0100003974769034,-1.3219121158246496,-0.739913072335117,34.829
-0.8243516403214913,0.4457793179644675,1.5855102382121866,-1.0197341670729305,-1.327139657804194,-0.7358996461162082,34.823
-0.8243516403214913,0.4457793179644675,1.626106510043872,-1.0283742546918764,-1.3323671997837385,-0.7318862198972992,34.818
-0.8243516403214913,0.4457793179644675,1.6641949040790058,-1.036248764926865,-1.3325848656933978,-0.726534984938754,34.814
-0.8243516403214913,0.4457793179644675,1.7033804946501307,-1.0423733839985225,-1.332802531603057,-0.7211837499802086,34.811
-0.8243516403214913,0.4457793179644675,1.742095858134402,-1.0493729486518457,-1.3330201975127165,-0.7158325150216636,34.807
-0.8243516403214913,0.4457793179644675,1.7811247063432427,-1.055169463130379,-1.3329958980816095,-0.7198459412405726,34.804
-0.8243516403214913,0.4457793179644675,1.8206237816389368,-1.0617315549928692,-1.3329715986505022,-0.7238593674594813,34.8
-0.8243516403214913,0.4457793179644675,1.8615335381951912,-1.0687311196461922,-1.3329472992193951,-0.7278727936783902,34.796
-0.8243516403214913,0.4457793179644675,1.8811263334807535,-1.0720121655774375,-1.332922999788288,-0.7318862198972992,34.794
0.31142806129045014,0.13506294196100974,-1.2552883358320917,1.8024028065887707,-0.08404295719471007,-0.6195102857678496,36.053
0.31142806129045014,0.13506294196100974,-1.2541911392961003,1.8024028065887707,1.164837085398868,-0.5071343516384,36.057
0.31142806129045014,0.13506294196100974,-1.2529372003978243,1.8025121747864792,1.1643783654490538,-0.4991074992005823,36.058
0.31142806129045014,0.13506294196100974,-1.2512130344126946,1.8025121747864792,1.1639196454992395,-0.4910806467627645,36.059
0.31142806129045014,0.13506294196100974,-1.2491753837029962,1.8028402793796037,1.1622107809880218,-0.4348926796980397,36.057
0.31142806129045014,0.13506294196100974,-1.2480781871670046,1.8027309111818952,1.1605019164768042,-0.3787047126333149,36.058
0.31142806129045014,0.13506294196100974,-1.2468242482687286,1.8028402793796037,1.1587930519655865,-0.3225167455685901,36.059
0.31142806129045014,0.13506294196100974,-1.245413567008168,1.8029496475773115,1.1570841874543687,-0.2663287785038654,36.058
0.31142806129045014,0.13506294196100974,-1.2440028857476078,1.80305901577502,1.155722960144767,-0.2783690571605921,36.057
0.31142806129045014,0.13506294196100974,-1.2424354621247626,1.80305901577502,1.1543617328351654,-0.2904093358173188,36.058
0.31142806129045014,0.13506294196100974,-1.2402410690527796,1.80305901577502,1.1530005055255637,-0.30244961447404556,36.057
0.31142806129045014,0.13506294196100974,-1.2314634967648477,1.8029496475773115,1.151639278215962,-0.31448989313077236,36.058
0.31142806129045014,0.13506294196100974,-1.2159460028986822,1.8029496475773115,1.151412550887265,-0.28773371833804623,36.058
0.31142806129045014,0.13506294196100974,-1.2007419937570856,1.7998873380414828,1.1511858235585684,-0.2609775435453201,36.059
0.31142806129045014,0.13506294196100974,-1.184284045717213,1.7982468150758601,1.1509590962298715,-0.23422136875259403,36.062
0.31142806129045014,0.13506294196100974,-1.1686098094887631,1.796278187517113,1.1538344255235529,-0.1820468279067782,36.064
0.31142806129045014,0.13506294196100974,-1.1537192850717357,1.7507810172705132,1.1567097548172347,-0.1298722870609624,36.075
0.31142806129045014,0.13506294196100974,-1.1382017912055702,1.5776511602984749,1.1595850841109163,-0.07769774621514647,35.995
0.31142806129045014,0.13506294196100974,-1.1217438431656976,1.498031112366925,1.162460413404598,-0.025523205369330663,36.049
0.31142806129045014,0.13506294196100974,-1.1059128645749632,1.387131759890837,1.1600076824493657,0.017286674299031055,36.023
0.31142806129045014,0.13506294196100974,-1.0908655977956512,1.164895582147829,1.1575549514941337,0.0600965539673929,35.776
0.31142806129045014,0.13506294196100974,-1.0755048462917702,1.0596833759525663,1.1551022205389017,0.10290643363575462,35.753
0.31142806129045014,0.13506294196100974,-1.0598306100633201,0.9390502538804516,1.1494392386629837,0.21929579398411314,35.683
0.31142806129045014,0.13506294196100974,-1.043215919661163,0.7912938187767093,1.1437762567870653,0.33568515433247137,35.548
0.31142806129045014,0.13506294196100974,-1.027855168157282,0.7220637496274358,1.1381132749111473,0.4520745146808299,35.503
0.31142806129045014,0.13506294196100974,-1.0121809319288322,0.6145548112803014,1.1324502930352294,0.5684638750291884,35.424
0.31142806129045014,0.13506294196100974,-0.9966634380626667,0.5439029555608218,1.1133497306600095,0.8895379725419015,35.389
0.31142806129045014,0.13506294196100974,-0.9814594289210701,0.4975308397325561,1.0942491682847901,1.2106120700546146,35.354
0.31142806129045014,0.13506294196100974,-0.965471707968051,0.45083061931116614,1.0751486059095705,1.5316861675673275,35.353
0.31142806129045014,0.13506294196100974,-0.9488570175658942,0.39286547452583465,1.059540584474806,1.672156085229139,35.339
0.31142806129045014,0.13506294196100974,-0.9212703618038222,0.2803255990841242,1.043932563040042,1.8126260028909515,35.269
0.31142806129045014,0.13506294196100974,-0.8825549983195505,0.17226981974844913,1.0283245416052775,1.9530959205527632,35.287
0.31142806129045014,0.13506294196100974,-0.8439963771975636,0.11178920641582923,1.012716520170513,2.093565838214575,35.314
0.31142806129045014,0.13506294196100974,-0.8052810137132922,0.05404279802591393,0.9889697529148792,1.9330287894582183,35.312
0.31142806129045014,0.13506294196100974,-0.7653117113307446,-0.006437815306705951,0.9652229856592452,1.7724917407018623,35.281
0.31142806129045014,0.13506294196100974,-0.7259693783973351,-0.051169408169348674,0.9414762184036113,1.6119546919455057,35.261
0.31142806129045014,0.13506294196100974,-0.6869405301884947,-0.07402736149035703,0.9270543266592388,1.451417643189149,35.274
0.31142806129045014,0.13506294196100974,-0.6480684243419386,-0.0960103692296997,0.9126324349148667,1.2908805944327928,35.275
0.31142806129045014,0.13506294196100974,-0.609039576133098,-0.11329054446759121,0.8982105431704943,1.1303435456764364,35.29
0.31142806129045014,0.13506294196100974,-0.569540500837404,-0.1271803055765291,0.8837886514261218,0.9698064969200797,35.309
0.31142806129045014,0.13506294196100974,-0.5308251373531325,-0.1546317232012807,0.8312589393237232,0.7825132733709973,35.294
0.31142806129045014,0.13506294196100974,-0.4913260620574386,-0.18055198605811776,0.7787292272213246,0.5952200498219146,35.268
0.31142806129045014,0.13506294196100974,-0.4521404714863135,-0.2052691987401648,0.7261995151189261,0.407926826272832,35.246
0.31142806129045014,0.13506294196100974,-0.41279813855290415,-0.20100383902954608,0.5952434749193017,0.29956431836229147,35.292
0.31142806129045014,0.13506294196100974,-0.3732990632572101,-0.22090885101243365,0.464287434719677,0.1912018104517506,35.295
0.31142806129045014,0.13506294196100974,-0.33411347268608504,-0.25251626015009565,0.3333313945200523,0.08283930254121004,35.268
0.31142806129045014,0.13506294196100974,-0.2947711397526755,-0.2590783520125861,0.2023753543204279,-0.025523205369330663,35.295
0.31142806129045014,0.13506294196100974,-0.25589903390611957,-0.28062388696109614,0.010981565536856195,-0.1111429647060541,35.286
0.31142806129045014,0.13506294196100974,-0.21655670097271004,-0.30730972720189037,-0.18041222324671533,-0.19676272404277753,35.261
0.31142806129045014,0.13506294196100974,-0.17784133748843847,-0.32721473918477795,-0.37180601203028707,-0.282382483379501,35.251
0.31142806129045014,0.13506294196100974,-0.1380287774681755,-0.349963324308078,-0.44638235830939177,-0.3305435980064079,35.234
0.31142806129045014,0.13506294196100974,-0.09994038343304207,-0.3630875080330587,-0.5209587045884965,-0.3787047126333149,35.24
0.31142806129045014,0.13506294196100974,-0.060284565775063456,-0.38255504722511363,-0.5955350508676012,-0.4268658272602218,35.231
0.31142806129045014,0.13506294196100974,-0.020628748117085025,-0.41416245636277566,-0.6701113971467059,-0.4750269418871288,35.195
0.31142806129045014,0.13506294196100974,0.01855684245403998,-0.4360360959044102,-0.753840985326034,-0.4857294118042192,35.175
0.31142806129045014,0.13506294196100974,0.05789917538744952,-0.45386311213084246,-0.8375705735053621,-0.49643188172130964,35.169
0.31142806129045014,0.13506294196100974,0.09677128123400545,-0.4646905637039517,-0.9213001616846904,-0.5071343516384,35.173
0.31142806129045014,0.13506294196100974,0.13658384125426842,-0.48492368027996374,-0.9302828656663065,-0.5285392914725809,35.163
0.31142806129045014,0.13506294196100974,0.17482897765168656,-0.49498555446911574,-0.9392655696479227,-0.5499442313067618,35.167
0.31142806129045014,0.13506294196100974,0.21385782586052704,-0.5170779304061668,-0.948248273629539,-0.5713491711409427,35.148
0.31142806129045014,0.13506294196100974,0.25335690115622095,-0.539389042738634,-0.9550914313651886,-0.5981053459336687,35.131
0.31142806129045014,0.13506294196100974,0.29301271881419955,-0.5545912222200701,-0.9619345891008382,-0.6248615207263949,35.122
0.31142806129045014,0.13506294196100974,0.3321983093853246,-0.5639968872229729,-0.9687777468364878,-0.651617695519121,35.129
0.31142806129045014,0.13506294196100974,0.371227157594165,-0.5844487401944014,-0.9546183821458791,-0.6623201654362113,35.111
0.31142806129045014,0.13506294196100974,0.41025600580300564,-0.6211964546243475,-0.9404590174552706,-0.6730226353533019,35.069
0.31142806129045014,0.13506294196100974,0.4488146269249925,-0.6393515754439043,-0.926299652764662,-0.6837251052703922,35.055
0.31142806129045014,0.13506294196100974,0.4878434751338332,-0.6619907923694962,-0.9221592143942758,-0.69175195770821,35.034
0.31142806129045014,0.13506294196100974,0.527656035154096,-0.6778491810371813,-0.9180187760238896,-0.6997788101460279,35.023
0.31142806129045014,0.13506294196100974,0.566841625725221,-0.6910827329598702,-0.9138783376535035,-0.7078056625838456,35.015
0.31142806129045014,0.13506294196100974,0.6058704739340616,-0.7048631258711001,-0.9097378992831173,-0.7158325150216636,35.006
0.31142806129045014,0.13506294196100974,0.6453695492297556,-0.7210496191319097,-0.9266199232358736,-0.7211837499802086,34.99
0.31142806129045014,0.13506294196100974,0.684711882163165,-0.7360330622179294,-0.9435019471886298,-0.726534984938754,34.983
0.31142806129045014,0.13506294196100974,0.723583988009721,-0.7522195554787391,-0.9603839711413861,-0.7318862198972992,34.971
0.31142806129045014,0.13506294196100974,0.7622993514939925,-0.7684060487395487,-0.9868409783904863,-0.7278727936783902,34.963
0.31142806129045014,0.13506294196100974,0.8027388809633935,-0.7772648727539108,-1.0132979856395863,-0.7238593674594813,34.965
0.31142806129045014,0.13506294196100974,0.8409840173608116,-0.786342433163689,-1.0397549928886864,-0.7198459412405726,34.966
0.31142806129045014,0.13506294196100974,0.8798561232073676,-0.7983729349115881,-1.0662120001377864,-0.7158325150216636,34.959
0.31142806129045014,0.13506294196100974,0.9196686832276307,-0.8152156373586468,-1.090430958604552,-0.7198459412405726,34.946
0.31142806129045014,0.13506294196100974,0.958697531436471,-0.827902348292795,-1.1146499170713176,-0.7238593674594813,34.94
0.31142806129045014,0.13506294196100974,0.9974128949207426,-0.8370892769002815,-1.138868875538083,-0.7278727936783902,34.938
0.31142806129045014,0.13506294196100974,1.0367552278541519,-0.8466043101008925,-1.1630878340048487,-0.7318862198972992,34.935
0.31142806129045014,0.13506294196100974,1.0760975607875616,-0.8629001715594103,-1.1835160387981356,-0.726534984938754,34.926
0.31142806129045014,0.13506294196100974,1.1152831513586867,-0.8790866648202201,-1.2039442435914223,-0.7211837499802086,34.914
0.31142806129045014,0.13506294196100974,1.154311999567527,-0.896804312848944,-1.2243724483847092,-0.7158325150216636,34.898
0.31142806129045014,0.13506294196100974,1.1936543325009368,-0.9100378647716328,-1.2325024466789742,-0.7198459412405726,34.889
0.31142806129045014,0.13506294196100974,1.2328399230720617,-0.9241463622759873,-1.240632444973239,-0.7238593674594813,34.881
0.31142806129045014,0.13506294196100974,1.2723389983677558,-0.9351925502445128,-1.248762443267504,-0.7278727936783902,34.874
0.31142806129045014,0.13506294196100974,1.311681331301165,-0.946676211003871,-1.256892441561769,-0.7318862198972992,34.868
0.31142806129045014,0.13506294196100974,1.350553437147721,-0.959253553740311,-1.263879216010365,-0.726534984938754,34.861
0.31142806129045014,0.13506294196100974,1.389739027718846,-0.9680030095569648,-1.2708659904589605,-0.7211837499802086,34.854
0.31142806129045014,0.13506294196100974,1.42923810301454,-0.9786117247346575,-1.2778527649075562,-0.7158325150216636,34.848
0.31142806129045014,0.13506294196100974,1.4684236935856652,-0.9904234900871404,-1.2852907813117103,-0.7198459412405726,34.841
0.31142806129045014,0.13506294196100974,1.5072957994322211,-1.0008134688694168,-1.2927287977158644,-0.7238593674594813,34.834
0.31142806129045014,0.13506294196100974,1.546481390003346,-1.0109847112562769,-1.3001668141200184,-0.7278727936783902,34.828
0.31142806129045014,0.13506294196100974,1.5859804652990401,-1.0197341670729305,-1.3076048305241725,-0.7318862198972992,34.823
0.31142806129045014,0.13506294196100974,1.625166055870165,-1.0280461500987519,-1.3135928071389391,-0.726534984938754,34.819
0.31142806129045014,0.13506294196100974,1.6643516464412902,-1.0371237105085302,-1.3195807837537055,-0.7211837499802086,34.814
0.31142806129045014,0.13506294196100974,1.7036939793746995,-1.0456544299297679,-1.3255687603684718,-0.7158325150216636,34.809
0.31142806129045014,0.13506294196100974,1.742409342858971,-1.0538570447578808,-0.8282295242095342,-0.6644606594196295,34.805
0.31142806129045014,0.13506294196100974,1.7819084181546652,-1.0619502913882857,-0.3308902880505965,-0.6130888038175953,34.801
0.31142806129045014,0.13506294196100974,1.8239153712469112,-1.0691685924370251,0.16644894810834118,-0.5617169482155613,34.797
0.9928958822576078,-0.4552981724455363,-1.2552883358320917,1.7604054186688323,0.6637881842672789,-0.5103450926135272,36.039
0.9928958822576078,-0.4552981724455363,-1.2543478816583846,1.7604054186688323,1.1611274204262163,-0.4589732370114932,36.039
0.9928958822576078,-0.4552981724455363,-1.2529372003978243,1.7605147868665405,1.1626438566188795,-0.4268658272602219,36.038
0.9928958822576078,-0.4552981724455363,-1.2512130344126946,1.7605147868665405,1.1641602928115427,-0.3947584175089505,36.038
0.9928958822576078,-0.4552981724455363,-1.2498023531521343,1.7605147868665405,1.1656767290042056,-0.3626510077576792,36.038
0.9928958822576078,-0.4552981724455363,-1.2483916718915735,1.7604054186688323,1.1671931651968688,-0.3305435980064079,36.039
0.9928958822576078,-0.4552981724455363,-1.2469809906310132,1.7604054186688323,1.1662135330274512,-0.31047646691186337,36.039
0.9928958822576078,-0.4552981724455363,-1.2455703093704527,1.7604054186688323,1.165233900858034,-0.2904093358173188,36.039
0.9928958822576078,-0.4552981724455363,-1.2440028857476078,1.7604054186688323,1.1642542686886168,-0.2703422047227743,36.039
0.9928958822576078,-0.4552981724455363,-1.2424354621247626,1.7604054186688323,1.1632746365191993,-0.25027507362822976,36.039
0.9928958822576078,-0.4552981724455363,-1.2408680385019177,1.7604054186688323,1.1624590064843559,-0.20211395900132278,36.039
0.9928958822576078,-0.4552981724455363,-1.2316202391271323,1.7604054186688323,1.1616433764495122,-0.1539528443744158,36.038
0.9928958822576078,-0.4552981724455363,-1.2159460028986822,1.7606241550642487,1.1608277464146688,-0.10579172974750886,36.038
0.9928958822576078,-0.4552981724455363,-1.200585251394801,1.760842891459665,1.1617471368173604,-0.06967089377732867,36.039
0.9928958822576078,-0.4552981724455363,-1.1845975304417822,1.7609522596573735,1.1626665272200516,-0.033550057807148474,36.042
0.9928958822576078,-0.4552981724455363,-1.1690800365756167,1.761280364250498,1.163585917622743,0.0025707781630318455,36.046
0.9928958822576078,-0.4552981724455363,-1.1532490579848822,1.762045941634455,1.1645053080254346,0.03869161413321204,36.067
0.9928958822576078,-0.4552981724455363,-1.1363208828581561,1.7331727374394972,1.1636021078640129,0.5898688148633694,36.135
0.9928958822576078,-0.4552981724455363,-1.1223708126148355,1.5783073694847238,1.1626989077025913,1.1410460155935265,36.013
0.9928958822576078,-0.4552981724455363,-1.1059128645749632,1.436238080661807,1.1617957075411696,1.6922232163236839,36.055
0.9928958822576078,-0.4552981724455363,-1.090238628346513,1.3119958080653222,1.1588231408734895,1.4915519053782382,35.927
0.9928958822576078,-0.4552981724455363,-1.0744076497557786,1.1559273899357592,1.155850574205809,1.2908805944327928,35.773
0.9928958822576078,-0.4552981724455363,-1.0590468982518977,1.0426219371100915,1.1528780075381289,1.090209283487347,35.698
0.9928958822576078,-0.4552981724455363,-1.0433726620234476,0.9213326058517273,1.1499054408704488,0.8895379725419015,35.63
0.9928958822576078,-0.4552981724455363,-1.028168652881851,0.6923155998508128,1.1379768889155664,0.9591040270029892,35.353
0.9928958822576078,-0.4552981724455363,-1.0126511590156857,0.5527617795751838,1.1260483369606837,1.028670081464077,35.186
0.9928958822576078,-0.4552981724455363,-0.9971336651495202,0.5021243040362995,1.1141197850058013,1.098236135925165,35.171
0.9928958822576078,-0.4552981724455363,-0.980518974747363,0.42961318895578066,1.0948398935921593,1.5356995937862363,35.157
0.9928958822576078,-0.4552981724455363,-0.9651582232434822,0.35053998201277153,1.0755600021785172,1.973163051647308,35.145
0.9928958822576078,-0.4552981724455363,-0.949797471739601,0.2843722223993267,1.0562801107648752,2.410626509508379,35.152
0.9928958822576078,-0.4552981724455363,-0.9220540736152446,0.2125173165050569,1.037000219351233,2.8480899673694506,35.168
0.9928958822576078,-0.4552981724455363,-0.8828684830441197,0.13541273712079477,1.0195633614791597,2.6982553885301845,35.171
0.9928958822576078,-0.4552981724455363,-0.8428991806615721,0.095165240364187,1.002126503607087,2.5484208096909184,35.217
0.9928958822576078,-0.4552981724455363,-0.8044973019018696,0.06716698175089462,0.9846896457350137,2.3985862308516523,35.289
0.9928958822576078,-0.4552981724455363,-0.7656251960553137,0.010951728128893666,0.9723855206849223,2.2661431656276583,35.283
0.9928958822576078,-0.4552981724455363,-0.7261261207596197,-0.03815459264207609,0.960081395634831,2.133700100403664,35.266
0.9928958822576078,-0.4552981724455363,-0.6875674996376326,-0.06987136997744642,0.9477772705847392,2.00125703517967,35.251
0.9928958822576078,-0.4552981724455363,-0.647598197255085,-0.1039942476623964,0.9354731455346478,1.868813969955676,35.244
0.9928958822576078,-0.4552981724455363,-0.6088828337708136,-0.11580601301487917,0.9084580172889383,1.649413336655322,35.262
0.9928958822576078,-0.4552981724455363,-0.5698539855619731,-0.13188313807798066,0.881442889043229,1.4300127033549686,35.266
0.9928958822576078,-0.4552981724455363,-0.530354910266279,-0.14216374866254888,0.8544277607975195,1.2106120700546146,35.293
0.9928958822576078,-0.4552981724455363,-0.49116931969515404,-0.1738805259979192,0.7907194065462017,1.009940759109169,35.262
0.9928958822576078,-0.4552981724455363,-0.4524539562108826,-0.19334806518997394,0.7270110522948835,0.8092694481637234,35.279
0.9928958822576078,-0.4552981724455363,-0.41326836563975755,-0.2034099393791259,0.6633026980435655,0.6085981372182776,35.302
0.9928958822576078,-0.4552981724455363,-0.3737692903440635,-0.22965830682908753,0.5995943437922476,0.407926826272832,35.285
0.9928958822576078,-0.4552981724455363,-0.33427021504836957,-0.23895460363428214,0.471894929588862,0.263443482392111,35.309
0.9928958822576078,-0.4552981724455363,-0.2950846244772446,-0.25765656544237986,0.34419551538547627,0.11896013851139023,35.308
0.9928958822576078,-0.4552981724455363,-0.2546450950078435,-0.2869672424281702,0.21649610118209062,-0.025523205369330663,35.284
0.9928958822576078,-0.4552981724455363,-0.21718367042184802,-0.30479425865460247,0.1281645003398284,-0.09375145109078221,35.273
0.9928958822576078,-0.4552981724455363,-0.17815482221300755,-0.3253554798237391,0.039832899497566375,-0.16197969681223362,35.255
0.9928958822576078,-0.4552981724455363,-0.13849900455502911,-0.34547922820204285,-0.04849870134469566,-0.23020794253368504,35.238
0.9928958822576078,-0.4552981724455363,-0.0993134139839041,-0.37468053699012505,-0.13683030218695788,-0.29843618825513657,35.21
0.9928958822576078,-0.4552981724455363,-0.06059805049963253,-0.39097639844864296,-0.2524380256383086,-0.34659730288204355,35.21
0.9928958822576078,-0.4552981724455363,-0.02125571756622299,-0.4185371842711025,-0.3680457490896591,-0.3947584175089505,35.191
0.9928958822576078,-0.4552981724455363,0.017929873004902015,-0.4331925227639977,-0.48365347254100977,-0.4429195321358575,35.196
0.9928958822576078,-0.4552981724455363,0.05742894830059591,-0.44566049730272955,-0.533670910052328,-0.4589732370114931,35.194
0.9928958822576078,-0.4552981724455363,0.09677128123400545,-0.4698308689962359,-0.5836883475636463,-0.4750269418871288,35.171
0.9928958822576078,-0.4552981724455363,0.13595687180513047,-0.4852517848730883,-0.6337057850749644,-0.4910806467627645,35.168
0.9928958822576078,-0.4552981724455363,0.17576943182539342,-0.5019851191224388,-0.6837232225862827,-0.5071343516384,35.161
0.9928958822576078,-0.4552981724455363,0.21417131058509592,-0.5269210681999023,-0.7405751002569934,-0.5178368215554905,35.141
0.9928958822576078,-0.4552981724455363,0.2532001587939366,-0.5497790215209105,-0.7974269779277041,-0.5285392914725809,35.123
0.9928958822576078,-0.4552981724455363,0.2925424917273459,-0.5612626822802687,-0.8542788555984149,-0.5392417613896714,35.128
0.9928958822576078,-0.4552981724455363,0.33172808229847095,-0.5741681296098331,-0.8749761967730568,-0.5432551876085803,35.123
0.9928958822576078,-0.4552981724455363,0.3713838999564494,-0.6036975429910398,-0.8956735379476988,-0.5472686138274893,35.09
0.9928958822576078,-0.4552981724455363,0.4111964599767125,-0.6273210736960052,-0.9163708791223409,-0.5512820400463981,35.067
0.9928958822576078,-0.4552981724455363,0.4489713692872769,-0.6483197676559745,-0.9370682202969831,-0.555295466265307,35.045
0.9928958822576078,-0.4552981724455363,0.48847044458297095,-0.665709311091574,-0.9259433821888338,-0.603456580892214,35.031
0.9928958822576078,-0.4552981724455363,0.5274992927918116,-0.6816770679569673,-0.9148185440806846,-0.6516176955191209,35.018
0.9928958822576078,-0.4552981724455363,0.5671551104497901,-0.7018008163352712,-0.9036937059725354,-0.6997788101460279,34.998
0.9928958822576078,-0.4552981724455363,0.6060272162963459,-0.7208308827364934,-0.9223601865557546,-0.7037922363649368,34.98
0.9928958822576078,-0.4552981724455363,0.6453695492297556,-0.7354862212293886,-0.9410266671389736,-0.7078056625838456,34.972
0.9928958822576078,-0.4552981724455363,0.6854955939745876,-0.7474073547795794,-0.9596931477221928,-0.7118190888027546,34.97
0.9928958822576078,-0.4552981724455363,0.7231137609228675,-0.7544069194329025,-0.9783596283054119,-0.7158325150216636,34.971
0.9928958822576078,-0.4552981724455363,0.7622993514939925,-0.7610783794931011,-0.9643424478271394,-0.7211837499802086,34.968
0.9928958822576078,-0.4552981724455363,0.8017984267896866,-0.7727807766478756,-0.950325267348867,-0.726534984938754,34.961
0.9928958822576078,-0.4552981724455363,0.8417677291722342,-0.7824051780461949,-0.9363080868705947,-0.7318862198972992,34.955
0.9928958822576078,-0.4552981724455363,0.8809533197433591,-0.7947637843872184,-0.956990102207237,-0.7318862198972992,34.947
0.9928958822576078,-0.4552981724455363,0.9201389103144841,-0.7944356797940939,-0.9776721175438792,-0.7318862198972992,34.96
0.9928958822576078,-0.4552981724455363,0.9591677585233245,-0.8046069221809541,-0.9983541328805214,-0.7318862198972992,34.958
0.9928958822576078,-0.4552981724455363,0.998196606732165,-0.8164186875334367,-1.0190361482171637,-0.7318862198972992,34.952
0.9928958822576078,-0.4552981724455363,1.037068712578721,-0.8272461391065459,-1.071632697557847,-0.726534984938754,34.947
0.9928958822576078,-0.4552981724455363,1.0760975607875616,-0.8413546366109002,-1.12422924689853,-0.7211837499802086,34.937
0.9928958822576078,-0.4552981724455363,1.115439893720971,-0.8587441800464998,-1.1768257962392135,-0.7158325150216636,34.926
0.9928958822576078,-0.4552981724455363,1.154625484292096,-0.8743838323187686,-1.1915380091730698,-0.7238593674594813,34.914
0.9928958822576078,-0.4552981724455363,1.1938110748632211,-0.889148539009372,-1.2062502221069262,-0.7318862198972992,34.904
0.9928958822576078,-0.4552981724455363,1.232996665434346,-0.9059912414564306,-1.220962435040783,-0.7399130723351169,34.894
0.9928958822576078,-0.4552981724455363,1.2723389983677558,-0.9185685841928706,-1.2356746479746394,-0.7479399247729348,34.886
0.9928958822576078,-0.4552981724455363,1.3119948160257342,-0.9312552951270185,-1.245979597769346,-0.7425886898143896,34.877
0.9928958822576078,-0.4552981724455363,1.351807376045997,-0.9461293700153303,-1.2562845475640525,-0.7372374548558444,34.867
0.9928958822576078,-0.4552981724455363,1.3898957700811307,-0.95990976292656,-1.2665894973587593,-0.7318862198972992,34.858
0.9928958822576078,-0.4552981724455363,1.4293948453768246,-0.9701903735111282,-1.2746411091983254,-0.7318862198972992,34.852
0.9928958822576078,-0.4552981724455363,1.4687371783102343,-0.978830461130074,-1.282692721037892,-0.7318862198972992,34.848
0.9928958822576078,-0.4552981724455363,1.5074525417945057,-0.9884548625283931,-1.2907443328774586,-0.7318862198972992,34.842
0.9928958822576078,-0.4552981724455363,1.5458544205542082,-0.9992823141015023,-1.3011752118396325,-0.7372374548558444,34.835
0.9928958822576078,-0.4552981724455363,1.585353495849902,-1.006719351545658,-1.3116060908018063,-0.7425886898143896,34.832
0.9928958822576078,-0.4552981724455363,1.6250093135078807,-1.013718916198981,-1.3220369697639804,-0.7479399247729348,34.828
0.9928958822576078,-0.4552981724455363,1.6643516464412902,-1.0227964766087596,-1.3246727409254542,-0.7439264985540259,34.822
0.9928958822576078,-0.4552981724455363,1.703537237012415,-1.029467936668958,-1.327308512086928,-0.739913072335117,34.818
0.9928958822576078,-0.4552981724455363,1.742409342858971,-1.0373424469039467,-1.3299442832484019,-0.7358996461162082,34.813
0.9928958822576078,-0.4552981724455363,1.781594933430096,-1.0480605302793475,-1.3325800544098758,-0.7318862198972992,34.806
0.9928958822576078,-0.4552981724455363,1.8209372663635057,-1.053966412955589,-1.3327203918582,-0.7278727936783902,34.804
0.9928958822576078,-0.4552981724455363,1.859966114572346,-1.0624971323768266,-1.332860729306524,-0.7238593674594813,34.799
0.9928958822576078,-0.4552981724455363,1.8996219322303245,-1.0697154334255659,-1.3330010667548484,-0.7198459412405726,34.794
0.9928958822576078,-0.4552981724455363,1.9284625268906728,-1.0731058475545192,-1.3331414042031726,-0.7158325150216636,34.794
1.3336297927411807,-1.0767309244524519,-1.255445078194376,1.6918315587058077,-0.5052651380543555,-0.3412460679234983,36.371
1.3336297927411807,-1.0767309244524519,-1.2545046240206692,1.691940926903516,0.32261112809446163,0.03334037917466679,36.374
1.3336297927411807,-1.0767309244524519,-1.2524669733109706,1.6918315587058077,1.1504873942432785,0.407926826272832,36.375
1.3336297927411807,-1.0767309244524519,-1.2510562920504102,1.6922690314966407,1.1506383184146942,-0.2663287785038654,36.375
1.3336297927411807,-1.0767309244524519,-1.2499590955144186,1.6925971360897651,1.1496952341961089,-0.25830192606604757,36.372
1.3336297927411807,-1.0767309244524519,-1.2479214448047202,1.692706504287473,1.1487521499775235,-0.25027507362822965,36.372
1.3336297927411807,-1.0767309244524519,-1.2458837940950218,1.6925971360897651,1.147809065758938,-0.2422482211904118,36.373
1.3336297927411807,-1.0767309244524519,-1.2443163704721767,1.692487767892057,1.1468659815403528,-0.23422136875259403,36.373
1.3336297927411807,-1.0767309244524519,-1.2427489468493318,1.692706504287473,1.1462521486338573,-0.2462616474093208,36.373
1.3336297927411807,-1.0767309244524519,-1.241024780864202,1.6928158724851814,1.1456383157273613,-0.25830192606604757,36.372
1.3336297927411807,-1.0767309244524519,-1.2324039509385547,1.692706504287473,1.1450244828208658,-0.2703422047227742,36.373
1.3336297927411807,-1.0767309244524519,-1.2154757758118286,1.6929252406828896,1.1444106499143702,-0.282382483379501,36.373
1.3336297927411807,-1.0767309244524519,-1.1999582819456631,1.6925971360897651,1.1438281849341796,-0.18606025412568705,36.371
1.3336297927411807,-1.0767309244524519,-1.184284045717213,1.692487767892057,1.1432457199539885,-0.08973802487187324,36.37
1.3336297927411807,-1.0767309244524519,-1.1686098094887631,1.6925971360897651,1.1426632549737978,0.006584204381940687,36.369
1.3336297927411807,-1.0767309244524519,-1.1530923156225976,1.692487767892057,1.1439327127130687,-0.029536631588239506,36.369
1.3336297927411807,-1.0767309244524519,-1.1371045946695786,1.691284717717267,1.1452021704523396,-0.0656574675584197,36.365
1.3336297927411807,-1.0767309244524519,-1.1212736160788441,1.6787073749808268,1.14647162819161,-0.10177830352860001,36.329
1.3336297927411807,-1.0767309244524519,-1.1062263492995321,1.6143988747284208,1.147741085930881,-0.13789913949878022,36.219
1.3336297927411807,-1.0767309244524519,-1.090238628346513,1.4411596495586745,1.1438193597072066,0.06544778892593801,36.043
1.3336297927411807,-1.0767309244524519,-1.0748778768426321,1.2808258717184928,1.1398976334835327,0.26879471735065613,35.888
1.3336297927411807,-1.0767309244524519,-1.0585766711650442,1.10977401050291,1.1359759072598583,0.4721416457753745,35.767
1.3336297927411807,-1.0767309244524519,-1.0439996314725857,0.9752511273218569,1.1286169469831213,0.5644504488102794,35.692
1.3336297927411807,-1.0767309244524519,-1.0284821376064202,0.7693108110373669,1.121257986706384,0.6567592518451844,35.432
1.3336297927411807,-1.0767309244524519,-1.0123376742911168,0.6402563377417225,1.1138990264296464,0.7490680548800894,35.295
1.3336297927411807,-1.0767309244524519,-0.996820180424951,0.5799944608045188,1.1065400661529092,0.8413768579149944,35.246
1.3336297927411807,-1.0767309244524519,-0.9814594289210701,0.4980776807210972,1.0675368689626858,0.9912114367542605,35.173
1.3336297927411807,-1.0767309244524519,-0.9656284503303356,0.40216177133102904,1.0285336717724625,1.1410460155935265,35.156
1.3336297927411807,-1.0767309244524519,-0.9499542141018856,0.31401100397824155,0.9895304745822389,1.2908805944327923,35.144
1.3336297927411807,-1.0767309244524519,-0.9231512701512361,0.23329727406960976,0.9593386376734313,1.2627866109004302,35.175
1.3336297927411807,-1.0767309244524519,-0.8823982559572661,0.15236480776556155,0.9291468007646233,1.2346926273680678,35.224
1.3336297927411807,-1.0767309244524519,-0.8433694077484256,0.0740571782065096,0.8989549638558157,1.2065986438357057,35.248
1.3336297927411807,-1.0767309244524519,-0.8052810137132922,0.04343408284822098,0.8687631269470081,1.1785046603033429,35.304
1.3336297927411807,-1.0767309244524519,-0.7657819384175981,0.008764364174730248,0.8367647298380568,1.0982361359251647,35.295
1.3336297927411807,-1.0767309244524519,-0.7264396054841886,-0.03202997357041848,0.8047663327291057,1.0179676115469867,35.279
1.3336297927411807,-1.0767309244524519,-0.6866270454639256,-0.07194936573390173,0.7727679356201544,0.9376990871688082,35.253
1.3336297927411807,-1.0767309244524519,-0.6474414548928006,-0.09218248230991363,0.7485294177644788,0.909605103636446,35.257
1.3336297927411807,-1.0767309244524519,-0.6084126066839601,-0.12193063208653677,0.7242908999088035,0.8815111201040835,35.263
1.3336297927411807,-1.0767309244524519,-0.5682865619391281,-0.15725655994627677,0.7000523820531281,0.853417136571721,35.241
1.3336297927411807,-1.0767309244524519,-0.5305116526285636,-0.18000514506957682,0.6758138641974525,0.8253231530393588,35.242
1.3336297927411807,-1.0767309244524519,-0.49085583497058505,-0.1950979563533047,0.6449014816134901,0.803918213205178,35.249
1.3336297927411807,-1.0767309244524519,-0.4521404714863135,-0.19148880582893504,0.6139890990295283,0.782513273370997,35.3
1.3336297927411807,-1.0767309244524519,-0.4126413961906196,-0.20472235775162406,0.5830767164455659,0.7611083335368163,35.302
1.3336297927411807,-1.0767309244524519,-0.3736125479817791,-0.21883085525597834,0.541911445231925,0.6888666615964559,35.303
1.3336297927411807,-1.0767309244524519,-0.3350539268597921,-0.23600166229616154,0.5007461740182839,0.6166249896560955,35.292
1.3336297927411807,-1.0767309244524519,-0.295554851564098,-0.24321996334490087,0.45958090280464303,0.5443833177157349,35.311
1.3336297927411807,-1.0767309244524519,-0.25574229154383504,-0.2557973060813408,0.4184156315910022,0.4721416457753745,35.314
1.3336297927411807,-1.0767309244524519,-0.21702692805956347,-0.2901389201617072,0.34090253329116554,0.3544144766873798,35.284
1.3336297927411807,-1.0767309244524519,-0.17815482221300755,-0.31573107842541975,0.2633894349913291,0.2366873075993849,35.262
1.3336297927411807,-1.0767309244524519,-0.13818551983046004,-0.3393546091303853,0.18587633669149262,0.11896013851139023,35.244
1.3336297927411807,-1.0767309244524519,-0.09915667162161956,-0.36330624442847514,0.060995617912804306,0.07079902388448327,35.221
1.3336297927411807,-1.0767309244524519,-0.0601278234127791,-0.3781803193167866,-0.06388510086588402,0.022637909257576302,35.224
1.3336297927411807,-1.0767309244524519,-0.02078549047936956,-0.40595984153466275,-0.18876581964457215,-0.025523205369330542,35.202
1.3336297927411807,-1.0767309244524519,0.017929873004902015,-0.42520864433130107,-0.31364653842326046,-0.07368431999623751,35.195
1.3336297927411807,-1.0767309244524519,0.05727220593831155,-0.4481759658500175,-0.40061542403118017,-0.19676272404277753,35.18
1.3336297927411807,-1.0767309244524519,0.09677128123400545,-0.4611907813772901,-0.48758430963909966,-0.3198411280893175,35.179
1.3336297927411807,-1.0767309244524519,0.13580012944284592,-0.47781474742893254,-0.5745531952470192,-0.4429195321358575,35.173
1.3336297927411807,-1.0767309244524519,0.17467223528940204,-0.49892280958660995,-0.6114386214795671,-0.46298666323040205,35.162
1.3336297927411807,-1.0767309244524519,0.2137010834982425,-0.5129219388932561,-0.648324047712115,-0.48305379432494666,35.16
1.3336297927411807,-1.0767309244524519,0.2532001587939366,-0.5382953607615523,-0.6852094739446628,-0.5031209254194912,35.137
1.3336297927411807,-1.0767309244524519,0.292855976451915,-0.5541537494292375,-0.7220949001772107,-0.5231880565140358,35.133
1.3336297927411807,-1.0767309244524519,0.33251179410989345,-0.5658561465840118,-0.7444147007090864,-0.5338905264311262,35.13
1.3336297927411807,-1.0767309244524519,0.37107041523188067,-0.5801833804837826,-0.7667345012409622,-0.5445929963482166,35.115
1.3336297927411807,-1.0767309244524519,0.4099425210784366,-0.6074160617131178,-0.789054301772838,-0.555295466265307,35.085
1.3336297927411807,-1.0767309244524519,0.4491281116495616,-0.6411014666072351,-0.8097563145621928,-0.5753625973598516,35.047
1.3336297927411807,-1.0767309244524519,0.4883137022206866,-0.6750056078967688,-0.8304583273515475,-0.5954297284543962,35.012
1.3336297927411807,-1.0767309244524519,0.5281262622409494,-0.6955668290659054,-0.8511603401409022,-0.6154968595489406,34.998
1.3336297927411807,-1.0767309244524519,0.5665281410006519,-0.7090191173840106,-0.871862352930257,-0.6355639906434852,34.991
1.3336297927411807,-1.0767309244524519,0.6058704739340616,-0.7202840417479526,-0.90548309108724,-0.6409152256020305,34.985
1.3336297927411807,-1.0767309244524519,0.6456830339543244,-0.7295803385531472,-0.9391038292442229,-0.6462664605605757,34.982
1.3336297927411807,-1.0767309244524519,0.6851821092500184,-0.7353768530316804,-0.9727245674012057,-0.651617695519121,34.988
1.3336297927411807,-1.0767309244524519,0.7243676998211435,-0.7450012544299996,-0.977669461448998,-0.6676714003947566,34.985
1.3336297927411807,-1.0767309244524519,0.7629263209431307,-0.7552818650145678,-0.9826143554967904,-0.6837251052703922,34.982
1.3336297927411807,-1.0767309244524519,0.801955169151971,-0.7666561575762179,-0.9875592495445829,-0.6997788101460279,34.978
1.3336297927411807,-1.0767309244524519,0.841140759723096,-0.7802178140920314,-1.0005200066544409,-0.7037922363649368,34.973
1.3336297927411807,-1.0767309244524519,0.880326350294221,-0.7944356797940939,-1.013480763764299,-0.7078056625838456,34.966
1.3336297927411807,-1.0767309244524519,0.9207658797636219,-0.8062474451465766,-1.026441520874157,-0.7118190888027546,34.961
1.3336297927411807,-1.0767309244524519,0.9582273043496176,-0.8188247878830166,-1.039402277984015,-0.7158325150216636,34.954
1.3336297927411807,-1.0767309244524519,0.9977263796453116,-0.8316208670148728,-1.0455615637654854,-0.7278727936783902,34.946
1.3336297927411807,-1.0767309244524519,1.0369119702164367,-0.8458387327169353,-1.0517208495469554,-0.7399130723351169,34.935
1.3336297927411807,-1.0767309244524519,1.075940818425277,-0.8567755524877526,-1.0578801353284253,-0.7519533509918437,34.929
1.3336297927411807,-1.0767309244524519,1.1152831513586867,-0.8725245729577296,-1.0640394211098951,-0.7639936296485705,34.917
1.3336297927411807,-1.0767309244524519,1.154625484292096,-0.8846644429033368,-1.0850938461028994,-0.75329115973148,34.909
1.3336297927411807,-1.0767309244524519,1.1939678172255057,-0.8965855764535277,-1.1061482710959036,-0.7425886898143896,34.901
1.3336297927411807,-1.0767309244524519,1.2328399230720617,-0.9090535509922595,-1.1272026960889077,-0.7318862198972992,34.893
1.3336297927411807,-1.0767309244524519,1.272182256005471,-0.920865316344742,-1.1447908490477325,-0.7358996461162082,34.883
1.3336297927411807,-1.0767309244524519,1.3115245889388807,-0.9312552951270185,-1.1623790020065574,-0.739913072335117,34.877
1.3336297927411807,-1.0767309244524519,1.350553437147721,-0.9419733785024197,-1.1799671549653823,-0.7439264985540259,34.869
1.3336297927411807,-1.0767309244524519,1.3892688006319927,-0.9532383028663615,-1.1975553079242074,-0.7479399247729348,34.862
1.3336297927411807,-1.0767309244524519,1.428924618289971,-0.9643938590325951,-1.2148675638235749,-0.7425886898143896,34.856
1.3336297927411807,-1.0767309244524519,1.4687371783102343,-0.9762056243850777,-1.232179819722942,-0.7372374548558444,34.849
1.3336297927411807,-1.0767309244524519,1.5077660265190744,-0.9868143395627706,-1.2494920756223096,-0.7318862198972992,34.843
1.3336297927411807,-1.0767309244524519,1.546481390003346,-0.9999385232877513,-1.2634483535076817,-0.7358996461162082,34.835
1.3336297927411807,-1.0767309244524519,1.585353495849902,-1.0095629246860705,-1.2774046313930538,-0.739913072335117,34.829
1.3336297927411807,-1.0767309244524519,1.624539086421027,-1.0188592214912653,-1.291360909278426,-0.7439264985540259,34.823
1.3336297927411807,-1.0767309244524519,1.664038161716721,-1.0276086773079192,-1.305317187163798,-0.7479399247729348,34.818
1.3336297927411807,-1.0767309244524519,1.7032237522878462,-1.0353738193451996,-1.3125182125429204,-0.7479399247729348,34.813
1.3336297927411807,-1.0767309244524519,1.7422526004966867,-1.0434670659756042,-1.3197192379220424,-0.7479399247729348,34.809
1.3336297927411807,-1.0767309244524519,1.7814381910678116,-1.0500291578380947,-1.3269202633011645,-0.7479399247729348,34.805
1.3336297927411807,-1.0767309244524519,1.82109400872579,-1.0569193542937094,-0.7010991058140856,-0.6235237119867586,34.802
1.3336297927411807,-1.0767309244524519,1.8609065687460533,-1.0619502913882857,-0.07527794832700668,-0.4991074992005823,34.8
0.8793179120964087,-1.5428054884576254,-1.2557585629189452,1.7291261141242948,0.5505432091600722,-0.374691286414406,36.006
0.8793179120964087,-1.5428054884576254,-1.2545046240206692,1.7296729551128356,1.1763643666471513,-0.25027507362822976,36.003
0.8793179120964087,-1.5428054884576254,-1.2527804580355397,1.730547900694501,1.1754828671646138,-0.3947584175089505,35.999
0.8793179120964087,-1.5428054884576254,-1.2513697767749792,1.730547900694501,1.1744912441976794,-0.36666443397658816,36.0
0.8793179120964087,-1.5428054884576254,-1.2498023531521343,1.7307666370899173,1.173499621230745,-0.33857045044422573,35.999
0.8793179120964087,-1.5428054884576254,-1.2482349295292892,1.7303291642990848,1.1725079982638105,-0.31047646691186337,35.999
0.8793179120964087,-1.5428054884576254,-1.2465107635441597,1.7310947416830418,1.171516375296876,-0.282382483379501,36.0
0.8793179120964087,-1.5428054884576254,-1.2449433399213148,1.7309853734853338,1.1708745958383007,-0.2422482211904118,36.0
0.8793179120964087,-1.5428054884576254,-1.243219173936185,1.7310947416830418,1.170232816379725,-0.20211395900132278,35.999
0.8793179120964087,-1.5428054884576254,-1.2414950079510556,1.7308760052876255,1.1695910369211493,-0.16197969681223362,36.0
0.8793179120964087,-1.5428054884576254,-1.2397708419659261,1.7306572688922093,1.168949257462574,-0.12184543462314447,36.0
0.8793179120964087,-1.5428054884576254,-1.2314634967648477,1.7307666370899173,1.169375213224328,0.04404284909175716,36.0
0.8793179120964087,-1.5428054884576254,-1.2165729723478202,1.73120410988075,1.1698011689860826,0.2099311328066588,36.003
0.8793179120964087,-1.5428054884576254,-1.200585251394801,1.730547900694501,1.1702271247478366,0.37581941652156053,36.009
0.8793179120964087,-1.5428054884576254,-1.1849110151663511,1.7177518215626446,1.1708604946604202,0.46010136711864785,36.03
0.8793179120964087,-1.5428054884576254,-1.1690800365756167,1.6910659813218503,1.1714938645730038,0.5443833177157349,36.184
0.8793179120964087,-1.5428054884576254,-1.152935573260313,1.6989404915568391,1.172127234485587,0.6286652683128219,36.29
0.8793179120964087,-1.5428054884576254,-1.137574821756432,1.688769249169979,1.1727606043981706,0.7129472189099092,36.29
0.8793179120964087,-1.5428054884576254,-1.1222140702525512,1.6848319940524847,1.1589860025499883,0.9858602017957151,36.293
0.8793179120964087,-1.5428054884576254,-1.105285895125825,1.6511465891583672,1.145211400701806,1.258773184681521,36.285
0.8793179120964087,-1.5428054884576254,-1.0903953707087977,1.499890371727964,1.1314367988536238,1.5316861675673275,36.093
0.8793179120964087,-1.5428054884576254,-1.0748778768426321,1.2649674830508078,1.1125145529605918,1.7564380358262264,35.801
0.8793179120964087,-1.5428054884576254,-1.0592036406141823,1.0438249872848815,1.0935923070675595,1.9811899040851255,35.641
0.8793179120964087,-1.5428054884576254,-1.0436861467480167,0.9192546100952722,1.0746700611745277,2.2059417723440244,35.619
0.8793179120964087,-1.5428054884576254,-1.0287956223309893,0.7397813976561597,1.0557478152814959,2.430693640602924,35.435
0.8793179120964087,-1.5428054884576254,-1.0121809319288322,0.569276377429118,1.0241792109895043,2.4146399357272883,35.264
0.8793179120964087,-1.5428054884576254,-0.9960364686135286,0.48484412879840805,0.9926106066975124,2.3985862308516523,35.174
0.8793179120964087,-1.5428054884576254,-0.980518974747363,0.43639401721368754,0.961042002405521,2.3825325259760173,35.16
0.8793179120964087,-1.5428054884576254,-0.9650014808811976,0.3746009855085695,0.9422063460582925,2.2661431656276587,35.153
0.8793179120964087,-1.5428054884576254,-0.9494839870150321,0.3235260371788526,0.9233706897110643,2.1497538052793,35.153
0.8793179120964087,-1.5428054884576254,-0.9223675583398135,0.2539678634364545,0.9045350333638357,2.0333644449309416,35.179
0.8793179120964087,-1.5428054884576254,-0.8833387101309731,0.13803757386579082,0.8856993770166072,1.916975084582583,35.215
0.8793179120964087,-1.5428054884576254,-0.844780089008986,0.10216480501751009,0.8489534341358705,1.697574451282229,35.302
0.8793179120964087,-1.5428054884576254,-0.8046540442641542,0.06301099023798401,0.8122074912551335,1.478173817981875,35.311
0.8793179120964087,-1.5428054884576254,-0.7648414842438911,0.003405322487029623,0.7754615483743967,1.258773184681521,35.279
0.8793179120964087,-1.5428054884576254,-0.7251856665859125,-0.04613847107477278,0.7367247174248399,1.1825180865222518,35.255
0.8793179120964087,-1.5428054884576254,-0.6874107572753481,-0.06844958340724018,0.6979878864752831,1.1062629883629826,35.259
0.8793179120964087,-1.5428054884576254,-0.6483819090665076,-0.08430797207492526,0.6592510555257263,1.0300078902037133,35.279
0.8793179120964087,-1.5428054884576254,-0.6084126066839601,-0.10147877911510844,0.6205142245761693,0.9537527920444439,35.286
0.8793179120964087,-1.5428054884576254,-0.5690702737505505,-0.12193063208653677,0.5548631053234003,0.8253231530393588,35.279
0.8793179120964087,-1.5428054884576254,-0.530354910266279,-0.1435855352327551,0.489211986070631,0.6968935140342736,35.286
0.8793179120964087,-1.5428054884576254,-0.4910125773328696,-0.16830274791480235,0.423560866817862,0.5684638750291884,35.285
0.8793179120964087,-1.5428054884576254,-0.4518269867617446,-0.1888639690839388,0.3513831085133428,0.46010136711864785,35.271
0.8793179120964087,-1.5428054884576254,-0.4123279114660505,-0.20647224891495464,0.2792053502088234,0.35173885920810727,35.268
0.8793179120964087,-1.5428054884576254,-0.37298557853264097,-0.21467486374306774,0.20702759190430406,0.24337635129756643,35.285
0.8793179120964087,-1.5428054884576254,-0.3345836997729385,-0.22911146584054656,0.1348498335997849,0.13501384338702585,35.291
0.8793179120964087,-1.5428054884576254,-0.2953981092018135,-0.23950144462282308,0.03326584346431863,0.03334037917466679,35.309
0.8793179120964087,-1.5428054884576254,-0.25574229154383504,-0.25623477887217344,-0.06831814667114745,-0.06833308503769238,35.316
0.8793179120964087,-1.5428054884576254,-0.2160864738858566,-0.28084262335651256,-0.1699021368066137,-0.17000654925005143,35.304
0.8793179120964087,-1.5428054884576254,-0.17737111040158504,-0.30479425865460247,-0.30647851960618544,-0.20211395900132278,35.285
0.8793179120964087,-1.5428054884576254,-0.138812489279598,-0.3353079858151828,-0.4430549024057572,-0.23422136875259403,35.254
0.8793179120964087,-1.5428054884576254,-0.09852970217248161,-0.35772846634535826,-0.579631285205329,-0.2663287785038652,35.243
0.8793179120964087,-1.5428054884576254,-0.05981433868821003,-0.38474241117927704,-0.7162076680049008,-0.29843618825513657,35.225
0.8793179120964087,-1.5428054884576254,-0.020315263392515954,-0.4136156153742347,-0.7550961585614538,-0.37870471263331484,35.199
0.8793179120964087,-1.5428054884576254,0.01855684245403998,-0.4397546146264882,-0.793984649118007,-0.4589732370114931,35.189
0.8793179120964087,-1.5428054884576254,0.057115463576027016,-0.45233195736292814,-0.8328731396745602,-0.5392417613896714,35.19
0.8793179120964087,-1.5428054884576254,0.09630105414715202,-0.4785803248128897,-0.8402881529327576,-0.555295466265307,35.167
0.8793179120964087,-1.5428054884576254,0.13548664471827704,-0.4955323954576565,-0.8477031661909548,-0.5713491711409426,35.159
0.8793179120964087,-1.5428054884576254,0.17482897765168656,-0.5157655120336686,-0.855118179449152,-0.5874028760165784,35.146
0.8793179120964087,-1.5428054884576254,0.21417131058509592,-0.533701896457809,-0.8625331927073494,-0.603456580892214,35.134
0.8793179120964087,-1.5428054884576254,0.2532001587939366,-0.5448574526240427,-0.87066844041289,-0.6141590508093044,35.128
0.8793179120964087,-1.5428054884576254,0.29222900700277704,-0.5659655147817201,-0.8788036881184306,-0.6248615207263949,35.107
0.8793179120964087,-1.5428054884576254,0.3318848246607555,-0.5775585437387865,-0.8869389358239712,-0.6355639906434852,35.11
0.8793179120964087,-1.5428054884576254,0.37075693050731157,-0.6008539698506273,-0.9060732749434859,-0.6395774168623942,35.09
0.8793179120964087,-1.5428054884576254,0.41025600580300564,-0.6262273917189235,-0.9252076140630002,-0.6435908430813032,35.065
0.8793179120964087,-1.5428054884576254,0.4499118234609841,-0.6621001605672043,-0.9443419531825147,-0.647604269300212,35.023
0.8793179120964087,-1.5428054884576254,0.48878392930754005,-0.6734744531288543,-0.9634762923020294,-0.651617695519121,35.018
0.8793179120964087,-1.5428054884576254,0.527969519878665,-0.687801687028625,-0.9693190657946918,-0.6676714003947566,35.013
0.8793179120964087,-1.5428054884576254,0.566841625725221,-0.7053005986619327,-0.9751618392873543,-0.6837251052703922,34.998
0.8793179120964087,-1.5428054884576254,0.6057137315717769,-0.7185341505846218,-0.9810046127800169,-0.6997788101460279,34.987
0.8793179120964087,-1.5428054884576254,0.6450560645051866,-0.7266273972150266,-0.9879269193719173,-0.7118190888027546,34.988
0.8793179120964087,-1.5428054884576254,0.6845551398008807,-0.7341738028568905,-0.9948492259638179,-0.7238593674594813,34.992
0.8793179120964087,-1.5428054884576254,0.7242109574588591,-0.748391668558953,-1.0017715325557182,-0.7358996461162082,34.983
0.8793179120964087,-1.5428054884576254,0.7637100327545532,-0.7595472247251867,-1.0086938391476186,-0.7479399247729348,34.978
0.8793179120964087,-1.5428054884576254,0.8021119115142558,-0.7690622579257977,-1.013254059884273,-0.7372374548558444,34.977
0.8793179120964087,-1.5428054884576254,0.8412975020853807,-0.7807646550805722,-1.0178142806209274,-0.7265349849387539,34.972
0.8793179120964087,-1.5428054884576254,0.8807965773810744,-0.7912640020605569,-1.0223745013575818,-0.7158325150216636,34.968
0.8793179120964087,-1.5428054884576254,0.9201389103144841,-0.8035132402038723,-1.0150283888206906,-0.7238593674594813,34.961
0.8793179120964087,-1.5428054884576254,0.9588542737987558,-0.8168561603242694,-1.0076822762837998,-0.7318862198972992,34.954
0.8793179120964087,-1.5428054884576254,0.9977263796453116,-0.8303084486423747,-1.0003361637469086,-0.7399130723351169,34.946
0.8793179120964087,-1.5428054884576254,1.0372254549410058,-0.8454012599261026,-0.9929900512100177,-0.7479399247729348,34.935
0.8793179120964087,-1.5428054884576254,1.076567787874415,-0.8566661842900445,-1.0253253716097723,-0.7372374548558444,34.929
0.8793179120964087,-1.5428054884576254,1.115439893720971,-0.8712121545852315,-1.057660692009527,-0.7265349849387539,34.919
0.8793179120964087,-1.5428054884576254,1.155252453741234,-0.8865237022643757,-1.0899960124092816,-0.7158325150216636,34.908
0.8793179120964087,-1.5428054884576254,1.1936543325009368,-0.8985542040122748,-1.1183560567494992,-0.7238593674594813,34.899
0.8793179120964087,-1.5428054884576254,1.2333101501589152,-0.915068801866209,-1.1467161010897169,-0.7318862198972992,34.887
0.8793179120964087,-1.5428054884576254,1.272182256005471,-0.9262243580324426,-1.1750761454299345,-0.7399130723351169,34.879
0.8793179120964087,-1.5428054884576254,1.311367846576596,-0.9358487594307618,-1.2034361897701522,-0.7479399247729348,34.873
0.8793179120964087,-1.5428054884576254,1.350553437147721,-0.9458012654222057,-1.2300160318148663,-0.7425886898143896,34.867
0.8793179120964087,-1.5428054884576254,1.3898957700811307,-0.9583786081586455,-1.2565958738595802,-0.7372374548558444,34.859
0.8793179120964087,-1.5428054884576254,1.4290813606522557,-0.9704091099065446,-1.283175715904294,-0.7318862198972992,34.852
0.8793179120964087,-1.5428054884576254,1.4684236935856652,-0.9805803522934048,-1.2900576947262303,-0.7358996461162082,34.846
0.8793179120964087,-1.5428054884576254,1.50760928415679,-0.9896579127031832,-1.2969396735481669,-0.739913072335117,34.84
0.8793179120964087,-1.5428054884576254,1.5467948747279152,-0.999719786892335,-1.303821652370103,-0.7439264985540259,34.833
0.8793179120964087,-1.5428054884576254,1.585666980574471,-1.0094535564883624,-1.3107036311920395,-0.7479399247729348,34.828
0.8793179120964087,-1.5428054884576254,1.6248525711455961,-1.0156875437577284,-1.3172389620265086,-0.7425886898143896,34.824
0.8793179120964087,-1.5428054884576254,1.6641949040790058,-1.0233433175973006,-1.3237742928609781,-0.7372374548558444,34.82
0.8793179120964087,-1.5428054884576254,1.703537237012415,-1.0299054094597908,-1.3303096236954475,-0.7318862198972992,34.818
0.8793179120964087,-1.5428054884576254,1.7431930546703935,-1.036358133124573,-1.33072560387042,-0.7278727936783902,34.815
0.8793179120964087,-1.5428054884576254,1.781594933430096,-1.0423733839985225,-1.3311415840453926,-0.7238593674594813,34.812
0.8793179120964087,-1.5428054884576254,1.8212507510880744,-1.0515603126060091,-1.3315575642203652,-0.7198459412405726,34.807
0.8793179120964087,-1.5428054884576254,1.861220053470622,-1.0599816638295385,-1.331973544395338,-0.7158325150216636,34.802
-0.45031666898665035,-2.133427604620018,-1.1063830916618167,1.6443657609004605,1.1490798771260178,-0.1914114890842323,36.444
-0.45031666898665035,-2.133427604620018,-1.0908655977956512,1.4139269683293396,1.1465964497291417,-0.13254790454023496,36.145
-0.45031666898665035,-2.133427604620018,-1.075191361567201,1.0912907850902287,1.1441130223322657,-0.07368431999623751,35.82
-0.45031666898665035,-2.133427604620018,-1.059517125338751,0.9339099485881674,1.1376033622497999,0.022637909257576423,35.674
-0.45031666898665035,-2.133427604620018,-1.0436861467480167,0.8537430596680764,1.1310937021673342,0.11896013851139023,35.653
-0.45031666898665035,-2.133427604620018,-1.0275416834327131,0.710908193461202,1.1245840420848683,0.21528236776520415,35.517
-0.45031666898665035,-2.133427604620018,-1.011553962479694,0.564245440334542,1.1180743820024024,0.3116045970190181,35.331
-0.45031666898665035,-2.133427604620018,-0.9963499533380976,0.4471121005890884,1.0942774772254171,0.702244748992819,35.188
-0.45031666898665035,-2.133427604620018,-0.9814594289210701,0.3625704837606705,1.0704805724484316,1.0928849009666197,35.17
-0.45031666898665035,-2.133427604620018,-0.9651582232434822,0.30515217996387956,1.0466836676714462,1.4835250529404207,35.188
-0.45031666898665035,-2.133427604620018,-0.9491705022904631,0.2550615454135362,1.023968620609644,1.52365931512951,35.19
-0.45031666898665035,-2.133427604620018,-0.9223675583398135,0.1800349617857294,1.0012535735478416,1.5637935773185985,35.182
-0.45031666898665035,-2.133427604620018,-0.8827117406818351,0.1345377915391293,0.9785385264860391,1.6039278395076877,35.221
-0.45031666898665035,-2.133427604620018,-0.8430559230238567,0.10763321490291883,0.955823479424237,1.644062101696777,35.277
-0.45031666898665035,-2.133427604620018,-0.8038703324527317,0.04715260157029895,0.9212518678266017,1.6280083968211416,35.304
-0.45031666898665035,-2.133427604620018,-0.7654684536930291,-0.009937597633367497,0.8866802562289665,1.6119546919455057,35.271
-0.45031666898665035,-2.133427604620018,-0.7264396054841886,-0.056419081659340994,0.8521086446313313,1.5959009870698704,35.247
-0.45031666898665035,-2.133427604620018,-0.6875674996376326,-0.07719903922389404,0.8188628635090273,1.4915519053782387,35.259
-0.45031666898665035,-2.133427604620018,-0.6483819090665076,-0.09218248230991363,0.7856170823867231,1.3872028236866065,35.279
-0.45031666898665035,-2.133427604620018,-0.6085693490462446,-0.10979076214092967,0.7523713012644191,1.282853741994975,35.29
-0.45031666898665035,-2.133427604620018,-0.5692270161128351,-0.14183564406942434,0.719125520142115,1.1785046603033429,35.268
-0.45031666898665035,-2.133427604620018,-0.5298846831794255,-0.15988139669127302,0.6754307555521593,1.0233188465055316,35.268
-0.45031666898665035,-2.133427604620018,-0.49085583497058505,-0.18273935001228117,0.6317359909622032,0.8681330327077205,35.268
-0.45031666898665035,-2.133427604620018,-0.4518269867617446,-0.20297246658829327,0.5880412263722475,0.7129472189099092,35.273
-0.45031666898665035,-2.133427604620018,-0.41279813855290415,-0.21390928635911055,0.45120336424815305,0.6045847109993686,35.286
-0.45031666898665035,-2.133427604620018,-0.3734558056194946,-0.22779904746804844,0.31436550212405817,0.49622220308882803,35.286
-0.45031666898665035,-2.133427604620018,-0.3339567303238005,-0.24026702200678027,0.17752763999996346,0.3878596951782872,35.301
-0.45031666898665035,-2.133427604620018,-0.29398742794125304,-0.25623477887217344,0.040689777875868756,0.27949718726774664,35.303
-0.45031666898665035,-2.133427604620018,-0.25605577626840414,-0.27362432230777306,-0.20999740254226154,0.09220396371866413,35.306
-0.45031666898665035,-2.133427604620018,-0.21639995861042552,-0.2921075477204544,-0.46068458296039205,-0.09508925983041837,35.304
-0.45031666898665035,-2.133427604620018,-0.17784133748843847,-0.3184652833681241,-0.7113717633785225,-0.282382483379501,35.278
-0.45031666898665035,-2.133427604620018,-0.13896923164188255,-0.3406670275028832,-0.7260845358829298,-0.31047646691186337,35.262
-0.45031666898665035,-2.133427604620018,-0.0993134139839041,-0.368337181523051,-0.740797308387337,-0.33857045044422573,35.248
-0.45031666898665035,-2.133427604620018,-0.060284565775063456,-0.38966398007614483,-0.7555100808917443,-0.36666443397658816,35.24
-0.45031666898665035,-2.133427604620018,-0.020942232841654095,-0.42641169450609107,-0.7702228533961516,-0.3947584175089505,35.198
-0.45031666898665035,-2.133427604620018,0.01824335772947091,-0.4469729156752277,-0.8075119442314073,-0.4268658272602218,35.186
-0.45031666898665035,-2.133427604620018,0.057115463576027016,-0.4689559234145704,-0.8448010350666629,-0.4589732370114932,35.175
-0.45031666898665035,-2.133427604620018,0.09786847776999702,-0.49104829935162136,-0.8820901259019186,-0.4910806467627645,35.166
-0.45031666898665035,-2.133427604620018,0.13580012944284592,-0.5129219388932561,-0.8904456269713455,-0.5031209254194912,35.15
-0.45031666898665035,-2.133427604620018,0.17467223528940204,-0.5275772773861512,-0.8988011280407724,-0.5151612040762179,35.143
-0.45031666898665035,-2.133427604620018,0.21385782586052704,-0.5499977579163268,-0.9071566291101991,-0.5272014827329446,35.12
-0.45031666898665035,-2.133427604620018,0.2532001587939366,-0.5679341423404671,-0.9155121301796261,-0.5392417613896714,35.106
-0.45031666898665035,-2.133427604620018,0.292855976451915,-0.5824801126356542,-0.9219753981329603,-0.5606467012238523,35.108
-0.45031666898665035,-2.133427604620018,0.33172808229847095,-0.6073066935154096,-0.9284386660862947,-0.5820516410580331,35.085
-0.45031666898665035,-2.133427604620018,0.37075693050731157,-0.6263367599166317,-0.9349019340396288,-0.603456580892214,35.066
-0.45031666898665035,-2.133427604620018,0.41056949052757435,-0.6432888305613985,-0.9390985788736832,-0.6195102857678496,35.049
-0.45031666898665035,-2.133427604620018,0.4497550810986994,-0.6589284828336672,-0.9432952237077377,-0.6355639906434852,35.034
-0.45031666898665035,-2.133427604620018,0.4886271869452557,-0.6769742354555158,-0.947491868541792,-0.651617695519121,35.016
-0.45031666898665035,-2.133427604620018,0.527656035154096,-0.6932700969140336,-0.9516885133758464,-0.6676714003947566,35.001
-0.45031666898665035,-2.133427604620018,0.5671551104497901,-0.7152531046533765,-0.9777073161302974,-0.6837251052703922,34.985
-0.45031666898665035,-2.133427604620018,0.6064974433831994,-0.7270648700058592,-1.0037261188847484,-0.6997788101460279,34.982
-0.45031666898665035,-2.133427604620018,0.645212806867471,-0.7300178113439799,-1.0297449216391994,-0.7158325150216636,34.992
-0.45031666898665035,-2.133427604620018,0.6839281703517426,-0.7418295766964625,-0.2979203847172062,-0.5874028760165784,34.986
-1.2786635209662631,-2.5370978916686586,-1.1369478523072942,1.598431117863028,1.1713003810642677,0.11494671229248127,36.419
-1.2786635209662631,-2.5370978916686586,-1.1212736160788441,1.5862912479174207,1.171942032621003,0.19922866288956842,36.403
-1.2786635209662631,-2.5370978916686586,-1.1057561222126786,1.515311287604816,1.162288300161659,0.39187312139719616,36.316
-1.2786635209662631,-2.5370978916686586,-1.0907088554333668,1.2798415579391194,1.1526345677023149,0.584517579904824,36.024
-1.2786635209662631,-2.5370978916686586,-1.0745643921180632,1.0883378437521078,1.142980835242971,0.7771620384124519,35.8
-1.2786635209662631,-2.5370978916686586,-1.059517125338751,0.9603770524335454,1.1160284321913843,1.278840315776066,35.691
-1.2786635209662631,-2.5370978916686586,-1.0436861467480167,0.8029962159314842,1.0890760291397976,1.7805185931396803,35.588
-1.2786635209662631,-2.5370978916686586,-1.0283253952441356,0.6931905454324782,1.0621236260882105,2.282196870503294,35.515
-1.2786635209662631,-2.5370978916686586,-1.0121809319288322,0.602196204939278,1.035171223036624,2.783875147866908,35.456
-1.2786635209662631,-2.5370978916686586,-0.9966634380626667,0.5174358517154438,0.9954705771118856,2.901602316954903,35.403
-1.2786635209662631,-2.5370978916686586,-0.981145944196501,0.449518200938668,0.9557699311871473,3.0193294860428974,35.394
-1.2786635209662631,-2.5370978916686586,-0.9653149656057667,0.38499096429084584,0.9160692852624089,3.137056655130892,35.384
-1.2786635209662631,-2.5370978916686586,-0.9491705022904631,0.33511906613591913,0.9109905270169845,2.8842108033396308,35.361
-1.2786635209662631,-2.5370978916686586,-0.9226810430643826,0.27365413902392566,0.9059117687715597,2.6313649515483695,35.352
-1.2786635209662631,-2.5370978916686586,-0.8825549983195505,0.18550337167113812,0.9008330105261348,2.3785190997571077,35.325
-1.2786635209662631,-2.5370978916686586,-0.8433694077484256,0.10544585094875521,0.8957542522807104,2.1256732479658464,35.311
-1.2786635209662631,-2.5370978916686586,-0.804340559539585,0.03282536767052823,0.9194021087799366,1.8955701447484021,35.3
-1.2786635209662631,-2.5370978916686586,-0.7657819384175981,-0.02896766403458958,0.9430499652791627,1.6654670415309578,35.268
-1.2786635209662631,-2.5370978916686586,-0.7259693783973351,-0.07326178410639966,0.9666978217783889,1.4353639383135137,35.263
-1.2786635209662631,-2.5370978916686586,-0.6869405301884947,-0.094916687252618,0.9244035290459974,1.322988004184064,35.28
-1.2786635209662631,-2.5370978916686586,-0.6474414548928006,-0.1111031805134276,0.8821092363136063,1.2106120700546146,35.291
-1.2786635209662631,-2.5370978916686586,-0.6082558643216756,-0.143476167035047,0.8398149435812147,1.098236135925165,35.269
-1.2786635209662631,-2.5370978916686586,-0.5690702737505505,-0.1637092836110591,0.7975206508488231,0.9858602017957153,35.272
-1.2786635209662631,-2.5370978916686586,-0.5301981679039947,-0.17913019948791134,0.7829429533461352,0.9912114367542605,35.275
-1.2786635209662631,-2.5370978916686586,-0.49195303150657654,-0.19826963408684173,0.7683652558434475,0.9965626717128059,35.275
-1.2786635209662631,-2.5370978916686586,-0.4518269867617446,-0.20887834926453447,0.7537875583407595,1.001913906671351,35.291
-1.2786635209662631,-2.5370978916686586,-0.41248465382833505,-0.22287747857118065,0.4948559553380062,0.7892023170691785,35.299
-1.2786635209662631,-2.5370978916686586,-0.3736125479817791,-0.23534545310991248,0.23592435233525255,0.5764907274670064,35.308
-1.2786635209662631,-2.5370978916686586,-0.33427021504836957,-0.25732846084925537,-0.02300725066750092,0.3637791378648339,35.303
-1.2786635209662631,-2.5370978916686586,-0.2952413668395291,-0.2722025357375668,-0.2819388536702544,0.15106754826266158,35.298
-1.2786635209662631,-2.5370978916686586,-0.25605577626840414,-0.2810613597519288,-0.39925744329662155,0.03334037917466679,35.308
-1.2786635209662631,-2.5370978916686586,-0.21702692805956347,-0.29670101202419763,-0.5165760329229887,-0.084386789913328,35.3
-1.2786635209662631,-2.5370978916686586,-0.17768459512615412,-0.32065264732228754,-0.6338946225493558,-0.20211395900132278,35.28
-1.2786635209662631,-2.5370978916686586,-0.13787203510589097,-0.3370578769785135,-0.6609944228791148,-0.23020794253368518,35.27
-1.2786635209662631,-2.5370978916686586,-0.0988431868970505,-0.3580565709384828,-0.6880942232088737,-0.25830192606604757,35.259
-1.2786635209662631,-2.5370978916686586,-0.0601278234127791,-0.3850705157724016,-0.7151940235386327,-0.28639590959840994,35.24
-1.2786635209662631,-2.5370978916686586,-0.021098975203938455,-0.4196308662481844,-0.7422938238683917,-0.31448989313077236,35.212
-1.2786635209662631,-2.5370978916686586,0.01808661536718655,-0.44937901602480734,-0.7892940239284973,-0.3519485378405888,35.191
-1.2786635209662631,-2.5370978916686586,0.05868288719887202,-0.479455270394555,-0.8362942239886029,-0.38940718255040535,35.171
-1.2786635209662631,-2.5370978916686586,0.09661453887172092,-0.5049380604605594,-0.8832944240487084,-0.4268658272602218,35.153
-1.2786635209662631,-2.5370978916686586,0.13548664471827704,-0.5212339219190772,-0.9003624641744313,-0.4549598107925842,35.148
-1.2786635209662631,-2.5370978916686586,0.1745154929271175,-0.5415764066927975,-0.9174305043001545,-0.4830537943249466,35.126
-1.2786635209662631,-2.5370978916686586,0.21401456822281156,-0.5582003727444398,-0.9344985444258774,-0.511147777857309,35.109
-1.2786635209662631,-2.5370978916686586,0.2538271282430745,-0.5659655147817201,-0.9515665845516005,-0.5392417613896714,35.115
-1.2786635209662631,-2.5370978916686586,0.29301271881419955,-0.5800740122860745,-0.9643029218951283,-0.5606467012238523,35.109
-1.2786635209662631,-2.5370978916686586,0.3321983093853246,-0.5992134468850048,-0.9770392592386565,-0.5820516410580331,35.092
-1.2786635209662631,-2.5370978916686586,0.3709136728695959,-0.6256805507303826,-0.9897755965821845,-0.603456580892214,35.063
-1.2786635209662631,-2.5370978916686586,0.4097857787161519,-0.6555380687047139,-0.9915486933975417,-0.6235237119867586,35.033
-1.2786635209662631,-2.5370978916686586,0.4499118234609841,-0.6806927541775938,-0.9933217902128989,-0.6435908430813032,35.009
-1.2786635209662631,-2.5370978916686586,0.48800021749611755,-0.6964417746475707,-0.9950948870282562,-0.6636579741758477,34.997
-1.2786635209662631,-2.5370978916686586,0.5274992927918116,-0.709894062965676,-0.9968679838436134,-0.6837251052703922,34.988
-1.2786635209662631,-2.5370978916686586,0.5665281410006519,-0.7205027781433688,-1.0003583824282456,-0.6890763402289375,34.983
-1.2786635209662631,-2.5370978916686586,0.6057137315717769,-0.7294709703554391,-1.003848781012878,-0.6944275751874827,34.979
-1.2786635209662631,-2.5370978916686586,0.6456830339543244,-0.7388766353583419,-1.0073391795975102,-0.6997788101460279,34.975
-1.2786635209662631,-2.5370978916686586,0.6851821092500184,-0.7520008190833227,-1.0174456536614886,-0.7118190888027546,34.97
-1.2786635209662631,-2.5370978916686586,0.7237407303720057,-0.7585629109458131,-1.0275521277254673,-0.7238593674594813,34.974
-1.2786635209662631,-2.5370978916686586,0.7629263209431307,-0.76293763885414,-1.037658601789446,-0.7358996461162082,34.976
-1.2786635209662631,-2.5370978916686586,0.8021119115142558,-0.7727807766478756,-1.0477650758534245,-0.7479399247729348,34.969
-1.2786635209662631,-2.5370978916686586,0.841140759723096,-0.7787960275218251,-1.0661865348814061,-0.7425886898143896,34.971
-1.2786635209662631,-2.5370978916686586,0.8806398350187901,-0.7933419978170121,-1.0846079939093878,-0.7372374548558444,34.962
-1.2786635209662631,-2.5370978916686586,0.9196686832276307,-0.8113877504388607,-1.1030294529373694,-0.7318862198972992,34.949
-1.2786635209662631,-2.5370978916686586,0.9593245008856092,-0.8215589928257209,-1.1185614090160798,-0.7318862198972992,34.946
-1.2786635209662631,-2.5370978916686586,0.998196606732165,-0.8358862267254915,-1.1340933650947904,-0.7318862198972992,34.939
-1.2786635209662631,-2.5370978916686586,1.037068712578721,-0.8491197786481806,-1.1496253211735008,-0.7318862198972992,34.933
-1.2786635209662631,-2.5370978916686586,1.0764110455121307,-0.864540694525033,-1.15690765119439,-0.7372374548558444,34.923
-1.2786635209662631,-2.5370978916686586,1.1159101208078244,-0.881602133367508,-1.1641899812152794,-0.7425886898143896,34.911
-1.2786635209662631,-2.5370978916686586,1.154311999567527,-0.8947263170924887,-1.1714723112361687,-0.7479399247729348,34.903
-1.2786635209662631,-2.5370978916686586,1.1933408477763676,-0.9134282789005865,-1.1808155108177338,-0.7479399247729348,34.89
-1.2786635209662631,-2.5370978916686586,1.2323696959852082,-0.9273180400095243,-1.190158710399299,-0.7479399247729348,34.881
-1.2786635209662631,-2.5370978916686586,1.2713985441940485,-0.9402234873390887,-1.1995019099808641,-0.7479399247729348,34.871
-1.2786635209662631,-2.5370978916686586,1.3119948160257342,-0.9507228343190733,-1.2113172491955695,-0.7447291837978076,34.865
-1.2786635209662631,-2.5370978916686586,1.3507101795100058,-0.9580505035655209,-1.223132588410275,-0.7415184428226805,34.861
-1.2786635209662631,-2.5370978916686586,1.389425542994277,-0.9671280639752995,-1.2349479276249804,-0.7383077018475535,34.855
-1.2786635209662631,-2.5370978916686586,1.428611133565402,-0.975658783396537,-1.2467632668396857,-0.7350969608724263,34.849
-1.2786635209662631,-2.5370978916686586,1.468110208861096,-0.9823302434567355,-1.258578606054391,-0.7318862198972992,34.846
-1.2786635209662631,-2.5370978916686586,1.50760928415679,-0.9892204399123503,-1.268630717039973,-0.7358996461162082,34.841
-1.2786635209662631,-2.5370978916686586,1.546481390003346,-0.9992823141015023,-1.278682828025555,-0.739913072335117,34.835
-1.2786635209662631,-2.5370978916686586,1.5855102382121866,-1.008469242708989,-1.2887349390111371,-0.7439264985540259,34.83
-1.2786635209662631,-2.5370978916686586,1.6248525711455961,-1.0168905939325181,-1.2987870499967191,-0.7479399247729348,34.825
-1.2786635209662631,-2.5370978916686586,1.6645083888035745,-1.0241088949812576,-1.308859294330719,-0.7425886898143896,34.82
-1.2786635209662631,-2.5370978916686586,1.7033804946501307,-1.0315459324254135,-1.3189315386647185,-0.7372374548558444,34.816
-1.2786635209662631,-2.5370978916686586,1.7422526004966867,-1.042701488591647,-1.3290037829987182,-0.7318862198972992,34.809
-1.2786635209662631,-2.5370978916686586,1.7817516757923808,-1.0513415762105929,-1.3290037829987182,-0.7318862198972992,34.804
-1.2786635209662631,-2.5370978916686586,1.82109400872579,-1.060419136620371,-1.3290037829987182,-0.7318862198972992,34.799
-1.2786635209662631,-2.5370978916686586,1.8654520972523037,-1.0691685924370251,-1.3290037829987182,-0.7318862198972992,34.794
