time,latitude,longitude,pressure,temperature,salinity,depth,oxygen,chlorophyll
2025-03-11 05:49:55,8.983333333333333,68.0,0.3,29.635,34.337,0.3,,
2025-03-11 05:49:55,8.983333333333333,68.0,1.1,29.479,34.409,1.1,198.2376,0.2088
2025-03-11 05:49:55,8.983333333333333,68.0,1.9,29.441,34.431,1.9,,
2025-03-11 05:49:55,8.983333333333333,68.0,2.9,29.433,34.431,2.9,,
2025-03-11 05:49:55,8.983333333333333,68.0,3.8,29.427,34.432,3.8,,
2025-03-11 05:49:55,8.983333333333333,68.0,4.8,29.413,34.441,4.8,197.95,0.2448
2025-03-11 05:49:55,8.983333333333333,68.0,5.9,29.412,34.441,5.9,,
2025-03-11 05:49:55,8.983333333333333,68.0,6.9,29.406,34.441,6.9,,
2025-03-11 05:49:55,8.983333333333333,68.0,8.0,29.404,34.441,8.0,,
2025-03-11 05:49:55,8.983333333333333,68.0,8.8,29.403,34.441,8.8,197.96008,0.3312
2025-03-11 05:49:55,8.983333333333333,68.0,9.9,29.402,34.441,9.9,,
2025-03-11 05:49:55,8.983333333333333,68.0,15.6,29.409,34.455,15.6,,
2025-03-11 05:49:55,8.983333333333333,68.0,25.1,29.079,34.917,25.1,197.86061,0.3456
2025-03-11 05:49:55,8.983333333333333,68.0,35.4,28.671,35.171,35.4,,
2025-03-11 05:49:55,8.983333333333333,68.0,45.5,28.544,35.392,45.5,,
2025-03-11 05:49:55,8.983333333333333,68.0,55.6,28.483,35.46,55.6,,
2025-03-11 05:49:55,8.983333333333333,68.0,65.7,27.989,35.409,65.7,198.76268,0.4752
2025-03-11 05:49:55,8.983333333333333,68.0,75.6,27.002,35.36,75.6,,
2025-03-11 05:49:55,8.983333333333333,68.0,84.7,26.569,35.708,84.7,,
2025-03-11 05:49:55,8.983333333333333,68.0,95.4,23.897,35.315,95.4,201.08934,0.936
2025-03-11 05:49:55,8.983333333333333,68.0,105.6,22.932,35.361,105.6,,
2025-03-11 05:49:55,8.983333333333333,68.0,115.7,22.141,35.41,115.7,,
2025-03-11 05:49:55,8.983333333333333,68.0,125.5,21.092,35.332,125.5,,
2025-03-11 05:49:55,8.983333333333333,68.0,135.2,20.87,35.499,135.2,195.62416,2.592
2025-03-11 05:49:55,8.983333333333333,68.0,144.9,20.09,35.465,144.9,,
2025-03-11 05:49:55,8.983333333333333,68.0,154.9,18.976,35.419,154.9,,
2025-03-11 05:49:55,8.983333333333333,68.0,165.1,18.612,35.425,165.1,188.90178,2.2608
2025-03-11 05:49:55,8.983333333333333,68.0,175.8,17.818,35.398,175.8,,
2025-03-11 05:49:55,8.983333333333333,68.0,185.3,16.684,35.315,185.3,,
2025-03-11 05:49:55,8.983333333333333,68.0,195.3,15.914,35.264,195.3,,
2025-03-11 05:49:55,8.983333333333333,68.0,212.9,15.046,35.17,212.9,183.1989,1.368
2025-03-11 05:49:55,8.983333333333333,68.0,238.1,14.341,35.159,238.1,,
2025-03-11 05:49:55,8.983333333333333,68.0,262.5,13.863,35.165,262.5,,
2025-03-11 05:49:55,8.983333333333333,68.0,288.0,13.527,35.182,288.0,177.28586,0.828
2025-03-11 05:49:55,8.983333333333333,68.0,313.3,13.158,35.195,313.3,,
2025-03-11 05:49:55,8.983333333333333,68.0,338.8,12.829,35.21,338.8,,
2025-03-11 05:49:55,8.983333333333333,68.0,362.4,12.534,35.206,362.4,,
2025-03-11 05:49:55,8.983333333333333,68.0,387.4,12.409,35.243,387.4,175.05551,0.468
2025-03-11 05:49:55,8.983333333333333,68.0,412.9,12.152,35.245,412.9,,
2025-03-11 05:49:55,8.983333333333333,68.0,438.2,11.859,35.236,438.2,,
2025-03-11 05:49:55,8.983333333333333,68.0,462.9,11.633,35.242,462.9,175.45047,0.3672
2025-03-11 05:49:55,8.983333333333333,68.0,487.8,11.528,35.257,487.8,,
2025-03-11 05:49:55,8.983333333333333,68.0,512.9,11.453,35.263,512.9,,
2025-03-11 05:49:55,8.983333333333333,68.0,538.1,11.333,35.269,538.1,,
2025-03-11 05:49:55,8.983333333333333,68.0,563.0,11.218,35.277,563.0,176.26227,0.4752
2025-03-11 05:49:55,8.983333333333333,68.0,588.5,11.018,35.278,588.5,,
2025-03-11 05:49:55,8.983333333333333,68.0,612.8,10.871,35.283,612.8,,
2025-03-11 05:49:55,8.983333333333333,68.0,638.1,10.64,35.258,638.1,172.48479,0.3096
2025-03-11 05:49:55,8.983333333333333,68.0,663.1,10.417,35.239,663.1,,
2025-03-11 05:49:55,8.983333333333333,68.0,688.1,10.28,35.249,688.1,,
2025-03-11 05:49:55,8.983333333333333,68.0,712.9,10.275,35.286,712.9,,
2025-03-11 05:49:55,8.983333333333333,68.0,737.9,10.071,35.272,737.9,99.43082,0.1296
2025-03-11 05:49:55,8.983333333333333,68.0,763.0,9.956,35.278,763.0,,
2025-03-11 05:49:55,8.983333333333333,68.0,788.0,9.868,35.289,788.0,,
2025-03-11 05:49:55,8.983333333333333,68.0,812.7,9.668,35.277,812.7,81.185104,0.1152
2025-03-11 05:49:55,8.983333333333333,68.0,837.8,9.514,35.275,837.8,,
2025-03-11 05:49:55,8.983333333333333,68.0,863.7,9.315,35.277,863.7,,
2025-03-11 05:49:55,8.983333333333333,68.0,888.0,9.141,35.271,888.0,,
2025-03-11 05:49:55,8.983333333333333,68.0,913.0,8.915,35.26,913.0,64.914444,0.108
2025-03-11 05:49:55,8.983333333333333,68.0,937.8,8.669,35.24,937.8,,
2025-03-11 05:49:55,8.983333333333333,68.0,962.6,8.423,35.216,962.6,,
2025-03-11 05:49:55,8.983333333333333,68.0,987.6,8.332,35.214,987.6,48.07377,0.1152
2025-03-11 05:49:55,8.983333333333333,68.0,1012.6,8.172,35.201,1012.6,,
2025-03-11 05:49:55,8.983333333333333,68.0,1037.9,8.002,35.183,1037.9,,
2025-03-11 05:49:55,8.983333333333333,68.0,1062.8,7.815,35.163,1062.8,,
2025-03-11 05:49:55,8.983333333333333,68.0,1087.8,7.61,35.141,1087.8,38.55429,0.0936
2025-03-11 05:49:55,8.983333333333333,68.0,1112.9,7.387,35.122,1112.9,,
2025-03-11 05:49:55,8.983333333333333,68.0,1138.0,7.134,35.099,1138.0,,
2025-03-11 05:49:55,8.983333333333333,68.0,1163.0,6.898,35.074,1163.0,34.526268,0.0864
2025-03-11 05:49:55,8.983333333333333,68.0,1188.0,6.711,35.054,1188.0,,
2025-03-11 05:49:55,8.983333333333333,68.0,1212.9,6.554,35.041,1212.9,,
2025-03-11 05:49:55,8.983333333333333,68.0,1238.1,6.397,35.03,1238.1,,
2025-03-11 05:49:55,8.983333333333333,68.0,1263.4,6.117,34.994,1263.4,30.305626,0.0864
2025-03-11 05:49:55,8.983333333333333,68.0,1288.0,5.97,34.982,1288.0,,
2025-03-11 05:49:55,8.983333333333333,68.0,1313.0,5.827,34.975,1313.0,,
2025-03-11 05:49:55,8.983333333333333,68.0,1338.2,5.676,34.962,1338.2,28.403511,0.0792
2025-03-11 05:49:55,8.983333333333333,68.0,1363.3,5.498,34.951,1363.3,,
2025-03-11 05:49:55,8.983333333333333,68.0,1387.8,5.318,34.944,1387.8,,
2025-03-11 05:49:55,8.983333333333333,68.0,1412.8,5.148,34.933,1412.8,,
2025-03-11 05:49:55,8.983333333333333,68.0,1437.9,4.996,34.923,1437.9,25.760374,0.0792
2025-03-11 05:49:55,8.983333333333333,68.0,1463.0,4.827,34.91,1463.0,,
2025-03-11 05:49:55,8.983333333333333,68.0,1488.1,4.705,34.902,1488.1,,
2025-03-11 05:49:55,8.983333333333333,68.0,1513.2,4.591,34.895,1513.2,23.641916,0.0792
2025-03-11 05:49:55,8.983333333333333,68.0,1538.1,4.456,34.887,1538.1,,
2025-03-11 05:49:55,8.983333333333333,68.0,1562.8,4.306,34.878,1562.8,,
2025-03-11 05:49:55,8.983333333333333,68.0,1588.9,4.16,34.869,1588.9,,
2025-03-11 05:49:55,8.983333333333333,68.0,1613.1,4.06,34.863,1613.1,18.255913,0.072
2025-03-11 05:49:55,8.983333333333333,68.0,1638.0,3.938,34.855,1638.0,,
2025-03-11 05:49:55,8.983333333333333,68.0,1663.1,3.821,34.847,1663.1,,
2025-03-11 05:49:55,8.983333333333333,68.0,1688.0,3.732,34.841,1688.0,7.565546,0.0792
2025-03-11 05:49:55,8.983333333333333,68.0,1712.5,3.643,34.835,1712.5,,
2025-03-11 05:49:55,8.983333333333333,68.0,1737.6,3.554,34.828,1737.6,,
2025-03-11 05:49:55,8.983333333333333,68.0,1762.8,3.476,34.823,1762.8,,
2025-03-11 05:49:55,8.983333333333333,68.0,1787.9,3.408,34.819,1787.9,2.7514412,0.072
2025-03-11 05:49:55,8.983333333333333,68.0,1813.0,3.327,34.815,1813.0,,
2025-03-11 05:49:55,8.983333333333333,68.0,1837.8,3.266,34.812,1837.8,,
2025-03-11 05:49:55,8.983333333333333,68.0,1862.6,3.197,34.807,1862.6,1.637685,0.0648
2025-03-11 05:49:55,8.983333333333333,68.0,1887.8,3.141,34.806,1887.8,,
2025-03-11 05:49:55,8.983333333333333,68.0,1912.7,3.07,34.802,1912.7,,
2025-03-11 05:49:55,8.983333333333333,68.0,1938.4,2.977,34.796,1938.4,,
2025-03-11 05:49:55,8.983333333333333,68.0,1962.7,2.913,34.793,1962.7,1.092233,0.0792
2025-03-11 05:49:55,8.983333333333333,68.0,1983.8,2.859,34.789,1983.8,,
2025-03-21 01:07:34,8.933333333333334,68.01666666666667,0.2,29.853,34.28,0.2,,
2025-03-21 01:07:34,8.933333333333334,68.01666666666667,1.0,29.851,34.284,1.0,196.27411,0.2448
2025-03-21 01:07:34,8.933333333333334,68.01666666666667,2.1,29.863,34.277,2.1,195.97656,0.2376
2025-03-21 01:07:34,8.933333333333334,68.01666666666667,2.9,29.863,34.277,2.9,,
2025-03-21 01:07:34,8.933333333333334,68.01666666666667,3.8,29.864,34.277,3.8,,
2025-03-21 01:07:34,8.933333333333334,68.01666666666667,4.7,29.864,34.278,4.7,,
2025-03-21 01:07:34,8.933333333333334,68.01666666666667,5.6,29.863,34.279,5.6,196.53056,0.3024
2025-03-21 01:07:34,8.933333333333334,68.01666666666667,6.6,29.862,34.278,6.6,,
2025-03-21 01:07:34,8.933333333333334,68.01666666666667,7.9,29.863,34.278,7.9,,
2025-03-21 01:07:34,8.933333333333334,68.01666666666667,9.4,29.864,34.278,9.4,,
2025-03-21 01:07:34,8.933333333333334,68.01666666666667,10.4,29.864,34.278,10.4,197.19006,0.3384
2025-03-21 01:07:34,8.933333333333334,68.01666666666667,15.6,29.863,34.277,15.6,,
2025-03-21 01:07:34,8.933333333333334,68.01666666666667,25.9,29.726,34.355,25.9,,
2025-03-21 01:07:34,8.933333333333334,68.01666666666667,34.9,29.475,34.721,34.9,197.874,0.4176
2025-03-21 01:07:34,8.933333333333334,68.01666666666667,45.1,29.116,35.12,45.1,,
2025-03-21 01:07:34,8.933333333333334,68.01666666666667,55.6,28.703,35.24,55.6,,
2025-03-21 01:07:34,8.933333333333334,68.01666666666667,65.2,28.367,35.304,65.2,,
2025-03-21 01:07:34,8.933333333333334,68.01666666666667,75.2,27.86,35.279,75.2,199.51173,0.54
2025-03-21 01:07:34,8.933333333333334,68.01666666666667,85.1,27.334,35.387,85.1,,
2025-03-21 01:07:34,8.933333333333334,68.01666666666667,95.2,26.633,35.566,95.2,,
2025-03-21 01:07:34,8.933333333333334,68.01666666666667,105.5,25.561,35.531,105.5,197.99834,0.9288
2025-03-21 01:07:34,8.933333333333334,68.01666666666667,115.3,24.115,35.449,115.3,,
2025-03-21 01:07:34,8.933333333333334,68.01666666666667,125.4,22.576,35.306,125.4,,
2025-03-21 01:07:34,8.933333333333334,68.01666666666667,135.2,22.216,35.464,135.2,193.42703,1.6776
2025-03-21 01:07:34,8.933333333333334,68.01666666666667,145.1,21.444,35.36,145.1,,
2025-03-21 01:07:34,8.933333333333334,68.01666666666667,155.1,20.871,35.36,155.1,,
2025-03-21 01:07:34,8.933333333333334,68.01666666666667,165.4,20.612,35.514,165.4,,
2025-03-21 01:07:34,8.933333333333334,68.01666666666667,175.7,19.845,35.495,175.7,187.07971,1.7064
2025-03-21 01:07:34,8.933333333333334,68.01666666666667,185.8,18.504,35.29,185.8,,
2025-03-21 01:07:34,8.933333333333334,68.01666666666667,195.4,17.926,35.395,195.4,,
2025-03-21 01:07:34,8.933333333333334,68.01666666666667,212.8,16.33,35.236,212.8,,
2025-03-21 01:07:34,8.933333333333334,68.01666666666667,237.4,14.961,35.172,237.4,184.10164,1.5264
2025-03-21 01:07:34,8.933333333333334,68.01666666666667,263.1,14.176,35.183,263.1,,
2025-03-21 01:07:34,8.933333333333334,68.01666666666667,287.8,13.62,35.18,287.8,,
2025-03-21 01:07:34,8.933333333333334,68.01666666666667,312.6,13.301,35.223,312.6,183.11598,2.5488
2025-03-21 01:07:34,8.933333333333334,68.01666666666667,338.6,12.856,35.203,338.6,,
2025-03-21 01:07:34,8.933333333333334,68.01666666666667,362.4,12.599,35.223,362.4,,
2025-03-21 01:07:34,8.933333333333334,68.01666666666667,387.8,12.363,35.223,387.8,181.73283,0.9936
2025-03-21 01:07:34,8.933333333333334,68.01666666666667,413.0,12.172,35.24,413.0,,
2025-03-21 01:07:34,8.933333333333334,68.01666666666667,438.0,11.909,35.234,438.0,,
2025-03-21 01:07:34,8.933333333333334,68.01666666666667,462.7,11.688,35.236,462.7,,
2025-03-21 01:07:34,8.933333333333334,68.01666666666667,488.1,11.589,35.247,488.1,176.84354,0.6768
2025-03-21 01:07:34,8.933333333333334,68.01666666666667,512.9,11.449,35.258,512.9,,
2025-03-21 01:07:34,8.933333333333334,68.01666666666667,537.4,11.284,35.265,537.4,,
2025-03-21 01:07:34,8.933333333333334,68.01666666666667,562.5,11.175,35.275,562.5,,
2025-03-21 01:07:34,8.933333333333334,68.01666666666667,588.0,11.047,35.283,588.0,173.43466,0.4752
2025-03-21 01:07:34,8.933333333333334,68.01666666666667,612.9,10.928,35.292,612.9,,
2025-03-21 01:07:34,8.933333333333334,68.01666666666667,637.7,10.678,35.274,637.7,,
2025-03-21 01:07:34,8.933333333333334,68.01666666666667,663.7,10.385,35.244,663.7,168.01968,0.3888
2025-03-21 01:07:34,8.933333333333334,68.01666666666667,687.7,10.288,35.252,687.7,,
2025-03-21 01:07:34,8.933333333333334,68.01666666666667,712.6,10.217,35.271,712.6,,
2025-03-21 01:07:34,8.933333333333334,68.01666666666667,737.6,10.111,35.272,737.6,,
2025-03-21 01:07:34,8.933333333333334,68.01666666666667,762.9,10.071,35.294,762.9,155.52792,0.2952
2025-03-21 01:07:34,8.933333333333334,68.01666666666667,788.1,9.885,35.283,788.1,,
2025-03-21 01:07:34,8.933333333333334,68.01666666666667,813.0,9.702,35.279,813.0,,
2025-03-21 01:07:34,8.933333333333334,68.01666666666667,837.8,9.539,35.276,837.8,,
2025-03-21 01:07:34,8.933333333333334,68.01666666666667,862.9,9.294,35.265,862.9,79.33432,0.1656
2025-03-21 01:07:34,8.933333333333334,68.01666666666667,888.0,9.154,35.271,888.0,,
2025-03-21 01:07:34,8.933333333333334,68.01666666666667,913.4,9.043,35.266,913.4,,
2025-03-21 01:07:34,8.933333333333334,68.01666666666667,937.9,8.868,35.258,937.9,44.75507,0.1152
2025-03-21 01:07:34,8.933333333333334,68.01666666666667,962.9,8.692,35.249,962.9,,
2025-03-21 01:07:34,8.933333333333334,68.01666666666667,988.0,8.441,35.225,988.0,,
2025-03-21 01:07:34,8.933333333333334,68.01666666666667,1013.1,8.222,35.208,1013.1,36.74277,0.108
2025-03-21 01:07:34,8.933333333333334,68.01666666666667,1037.8,8.024,35.187,1037.8,,
2025-03-21 01:07:34,8.933333333333334,68.01666666666667,1062.7,7.79,35.16,1062.7,,
2025-03-21 01:07:34,8.933333333333334,68.01666666666667,1088.1,7.557,35.135,1088.1,,
2025-03-21 01:07:34,8.933333333333334,68.01666666666667,1112.8,7.39,35.12,1112.8,32.645454,0.1008
2025-03-21 01:07:34,8.933333333333334,68.01666666666667,1137.6,7.18,35.097,1137.6,,
2025-03-21 01:07:34,8.933333333333334,68.01666666666667,1162.9,6.999,35.081,1162.9,,
2025-03-21 01:07:34,8.933333333333334,68.01666666666667,1188.1,6.787,35.059,1188.1,31.054491,0.0792
2025-03-21 01:07:34,8.933333333333334,68.01666666666667,1213.3,6.568,35.039,1213.3,,
2025-03-21 01:07:34,8.933333333333334,68.01666666666667,1237.9,6.375,35.02,1237.9,,
2025-03-21 01:07:34,8.933333333333334,68.01666666666667,1262.9,6.175,35.004,1262.9,,
2025-03-21 01:07:34,8.933333333333334,68.01666666666667,1287.8,6.005,34.994,1287.8,24.646751,0.0648
2025-03-21 01:07:34,8.933333333333334,68.01666666666667,1313.3,5.762,34.971,1313.3,,
2025-03-21 01:07:34,8.933333333333334,68.01666666666667,1337.8,5.564,34.955,1337.8,,
2025-03-21 01:07:34,8.933333333333334,68.01666666666667,1362.7,5.389,34.945,1362.7,21.523441,0.0648
2025-03-21 01:07:34,8.933333333333334,68.01666666666667,1388.2,5.256,34.939,1388.2,,
2025-03-21 01:07:34,8.933333333333334,68.01666666666667,1413.2,5.128,34.931,1413.2,,
2025-03-21 01:07:34,8.933333333333334,68.01666666666667,1437.8,4.999,34.923,1437.8,,
2025-03-21 01:07:34,8.933333333333334,68.01666666666667,1462.8,4.85,34.913,1462.8,18.973232,0.0648
2025-03-21 01:07:34,8.933333333333334,68.01666666666667,1488.2,4.706,34.903,1488.2,,
2025-03-21 01:07:34,8.933333333333334,68.01666666666667,1513.2,4.611,34.898,1513.2,,
2025-03-21 01:07:34,8.933333333333334,68.01666666666667,1538.2,4.486,34.89,1538.2,12.0359,0.072
2025-03-21 01:07:34,8.933333333333334,68.01666666666667,1563.3,4.337,34.88,1563.3,,
2025-03-21 01:07:34,8.933333333333334,68.01666666666667,1588.0,4.225,34.874,1588.0,,
2025-03-21 01:07:34,8.933333333333334,68.01666666666667,1613.1,4.121,34.868,1613.1,,
2025-03-21 01:07:34,8.933333333333334,68.01666666666667,1638.0,4.019,34.862,1638.0,6.2820587,0.0648
2025-03-21 01:07:34,8.933333333333334,68.01666666666667,1663.3,3.906,34.854,1663.3,,
2025-03-21 01:07:34,8.933333333333334,68.01666666666667,1687.5,3.816,34.848,1687.5,,
2025-03-21 01:07:34,8.933333333333334,68.01666666666667,1712.5,3.7,34.839,1712.5,3.340957,0.0648
2025-03-21 01:07:34,8.933333333333334,68.01666666666667,1737.6,3.598,34.832,1737.6,,
2025-03-21 01:07:34,8.933333333333334,68.01666666666667,1762.8,3.499,34.826,1762.8,,
2025-03-21 01:07:34,8.933333333333334,68.01666666666667,1788.0,3.403,34.822,1788.0,,
2025-03-21 01:07:34,8.933333333333334,68.01666666666667,1812.9,3.31,34.818,1812.9,2.5838652,0.0792
2025-03-21 01:07:34,8.933333333333334,68.01666666666667,1838.3,3.231,34.813,1838.3,,
2025-03-21 01:07:34,8.933333333333334,68.01666666666667,1863.1,3.161,34.808,1863.1,,
2025-03-21 01:07:34,8.933333333333334,68.01666666666667,1887.7,3.091,34.804,1887.7,1.381192,0.0648
2025-03-21 01:07:34,8.933333333333334,68.01666666666667,1913.1,3.01,34.799,1913.1,,
2025-03-21 01:07:34,8.933333333333334,68.01666666666667,1938.0,2.944,34.795,1938.0,,
2025-03-21 01:07:34,8.933333333333334,68.01666666666667,1962.9,2.872,34.79,1962.9,1.1906263,0.0936
2025-03-21 01:07:34,8.933333333333334,68.01666666666667,1987.9,2.813,34.787,1987.9,,
2025-03-21 01:07:34,8.933333333333334,68.01666666666667,2013.8,2.75,34.783,2013.8,,
2025-03-21 01:07:34,8.933333333333334,68.01666666666667,2025.8,2.728,34.785,2025.8,1.0238504,0.072
2025-03-30 20:14:32,8.8,68.11666666666666,0.1,30.04,34.436,0.1,,
2025-03-30 20:14:32,8.8,68.11666666666666,0.8,30.056,34.425,0.8,196.46056,0.1512
2025-03-30 20:14:32,8.8,68.11666666666666,2.1,30.056,34.423,2.1,196.36658,0.144
2025-03-30 20:14:32,8.8,68.11666666666666,3.0,30.055,34.424,3.0,,
2025-03-30 20:14:32,8.8,68.11666666666666,3.9,30.052,34.425,3.9,,
2025-03-30 20:14:32,8.8,68.11666666666666,5.1,30.05,34.427,5.1,,
2025-03-30 20:14:32,8.8,68.11666666666666,6.2,30.055,34.429,6.2,196.40114,0.1944
2025-03-30 20:14:32,8.8,68.11666666666666,6.9,30.056,34.429,6.9,,
2025-03-30 20:14:32,8.8,68.11666666666666,7.7,30.061,34.428,7.7,,
2025-03-30 20:14:32,8.8,68.11666666666666,8.9,30.062,34.426,8.9,,
2025-03-30 20:14:32,8.8,68.11666666666666,10.1,30.063,34.427,10.1,196.83182,0.252
2025-03-30 20:14:32,8.8,68.11666666666666,15.4,30.064,34.427,15.4,,
2025-03-30 20:14:32,8.8,68.11666666666666,26.3,30.022,34.419,26.3,,
2025-03-30 20:14:32,8.8,68.11666666666666,35.3,29.74,34.862,35.3,,
2025-03-30 20:14:32,8.8,68.11666666666666,45.6,29.432,35.13,45.6,199.2613,0.36
2025-03-30 20:14:32,8.8,68.11666666666666,56.0,29.013,35.187,56.0,,
2025-03-30 20:14:32,8.8,68.11666666666666,65.1,28.739,35.328,65.1,,
2025-03-30 20:14:32,8.8,68.11666666666666,75.2,28.336,35.384,75.2,201.10918,0.4392
2025-03-30 20:14:32,8.8,68.11666666666666,85.1,27.38,35.341,85.1,,
2025-03-30 20:14:32,8.8,68.11666666666666,95.4,26.535,35.559,95.4,,
2025-03-30 20:14:32,8.8,68.11666666666666,105.6,24.505,35.378,105.6,199.72284,0.6552
2025-03-30 20:14:32,8.8,68.11666666666666,114.8,22.565,35.301,114.8,,
2025-03-30 20:14:32,8.8,68.11666666666666,125.1,21.546,35.292,125.1,,
2025-03-30 20:14:32,8.8,68.11666666666666,135.5,21.136,35.372,135.5,,
2025-03-30 20:14:32,8.8,68.11666666666666,145.7,20.402,35.405,145.7,195.09947,1.6416
2025-03-30 20:14:32,8.8,68.11666666666666,155.7,19.777,35.37,155.7,,
2025-03-30 20:14:32,8.8,68.11666666666666,165.9,18.932,35.322,165.9,,
2025-03-30 20:14:32,8.8,68.11666666666666,175.7,18.164,35.278,175.7,187.41695,1.9872
2025-03-30 20:14:32,8.8,68.11666666666666,185.3,17.41,35.215,185.3,,
2025-03-30 20:14:32,8.8,68.11666666666666,195.5,16.544,35.154,195.5,,
2025-03-30 20:14:32,8.8,68.11666666666666,212.3,15.508,35.168,212.3,,
2025-03-30 20:14:32,8.8,68.11666666666666,237.9,14.752,35.172,237.9,182.69058,1.764
2025-03-30 20:14:32,8.8,68.11666666666666,262.6,14.192,35.216,262.6,,
2025-03-30 20:14:32,8.8,68.11666666666666,287.4,13.585,35.202,287.4,,
2025-03-30 20:14:32,8.8,68.11666666666666,312.5,13.289,35.193,312.5,180.95595,1.2456
2025-03-30 20:14:32,8.8,68.11666666666666,337.5,13.129,35.215,337.5,,
2025-03-30 20:14:32,8.8,68.11666666666666,362.5,12.8,35.221,362.5,,
2025-03-30 20:14:32,8.8,68.11666666666666,388.4,12.576,35.249,388.4,,
2025-03-30 20:14:32,8.8,68.11666666666666,413.0,12.214,35.246,413.0,180.54878,1.1016
2025-03-30 20:14:32,8.8,68.11666666666666,437.6,11.842,35.235,437.6,,
2025-03-30 20:14:32,8.8,68.11666666666666,462.7,11.618,35.24,462.7,,
2025-03-30 20:14:32,8.8,68.11666666666666,488.0,11.468,35.244,488.0,181.09927,0.9864
2025-03-30 20:14:32,8.8,68.11666666666666,513.1,11.346,35.257,513.1,,
2025-03-30 20:14:32,8.8,68.11666666666666,538.0,11.222,35.27,538.0,,
2025-03-30 20:14:32,8.8,68.11666666666666,563.1,11.085,35.275,563.1,,
2025-03-30 20:14:32,8.8,68.11666666666666,588.0,10.984,35.288,588.0,178.84232,0.7416
2025-03-30 20:14:32,8.8,68.11666666666666,613.0,10.772,35.277,613.0,,
2025-03-30 20:14:32,8.8,68.11666666666666,637.8,10.542,35.267,637.8,,
2025-03-30 20:14:32,8.8,68.11666666666666,662.4,10.433,35.282,662.4,176.5972,0.7632
2025-03-30 20:14:32,8.8,68.11666666666666,687.9,10.294,35.283,687.9,,
2025-03-30 20:14:32,8.8,68.11666666666666,713.3,10.193,35.288,713.3,,
2025-03-30 20:14:32,8.8,68.11666666666666,737.8,10.127,35.309,737.8,,
2025-03-30 20:14:32,8.8,68.11666666666666,762.6,9.938,35.296,762.6,168.01187,0.612
2025-03-30 20:14:32,8.8,68.11666666666666,787.7,9.742,35.277,787.7,,
2025-03-30 20:14:32,8.8,68.11666666666666,812.8,9.613,35.268,812.8,,
2025-03-30 20:14:32,8.8,68.11666666666666,838.0,9.464,35.262,838.0,158.7809,0.3456
2025-03-30 20:14:32,8.8,68.11666666666666,863.0,9.375,35.277,863.0,,
2025-03-30 20:14:32,8.8,68.11666666666666,888.2,9.188,35.272,888.2,,
2025-03-30 20:14:32,8.8,68.11666666666666,913.1,9.051,35.272,913.1,,
2025-03-30 20:14:32,8.8,68.11666666666666,938.6,8.804,35.259,938.6,144.92891,0.2736
2025-03-30 20:14:32,8.8,68.11666666666666,962.8,8.582,35.239,962.8,,
2025-03-30 20:14:32,8.8,68.11666666666666,987.4,8.377,35.217,987.4,,
2025-03-30 20:14:32,8.8,68.11666666666666,1012.4,8.184,35.202,1012.4,110.58303,0.2376
2025-03-30 20:14:32,8.8,68.11666666666666,1037.7,8.013,35.186,1037.7,,
2025-03-30 20:14:32,8.8,68.11666666666666,1062.9,7.821,35.165,1062.9,,
2025-03-30 20:14:32,8.8,68.11666666666666,1088.1,7.591,35.143,1088.1,,
2025-03-30 20:14:32,8.8,68.11666666666666,1113.0,7.341,35.113,1113.0,58.603275,0.1656
2025-03-30 20:14:32,8.8,68.11666666666666,1137.7,7.092,35.086,1137.7,,
2025-03-30 20:14:32,8.8,68.11666666666666,1162.5,6.872,35.065,1162.5,,
2025-03-30 20:14:32,8.8,68.11666666666666,1187.6,6.704,35.054,1187.6,44.04837,0.1152
2025-03-30 20:14:32,8.8,68.11666666666666,1213.4,6.485,35.032,1213.4,,
2025-03-30 20:14:32,8.8,68.11666666666666,1237.8,6.346,35.02,1237.8,,
2025-03-30 20:14:32,8.8,68.11666666666666,1262.6,6.227,35.01,1262.6,,
2025-03-30 20:14:32,8.8,68.11666666666666,1287.9,6.036,34.991,1287.9,35.633034,0.0936
2025-03-30 20:14:32,8.8,68.11666666666666,1313.1,5.91,34.984,1313.1,,
2025-03-30 20:14:32,8.8,68.11666666666666,1337.8,5.79,34.977,1337.8,,
2025-03-30 20:14:32,8.8,68.11666666666666,1362.9,5.593,34.96,1362.9,33.498463,0.0936
2025-03-30 20:14:32,8.8,68.11666666666666,1388.3,5.412,34.948,1388.3,,
2025-03-30 20:14:32,8.8,68.11666666666666,1412.9,5.263,34.94,1412.9,,
2025-03-30 20:14:32,8.8,68.11666666666666,1437.7,5.116,34.933,1437.7,,
2025-03-30 20:14:32,8.8,68.11666666666666,1463.1,4.953,34.922,1463.1,26.246794,0.0864
2025-03-30 20:14:32,8.8,68.11666666666666,1488.1,4.82,34.916,1488.1,,
2025-03-30 20:14:32,8.8,68.11666666666666,1513.7,4.713,34.912,1513.7,,
2025-03-30 20:14:32,8.8,68.11666666666666,1537.8,4.607,34.904,1537.8,23.385046,0.0648
2025-03-30 20:14:32,8.8,68.11666666666666,1562.8,4.456,34.891,1562.8,,
2025-03-30 20:14:32,8.8,68.11666666666666,1587.8,4.306,34.883,1587.8,,
2025-03-30 20:14:32,8.8,68.11666666666666,1612.8,4.21,34.877,1612.8,,
2025-03-30 20:14:32,8.8,68.11666666666666,1637.9,4.118,34.872,1637.9,17.987349,0.0648
2025-03-30 20:14:32,8.8,68.11666666666666,1662.7,4.025,34.866,1662.7,,
2025-03-30 20:14:32,8.8,68.11666666666666,1687.8,3.891,34.858,1687.8,,
2025-03-30 20:14:32,8.8,68.11666666666666,1713.0,3.804,34.852,1713.0,12.992303,0.072
2025-03-30 20:14:32,8.8,68.11666666666666,1737.8,3.727,34.847,1737.8,,
2025-03-30 20:14:32,8.8,68.11666666666666,1762.9,3.642,34.841,1762.9,,
2025-03-30 20:14:32,8.8,68.11666666666666,1788.3,3.531,34.832,1788.3,8.974522,0.0648
2025-03-30 20:14:32,8.8,68.11666666666666,1813.1,3.447,34.827,1813.1,,
2025-03-30 20:14:32,8.8,68.11666666666666,1837.7,3.37,34.821,1837.7,,
2025-03-30 20:14:32,8.8,68.11666666666666,1862.6,3.284,34.817,1862.6,,
2025-03-30 20:14:32,8.8,68.11666666666666,1887.7,3.194,34.811,1887.7,5.244377,0.0648
2025-03-30 20:14:32,8.8,68.11666666666666,1912.8,3.118,34.807,1912.8,,
2025-03-30 20:14:32,8.8,68.11666666666666,1937.8,3.042,34.801,1937.8,,
2025-03-30 20:14:32,8.8,68.11666666666666,1962.8,2.971,34.796,1962.8,,
2025-03-30 20:14:32,8.8,68.11666666666666,1988.0,2.915,34.793,1988.0,2.5037556,0.072
2025-03-30 20:14:32,8.8,68.11666666666666,2013.6,2.85,34.789,2013.6,,
2025-03-30 20:14:32,8.8,68.11666666666666,2030.0,2.821,34.788,2030.0,,
2025-04-09 15:04:20,8.716666666666667,68.26666666666667,0.3,30.688,33.972,0.3,,
2025-04-09 15:04:20,8.716666666666667,68.26666666666667,0.9,30.692,33.972,0.9,196.16306,0.2088
2025-04-09 15:04:20,8.716666666666667,68.26666666666667,2.2,30.692,33.971,2.2,,
2025-04-09 15:04:20,8.716666666666667,68.26666666666667,3.1,30.691,33.972,3.1,196.08932,0.2232
2025-04-09 15:04:20,8.716666666666667,68.26666666666667,3.9,30.693,33.973,3.9,,
2025-04-09 15:04:20,8.716666666666667,68.26666666666667,4.8,30.694,33.974,4.8,,
2025-04-09 15:04:20,8.716666666666667,68.26666666666667,5.7,30.697,33.975,5.7,,
2025-04-09 15:04:20,8.716666666666667,68.26666666666667,6.9,30.694,33.974,6.9,195.98018,0.216
2025-04-09 15:04:20,8.716666666666667,68.26666666666667,8.3,30.696,33.974,8.3,,
2025-04-09 15:04:20,8.716666666666667,68.26666666666667,9.2,30.692,33.976,9.2,,
2025-04-09 15:04:20,8.716666666666667,68.26666666666667,10.2,30.687,33.979,10.2,,
2025-04-09 15:04:20,8.716666666666667,68.26666666666667,15.2,30.39,34.016,15.2,196.40079,0.216
2025-04-09 15:04:20,8.716666666666667,68.26666666666667,25.4,29.159,34.184,25.4,,
2025-04-09 15:04:20,8.716666666666667,68.26666666666667,35.4,28.874,34.267,35.4,,
2025-04-09 15:04:20,8.716666666666667,68.26666666666667,45.6,28.526,34.384,45.6,197.76003,0.2592
2025-04-09 15:04:20,8.716666666666667,68.26666666666667,55.3,28.336,34.439,55.3,,
2025-04-09 15:04:20,8.716666666666667,68.26666666666667,65.2,28.276,34.509,65.2,,
2025-04-09 15:04:20,8.716666666666667,68.26666666666667,75.0,28.2,34.624,75.0,,
2025-04-09 15:04:20,8.716666666666667,68.26666666666667,85.3,28.187,34.706,85.3,201.57552,0.4752
2025-04-09 15:04:20,8.716666666666667,68.26666666666667,95.8,28.235,34.831,95.8,,
2025-04-09 15:04:20,8.716666666666667,68.26666666666667,105.8,28.307,35.068,105.8,,
2025-04-09 15:04:20,8.716666666666667,68.26666666666667,115.8,28.139,35.588,115.8,200.32661,1.8216
2025-04-09 15:04:20,8.716666666666667,68.26666666666667,125.5,26.851,35.828,125.5,,
2025-04-09 15:04:20,8.716666666666667,68.26666666666667,134.8,25.206,35.782,134.8,,
2025-04-09 15:04:20,8.716666666666667,68.26666666666667,145.8,22.389,35.507,145.8,,
2025-04-09 15:04:20,8.716666666666667,68.26666666666667,155.8,21.417,35.547,155.8,193.46944,4.032
2025-04-09 15:04:20,8.716666666666667,68.26666666666667,165.1,19.543,35.373,165.1,,
2025-04-09 15:04:20,8.716666666666667,68.26666666666667,175.1,18.68,35.354,175.1,,
2025-04-09 15:04:20,8.716666666666667,68.26666666666667,185.7,17.993,35.324,185.7,184.71623,3.4848
2025-04-09 15:04:20,8.716666666666667,68.26666666666667,195.5,17.31,35.308,195.5,,
2025-04-09 15:04:20,8.716666666666667,68.26666666666667,213.0,16.395,35.298,213.0,,
2025-04-09 15:04:20,8.716666666666667,68.26666666666667,238.1,15.249,35.259,238.1,,
2025-04-09 15:04:20,8.716666666666667,68.26666666666667,262.8,14.319,35.259,262.8,184.86572,4.5936
2025-04-09 15:04:20,8.716666666666667,68.26666666666667,288.3,13.875,35.281,288.3,,
2025-04-09 15:04:20,8.716666666666667,68.26666666666667,313.7,13.286,35.279,313.7,,
2025-04-09 15:04:20,8.716666666666667,68.26666666666667,337.8,12.821,35.268,337.8,182.66399,1.9008
2025-04-09 15:04:20,8.716666666666667,68.26666666666667,363.2,12.104,35.163,363.2,,
2025-04-09 15:04:20,8.716666666666667,68.26666666666667,388.1,11.636,35.103,388.1,,
2025-04-09 15:04:20,8.716666666666667,68.26666666666667,413.1,11.437,35.098,413.1,,
2025-04-09 15:04:20,8.716666666666667,68.26666666666667,437.8,11.292,35.121,437.8,179.00848,1.1808
2025-04-09 15:04:20,8.716666666666667,68.26666666666667,462.4,11.237,35.167,462.4,,
2025-04-09 15:04:20,8.716666666666667,68.26666666666667,487.9,10.91,35.148,487.9,,
2025-04-09 15:04:20,8.716666666666667,68.26666666666667,512.6,10.761,35.153,512.6,175.90616,0.8784
2025-04-09 15:04:20,8.716666666666667,68.26666666666667,537.9,10.616,35.158,537.9,,
2025-04-09 15:04:20,8.716666666666667,68.26666666666667,563.1,10.516,35.179,563.1,,
2025-04-09 15:04:20,8.716666666666667,68.26666666666667,587.8,10.427,35.202,587.8,,
2025-04-09 15:04:20,8.716666666666667,68.26666666666667,612.6,10.448,35.262,612.6,174.29497,0.648
2025-04-09 15:04:20,8.716666666666667,68.26666666666667,637.8,10.572,35.331,637.8,,
2025-04-09 15:04:20,8.716666666666667,68.26666666666667,662.8,10.35,35.315,662.8,,
2025-04-09 15:04:20,8.716666666666667,68.26666666666667,687.8,10.177,35.307,687.8,173.90875,0.6192
2025-04-09 15:04:20,8.716666666666667,68.26666666666667,713.0,9.919,35.285,713.0,,
2025-04-09 15:04:20,8.716666666666667,68.26666666666667,737.9,9.736,35.272,737.9,,
2025-04-09 15:04:20,8.716666666666667,68.26666666666667,762.8,9.603,35.27,762.8,,
2025-04-09 15:04:20,8.716666666666667,68.26666666666667,787.7,9.433,35.269,787.7,168.93277,0.4536
2025-04-09 15:04:20,8.716666666666667,68.26666666666667,812.8,9.309,35.276,812.8,,
2025-04-09 15:04:20,8.716666666666667,68.26666666666667,838.2,9.092,35.256,838.2,,
2025-04-09 15:04:20,8.716666666666667,68.26666666666667,862.6,9.04,35.264,862.6,142.12341,0.2808
2025-04-09 15:04:20,8.716666666666667,68.26666666666667,888.0,8.977,35.27,888.0,,
2025-04-09 15:04:20,8.716666666666667,68.26666666666667,912.8,8.811,35.256,912.8,,
2025-04-09 15:04:20,8.716666666666667,68.26666666666667,937.7,8.612,35.24,937.7,,
2025-04-09 15:04:20,8.716666666666667,68.26666666666667,962.6,8.439,35.228,962.6,139.86511,0.2016
2025-04-09 15:04:20,8.716666666666667,68.26666666666667,987.8,8.211,35.206,987.8,,
2025-04-09 15:04:20,8.716666666666667,68.26666666666667,1013.1,7.967,35.184,1013.1,,
2025-04-09 15:04:20,8.716666666666667,68.26666666666667,1038.2,7.729,35.159,1038.2,117.187416,0.2232
2025-04-09 15:04:20,8.716666666666667,68.26666666666667,1063.1,7.435,35.125,1063.1,,
2025-04-09 15:04:20,8.716666666666667,68.26666666666667,1087.9,7.189,35.099,1087.9,,
2025-04-09 15:04:20,8.716666666666667,68.26666666666667,1112.8,6.959,35.073,1112.8,,
2025-04-09 15:04:20,8.716666666666667,68.26666666666667,1137.9,6.754,35.05,1137.9,73.22488,0.1944
2025-04-09 15:04:20,8.716666666666667,68.26666666666667,1162.8,6.594,35.035,1162.8,,
2025-04-09 15:04:20,8.716666666666667,68.26666666666667,1187.9,6.455,35.027,1187.9,,
2025-04-09 15:04:20,8.716666666666667,68.26666666666667,1213.4,6.343,35.023,1213.4,42.150864,0.1584
2025-04-09 15:04:20,8.716666666666667,68.26666666666667,1237.9,6.186,35.01,1237.9,,
2025-04-09 15:04:20,8.716666666666667,68.26666666666667,1262.7,6.035,34.998,1262.7,,
2025-04-09 15:04:20,8.716666666666667,68.26666666666667,1287.9,5.906,34.987,1287.9,,
2025-04-09 15:04:20,8.716666666666667,68.26666666666667,1313.1,5.766,34.975,1313.1,36.17485,0.1224
2025-04-09 15:04:20,8.716666666666667,68.26666666666667,1338.3,5.626,34.961,1338.3,,
2025-04-09 15:04:20,8.716666666666667,68.26666666666667,1363.3,5.602,34.975,1363.3,,
2025-04-09 15:04:20,8.716666666666667,68.26666666666667,1387.8,5.465,34.969,1387.8,39.967056,0.1008
2025-04-09 15:04:20,8.716666666666667,68.26666666666667,1412.5,5.317,34.956,1412.5,,
2025-04-09 15:04:20,8.716666666666667,68.26666666666667,1437.8,5.14,34.941,1437.8,,
2025-04-09 15:04:20,8.716666666666667,68.26666666666667,1463.0,4.988,34.928,1463.0,,
2025-04-09 15:04:20,8.716666666666667,68.26666666666667,1487.9,4.814,34.914,1487.9,29.744019,0.0792
2025-04-09 15:04:20,8.716666666666667,68.26666666666667,1513.6,4.699,34.909,1513.6,,
2025-04-09 15:04:20,8.716666666666667,68.26666666666667,1538.0,4.593,34.903,1538.0,,
2025-04-09 15:04:20,8.716666666666667,68.26666666666667,1562.7,4.461,34.895,1562.7,25.461979,0.072
2025-04-09 15:04:20,8.716666666666667,68.26666666666667,1587.5,4.323,34.886,1587.5,,
2025-04-09 15:04:20,8.716666666666667,68.26666666666667,1612.8,4.184,34.876,1612.8,,
2025-04-09 15:04:20,8.716666666666667,68.26666666666667,1637.7,4.072,34.868,1637.7,,
2025-04-09 15:04:20,8.716666666666667,68.26666666666667,1662.8,3.974,34.863,1662.8,20.262026,0.0576
2025-04-09 15:04:20,8.716666666666667,68.26666666666667,1688.3,3.867,34.856,1688.3,,
2025-04-09 15:04:20,8.716666666666667,68.26666666666667,1712.9,3.765,34.85,1712.9,,
2025-04-09 15:04:20,8.716666666666667,68.26666666666667,1737.6,3.688,34.846,1737.6,13.655692,0.0648
2025-04-09 15:04:20,8.716666666666667,68.26666666666667,1763.0,3.607,34.841,1763.0,,
2025-04-09 15:04:20,8.716666666666667,68.26666666666667,1788.2,3.503,34.835,1788.2,,
2025-04-09 15:04:20,8.716666666666667,68.26666666666667,1813.0,3.405,34.828,1813.0,,
2025-04-09 15:04:20,8.716666666666667,68.26666666666667,1837.7,3.337,34.823,1837.7,9.949638,0.0648
2025-04-09 15:04:20,8.716666666666667,68.26666666666667,1862.8,3.274,34.819,1862.8,,
2025-04-09 15:04:20,8.716666666666667,68.26666666666667,1887.9,3.181,34.811,1887.9,,
2025-04-09 15:04:20,8.716666666666667,68.26666666666667,1913.0,3.085,34.805,1913.0,5.173996,0.072
2025-04-09 15:04:20,8.716666666666667,68.26666666666667,1938.8,3.01,34.801,1938.8,,
2025-04-09 15:04:20,8.716666666666667,68.26666666666667,1962.7,2.946,34.798,1962.7,,
2025-04-09 15:04:20,8.716666666666667,68.26666666666667,1985.4,2.913,34.796,1985.4,,
2025-04-19 10:00:33,8.916666666666666,68.43333333333334,0.1,31.018,34.316,0.1,,
2025-04-19 10:00:33,8.916666666666666,68.43333333333334,1.0,30.872,34.311,1.0,196.22963,0.1296
2025-04-19 10:00:33,8.916666666666666,68.43333333333334,2.2,30.518,34.502,2.2,196.23267,0.1368
2025-04-19 10:00:33,8.916666666666666,68.43333333333334,3.1,30.439,34.547,3.1,,
2025-04-19 10:00:33,8.916666666666666,68.43333333333334,4.0,30.418,34.559,4.0,,
2025-04-19 10:00:33,8.916666666666666,68.43333333333334,4.9,30.41,34.566,4.9,,
2025-04-19 10:00:33,8.916666666666666,68.43333333333334,5.9,30.403,34.568,5.9,196.45024,0.1872
2025-04-19 10:00:33,8.916666666666666,68.43333333333334,6.9,30.396,34.57,6.9,,
2025-04-19 10:00:33,8.916666666666666,68.43333333333334,7.8,30.394,34.571,7.8,,
2025-04-19 10:00:33,8.916666666666666,68.43333333333334,8.8,30.387,34.571,8.8,,
2025-04-19 10:00:33,8.916666666666666,68.43333333333334,9.8,30.385,34.573,9.8,198.25046,0.6336
2025-04-19 10:00:33,8.916666666666666,68.43333333333334,15.3,30.361,34.577,15.3,,
2025-04-19 10:00:33,8.916666666666666,68.43333333333334,25.2,30.307,34.579,25.2,,
2025-04-19 10:00:33,8.916666666666666,68.43333333333334,35.2,30.221,34.686,35.2,198.95949,0.4536
2025-04-19 10:00:33,8.916666666666666,68.43333333333334,45.4,29.672,34.934,45.4,,
2025-04-19 10:00:33,8.916666666666666,68.43333333333334,55.7,29.157,35.14,55.7,,
2025-04-19 10:00:33,8.916666666666666,68.43333333333334,65.0,28.626,35.326,65.0,,
2025-04-19 10:00:33,8.916666666666666,68.43333333333334,75.6,28.161,35.45,75.6,190.66006,1.4184
2025-04-19 10:00:33,8.916666666666666,68.43333333333334,85.8,27.51,35.516,85.8,,
2025-04-19 10:00:33,8.916666666666666,68.43333333333334,94.7,26.805,35.806,94.7,,
2025-04-19 10:00:33,8.916666666666666,68.43333333333334,105.1,25.194,35.734,105.1,181.3539,1.98
2025-04-19 10:00:33,8.916666666666666,68.43333333333334,115.5,23.867,35.609,115.5,,
2025-04-19 10:00:33,8.916666666666666,68.43333333333334,125.9,22.336,35.561,125.9,,
2025-04-19 10:00:33,8.916666666666666,68.43333333333334,135.1,21.572,35.625,135.1,,
2025-04-19 10:00:33,8.916666666666666,68.43333333333334,145.4,20.891,35.596,145.4,176.39558,1.0872
2025-04-19 10:00:33,8.916666666666666,68.43333333333334,155.6,19.893,35.517,155.6,,
2025-04-19 10:00:33,8.916666666666666,68.43333333333334,165.2,18.785,35.395,165.2,,
2025-04-19 10:00:33,8.916666666666666,68.43333333333334,175.2,18.016,35.344,175.2,173.33812,1.0656
2025-04-19 10:00:33,8.916666666666666,68.43333333333334,185.5,17.241,35.333,185.5,,
2025-04-19 10:00:33,8.916666666666666,68.43333333333334,195.7,16.697,35.311,195.7,,
2025-04-19 10:00:33,8.916666666666666,68.43333333333334,213.1,15.706,35.217,213.1,,
2025-04-19 10:00:33,8.916666666666666,68.43333333333334,237.7,14.682,35.277,237.7,169.20163,1.0296
2025-04-19 10:00:33,8.916666666666666,68.43333333333334,262.6,13.619,35.203,262.6,,
2025-04-19 10:00:33,8.916666666666666,68.43333333333334,287.7,13.274,35.261,287.7,,
2025-04-19 10:00:33,8.916666666666666,68.43333333333334,312.4,12.871,35.272,312.4,166.23866,0.8208
2025-04-19 10:00:33,8.916666666666666,68.43333333333334,338.0,12.444,35.23,338.0,,
2025-04-19 10:00:33,8.916666666666666,68.43333333333334,362.9,11.991,35.157,362.9,,
2025-04-19 10:00:33,8.916666666666666,68.43333333333334,388.0,11.719,35.137,388.0,,
2025-04-19 10:00:33,8.916666666666666,68.43333333333334,413.2,11.486,35.14,413.2,168.38933,1.0728
2025-04-19 10:00:33,8.916666666666666,68.43333333333334,437.8,11.369,35.161,437.8,,
2025-04-19 10:00:33,8.916666666666666,68.43333333333334,462.6,11.311,35.194,462.6,,
2025-04-19 10:00:33,8.916666666666666,68.43333333333334,487.5,11.23,35.214,487.5,171.12181,0.468
2025-04-19 10:00:33,8.916666666666666,68.43333333333334,512.9,11.055,35.223,512.9,,
2025-04-19 10:00:33,8.916666666666666,68.43333333333334,538.0,10.894,35.231,538.0,,
2025-04-19 10:00:33,8.916666666666666,68.43333333333334,563.7,11.009,35.314,563.7,,
2025-04-19 10:00:33,8.916666666666666,68.43333333333334,588.0,10.926,35.336,588.0,173.55057,0.432
2025-04-19 10:00:33,8.916666666666666,68.43333333333334,613.1,10.691,35.329,613.1,,
2025-04-19 10:00:33,8.916666666666666,68.43333333333334,638.1,10.498,35.322,638.1,,
2025-04-19 10:00:33,8.916666666666666,68.43333333333334,662.7,10.296,35.306,662.7,173.80438,0.4104
2025-04-19 10:00:33,8.916666666666666,68.43333333333334,687.8,10.027,35.272,687.8,,
2025-04-19 10:00:33,8.916666666666666,68.43333333333334,713.0,9.739,35.243,713.0,,
2025-04-19 10:00:33,8.916666666666666,68.43333333333334,738.0,9.564,35.233,738.0,,
2025-04-19 10:00:33,8.916666666666666,68.43333333333334,762.8,9.483,35.249,762.8,172.20438,0.3384
2025-04-19 10:00:33,8.916666666666666,68.43333333333334,787.8,9.371,35.259,787.8,,
2025-04-19 10:00:33,8.916666666666666,68.43333333333334,813.9,9.287,35.281,813.9,,
2025-04-19 10:00:33,8.916666666666666,68.43333333333334,838.2,9.135,35.274,838.2,169.03178,0.2448
2025-04-19 10:00:33,8.916666666666666,68.43333333333334,863.2,8.932,35.265,863.2,,
2025-04-19 10:00:33,8.916666666666666,68.43333333333334,888.1,8.8,35.257,888.1,,
2025-04-19 10:00:33,8.916666666666666,68.43333333333334,912.7,8.64,35.243,912.7,,
2025-04-19 10:00:33,8.916666666666666,68.43333333333334,938.0,8.376,35.218,938.0,166.09918,0.2304
2025-04-19 10:00:33,8.916666666666666,68.43333333333334,962.8,8.203,35.207,962.8,,
2025-04-19 10:00:33,8.916666666666666,68.43333333333334,987.7,7.94,35.181,987.7,,
2025-04-19 10:00:33,8.916666666666666,68.43333333333334,1012.9,7.71,35.156,1012.9,154.2584,0.18
2025-04-19 10:00:33,8.916666666666666,68.43333333333334,1038.0,7.49,35.133,1038.0,,
2025-04-19 10:00:33,8.916666666666666,68.43333333333334,1063.0,7.276,35.109,1063.0,,
2025-04-19 10:00:33,8.916666666666666,68.43333333333334,1087.8,7.083,35.088,1087.8,,
2025-04-19 10:00:33,8.916666666666666,68.43333333333334,1112.8,6.955,35.078,1112.8,95.18446,0.1512
2025-04-19 10:00:33,8.916666666666666,68.43333333333334,1137.6,6.772,35.063,1137.6,,
2025-04-19 10:00:33,8.916666666666666,68.43333333333334,1162.6,6.573,35.042,1162.6,,
2025-04-19 10:00:33,8.916666666666666,68.43333333333334,1188.0,6.388,35.026,1188.0,47.592255,0.1008
2025-04-19 10:00:33,8.916666666666666,68.43333333333334,1213.2,6.263,35.019,1213.2,,
2025-04-19 10:00:33,8.916666666666666,68.43333333333334,1238.1,6.138,35.009,1238.1,,
2025-04-19 10:00:33,8.916666666666666,68.43333333333334,1263.4,5.957,34.995,1263.4,,
2025-04-19 10:00:33,8.916666666666666,68.43333333333334,1287.6,5.812,34.982,1287.6,33.75136,0.1152
2025-04-19 10:00:33,8.916666666666666,68.43333333333334,1312.5,5.643,34.967,1312.5,,
2025-04-19 10:00:33,8.916666666666666,68.43333333333334,1337.6,5.475,34.951,1337.6,,
2025-04-19 10:00:33,8.916666666666666,68.43333333333334,1362.6,5.446,34.959,1362.6,35.90705,0.0936
2025-04-19 10:00:33,8.916666666666666,68.43333333333334,1387.8,5.362,34.96,1387.8,,
2025-04-19 10:00:33,8.916666666666666,68.43333333333334,1412.7,5.218,34.947,1412.7,,
2025-04-19 10:00:33,8.916666666666666,68.43333333333334,1437.7,5.023,34.931,1437.7,,
2025-04-19 10:00:33,8.916666666666666,68.43333333333334,1463.1,4.897,34.921,1463.1,29.09314,0.0864
2025-04-19 10:00:33,8.916666666666666,68.43333333333334,1488.0,4.797,34.917,1488.0,,
2025-04-19 10:00:33,8.916666666666666,68.43333333333334,1512.6,4.653,34.908,1512.6,,
2025-04-19 10:00:33,8.916666666666666,68.43333333333334,1537.7,4.479,34.896,1537.7,22.743763,0.0792
2025-04-19 10:00:33,8.916666666666666,68.43333333333334,1562.9,4.389,34.89,1562.9,,
2025-04-19 10:00:33,8.916666666666666,68.43333333333334,1588.3,4.276,34.884,1588.3,,
2025-04-19 10:00:33,8.916666666666666,68.43333333333334,1613.0,4.149,34.877,1613.0,,
2025-04-19 10:00:33,8.916666666666666,68.43333333333334,1637.8,4.055,34.87,1637.8,18.703121,0.072
2025-04-19 10:00:33,8.916666666666666,68.43333333333334,1662.7,3.921,34.861,1662.7,,
2025-04-19 10:00:33,8.916666666666666,68.43333333333334,1687.9,3.817,34.854,1687.9,,
2025-04-19 10:00:33,8.916666666666666,68.43333333333334,1713.2,3.718,34.845,1713.2,12.022562,0.072
2025-04-19 10:00:33,8.916666666666666,68.43333333333334,1738.3,3.583,34.833,1738.3,,
2025-04-19 10:00:33,8.916666666666666,68.43333333333334,1763.2,3.495,34.828,1763.2,,
2025-04-19 10:00:33,8.916666666666666,68.43333333333334,1788.2,3.418,34.823,1788.2,,
2025-04-19 10:00:33,8.916666666666666,68.43333333333334,1812.8,3.346,34.82,1812.8,4.7034974,0.0648
2025-04-19 10:00:33,8.916666666666666,68.43333333333334,1837.7,3.253,34.815,1837.7,,
2025-04-19 10:00:33,8.916666666666666,68.43333333333334,1863.7,3.207,34.815,1863.7,,
2025-04-19 10:00:33,8.916666666666666,68.43333333333334,1887.9,3.126,34.809,1887.9,1.9361256,0.0576
2025-04-19 10:00:33,8.916666666666666,68.43333333333334,1912.8,3.062,34.804,1912.8,,
2025-04-19 10:00:33,8.916666666666666,68.43333333333334,1937.8,3.013,34.801,1937.8,,
2025-04-19 10:00:33,8.916666666666666,68.43333333333334,1962.8,2.959,34.798,1962.8,,
2025-04-19 10:00:33,8.916666666666666,68.43333333333334,1987.8,2.894,34.794,1987.8,1.0294005,0.0792
2025-04-19 10:00:33,8.916666666666666,68.43333333333334,2005.1,2.856,34.791,2005.1,,
2025-04-29 05:02:33,9.133333333333333,68.58333333333333,0.3,30.887,34.795,0.3,,
2025-04-29 05:02:33,9.133333333333333,68.58333333333333,0.8,30.773,34.849,0.8,197.39952,0.2664
2025-04-29 05:02:33,9.133333333333333,68.58333333333333,1.9,30.693,34.894,1.9,,
2025-04-29 05:02:33,9.133333333333333,68.58333333333333,3.0,30.678,34.901,3.0,,
2025-04-29 05:02:33,9.133333333333333,68.58333333333333,4.2,30.671,34.908,4.2,,
2025-04-29 05:02:33,9.133333333333333,68.58333333333333,5.1,30.666,34.909,5.1,197.17607,0.432
2025-04-29 05:02:33,9.133333333333333,68.58333333333333,5.9,30.663,34.909,5.9,,
2025-04-29 05:02:33,9.133333333333333,68.58333333333333,6.7,30.657,34.909,6.7,,
2025-04-29 05:02:33,9.133333333333333,68.58333333333333,7.6,30.652,34.908,7.6,,
2025-04-29 05:02:33,9.133333333333333,68.58333333333333,8.9,30.643,34.905,8.9,197.64656,0.3312
2025-04-29 05:02:33,9.133333333333333,68.58333333333333,10.3,30.634,34.904,10.3,,
2025-04-29 05:02:33,9.133333333333333,68.58333333333333,15.2,30.382,35.052,15.2,,
2025-04-29 05:02:33,9.133333333333333,68.58333333333333,25.1,29.88,35.343,25.1,198.90579,0.5112
2025-04-29 05:02:33,9.133333333333333,68.58333333333333,35.7,29.504,35.402,35.7,,
2025-04-29 05:02:33,9.133333333333333,68.58333333333333,45.4,29.129,35.457,45.4,,
2025-04-29 05:02:33,9.133333333333333,68.58333333333333,55.4,28.429,35.74,55.4,,
2025-04-29 05:02:33,9.133333333333333,68.58333333333333,65.4,27.676,35.849,65.4,197.69673,0.6912
2025-04-29 05:02:33,9.133333333333333,68.58333333333333,75.1,27.205,35.903,75.1,,
2025-04-29 05:02:33,9.133333333333333,68.58333333333333,85.4,26.846,35.948,85.4,,
2025-04-29 05:02:33,9.133333333333333,68.58333333333333,95.8,26.256,35.895,95.8,186.90526,2.4912
2025-04-29 05:02:33,9.133333333333333,68.58333333333333,105.7,25.906,35.896,105.7,,
2025-04-29 05:02:33,9.133333333333333,68.58333333333333,115.7,25.209,35.877,115.7,,
2025-04-29 05:02:33,9.133333333333333,68.58333333333333,125.1,24.008,35.806,125.1,,
2025-04-29 05:02:33,9.133333333333333,68.58333333333333,135.6,22.5,35.72,135.6,181.22821,2.0232
2025-04-29 05:02:33,9.133333333333333,68.58333333333333,145.9,21.325,35.527,145.9,,
2025-04-29 05:02:33,9.133333333333333,68.58333333333333,155.5,20.405,35.577,155.5,,
2025-04-29 05:02:33,9.133333333333333,68.58333333333333,165.3,18.944,35.459,165.3,176.70322,1.5408
2025-04-29 05:02:33,9.133333333333333,68.58333333333333,175.3,18.251,35.409,175.3,,
2025-04-29 05:02:33,9.133333333333333,68.58333333333333,185.3,17.535,35.362,185.3,,
2025-04-29 05:02:33,9.133333333333333,68.58333333333333,195.3,16.497,35.277,195.3,,
2025-04-29 05:02:33,9.133333333333333,68.58333333333333,213.2,15.274,35.271,213.2,173.7067,0.8784
2025-04-29 05:02:33,9.133333333333333,68.58333333333333,237.3,14.426,35.269,237.3,,
2025-04-29 05:02:33,9.133333333333333,68.58333333333333,263.0,13.864,35.282,263.0,,
2025-04-29 05:02:33,9.133333333333333,68.58333333333333,289.1,13.338,35.302,289.1,176.39124,0.4536
2025-04-29 05:02:33,9.133333333333333,68.58333333333333,312.8,12.915,35.288,312.8,,
2025-04-29 05:02:33,9.133333333333333,68.58333333333333,337.9,12.555,35.283,337.9,,
2025-04-29 05:02:33,9.133333333333333,68.58333333333333,362.8,12.161,35.267,362.8,,
2025-04-29 05:02:33,9.133333333333333,68.58333333333333,388.2,11.851,35.247,388.2,177.16653,0.504
2025-04-29 05:02:33,9.133333333333333,68.58333333333333,412.8,11.76,35.262,412.8,,
2025-04-29 05:02:33,9.133333333333333,68.58333333333333,437.7,11.261,35.19,437.7,,
2025-04-29 05:02:33,9.133333333333333,68.58333333333333,462.9,11.06,35.182,462.9,175.13487,0.3816
2025-04-29 05:02:33,9.133333333333333,68.58333333333333,488.1,11.004,35.213,488.1,,
2025-04-29 05:02:33,9.133333333333333,68.58333333333333,512.9,11.087,35.265,512.9,,
2025-04-29 05:02:33,9.133333333333333,68.58333333333333,537.7,10.924,35.269,537.7,,
2025-04-29 05:02:33,9.133333333333333,68.58333333333333,562.6,10.731,35.265,562.6,175.81642,0.3888
2025-04-29 05:02:33,9.133333333333333,68.58333333333333,587.8,10.64,35.28,587.8,,
2025-04-29 05:02:33,9.133333333333333,68.58333333333333,612.8,10.487,35.281,612.8,,
2025-04-29 05:02:33,9.133333333333333,68.58333333333333,638.5,10.304,35.275,638.5,164.13419,0.2952
2025-04-29 05:02:33,9.133333333333333,68.58333333333333,662.9,10.123,35.271,662.9,,
2025-04-29 05:02:33,9.133333333333333,68.58333333333333,687.5,9.942,35.265,687.5,,
2025-04-29 05:02:33,9.133333333333333,68.58333333333333,712.4,9.613,35.23,712.4,,
2025-04-29 05:02:33,9.133333333333333,68.58333333333333,737.6,9.466,35.231,737.6,151.54549,0.2448
2025-04-29 05:02:33,9.133333333333333,68.58333333333333,762.6,9.275,35.213,762.6,,
2025-04-29 05:02:33,9.133333333333333,68.58333333333333,787.8,8.968,35.177,787.8,,
2025-04-29 05:02:33,9.133333333333333,68.58333333333333,813.1,8.813,35.168,813.1,138.79884,0.1872
2025-04-29 05:02:33,9.133333333333333,68.58333333333333,838.5,8.889,35.227,838.5,,
2025-04-29 05:02:33,9.133333333333333,68.58333333333333,862.7,8.821,35.247,862.7,,
2025-04-29 05:02:33,9.133333333333333,68.58333333333333,887.6,8.553,35.22,887.6,,
2025-04-29 05:02:33,9.133333333333333,68.58333333333333,912.7,8.352,35.207,912.7,118.396515,0.1368
2025-04-29 05:02:33,9.133333333333333,68.58333333333333,937.8,8.123,35.182,937.8,,
2025-04-29 05:02:33,9.133333333333333,68.58333333333333,962.5,7.957,35.173,962.5,,
2025-04-29 05:02:33,9.133333333333333,68.58333333333333,987.9,7.831,35.168,987.9,108.81069,0.144
2025-04-29 05:02:33,9.133333333333333,68.58333333333333,1013.2,7.563,35.135,1013.2,,
2025-04-29 05:02:33,9.133333333333333,68.58333333333333,1038.0,7.323,35.101,1038.0,,
2025-04-29 05:02:33,9.133333333333333,68.58333333333333,1062.7,7.184,35.091,1062.7,,
2025-04-29 05:02:33,9.133333333333333,68.58333333333333,1087.8,7.1,35.094,1087.8,89.31971,0.1584
2025-04-29 05:02:33,9.133333333333333,68.58333333333333,1112.7,6.89,35.072,1112.7,,
2025-04-29 05:02:33,9.133333333333333,68.58333333333333,1137.7,6.677,35.05,1137.7,,
2025-04-29 05:02:33,9.133333333333333,68.58333333333333,1162.6,6.489,35.027,1162.6,63.987957,0.1224
2025-04-29 05:02:33,9.133333333333333,68.58333333333333,1187.6,6.363,35.023,1187.6,,
2025-04-29 05:02:33,9.133333333333333,68.58333333333333,1212.7,6.246,35.018,1212.7,,
2025-04-29 05:02:33,9.133333333333333,68.58333333333333,1237.9,6.095,35.004,1237.9,,
2025-04-29 05:02:33,9.133333333333333,68.58333333333333,1263.0,5.885,34.981,1263.0,38.795223,0.108
2025-04-29 05:02:33,9.133333333333333,68.58333333333333,1287.8,5.838,34.988,1287.8,,
2025-04-29 05:02:33,9.133333333333333,68.58333333333333,1312.8,5.624,34.964,1312.8,,
2025-04-29 05:02:33,9.133333333333333,68.58333333333333,1337.7,5.471,34.951,1337.7,23.164213,0.072
2025-04-29 05:02:33,9.133333333333333,68.58333333333333,1362.8,5.344,34.948,1362.8,,
2025-04-29 05:02:33,9.133333333333333,68.58333333333333,1388.2,5.242,34.949,1388.2,,
2025-04-29 05:02:33,9.133333333333333,68.58333333333333,1413.6,5.103,34.936,1413.6,,
2025-04-29 05:02:33,9.133333333333333,68.58333333333333,1437.6,5.003,34.932,1437.6,18.147514,0.0648
2025-04-29 05:02:33,9.133333333333333,68.58333333333333,1462.8,4.899,34.924,1462.8,,
2025-04-29 05:02:33,9.133333333333333,68.58333333333333,1487.8,4.796,34.917,1487.8,,
2025-04-29 05:02:33,9.133333333333333,68.58333333333333,1512.7,4.686,34.91,1512.7,15.570501,0.0648
2025-04-29 05:02:33,9.133333333333333,68.58333333333333,1537.9,4.538,34.902,1537.9,,
2025-04-29 05:02:33,9.133333333333333,68.58333333333333,1563.1,4.401,34.895,1563.1,,
2025-04-29 05:02:33,9.133333333333333,68.58333333333333,1587.8,4.254,34.885,1587.8,,
2025-04-29 05:02:33,9.133333333333333,68.58333333333333,1612.6,4.095,34.872,1612.6,11.623478,0.0648
2025-04-29 05:02:33,9.133333333333333,68.58333333333333,1637.8,3.964,34.861,1637.8,,
2025-04-29 05:02:33,9.133333333333333,68.58333333333333,1662.9,3.808,34.848,1662.9,,
2025-04-29 05:02:33,9.133333333333333,68.58333333333333,1687.6,3.701,34.841,1687.6,5.027748,0.072
2025-04-29 05:02:33,9.133333333333333,68.58333333333333,1713.4,3.601,34.836,1713.4,,
2025-04-29 05:02:33,9.133333333333333,68.58333333333333,1737.6,3.529,34.831,1737.6,,
2025-04-29 05:02:33,9.133333333333333,68.58333333333333,1762.6,3.462,34.826,1762.6,,
2025-04-29 05:02:33,9.133333333333333,68.58333333333333,1787.9,3.4,34.823,1787.9,2.5070894,0.0648
2025-04-29 05:02:33,9.133333333333333,68.58333333333333,1813.3,3.361,34.822,1813.3,,
2025-04-29 05:02:33,9.133333333333333,68.58333333333333,1838.3,3.277,34.816,1838.3,,
2025-04-29 05:02:33,9.133333333333333,68.58333333333333,1862.9,3.178,34.808,1862.9,1.1611636,0.0792
2025-04-29 05:02:33,9.133333333333333,68.58333333333333,1887.7,3.115,34.805,1887.7,,
2025-04-29 05:02:33,9.133333333333333,68.58333333333333,1912.6,3.057,34.803,1912.6,,
2025-04-29 05:02:33,9.133333333333333,68.58333333333333,1937.6,2.977,34.798,1937.6,,
2025-04-29 05:02:33,9.133333333333333,68.58333333333333,1963.5,2.909,34.795,1963.5,0.809105,0.0864
2025-05-08 23:56:53,9.183333333333334,68.68333333333334,0.1,30.782,35.182,0.1,,
2025-05-08 23:56:53,9.183333333333334,68.68333333333334,0.7,30.788,35.178,0.7,195.54735,0.2376
2025-05-08 23:56:53,9.183333333333334,68.68333333333334,1.6,30.791,35.177,1.6,195.53694,0.2088
2025-05-08 23:56:53,9.183333333333334,68.68333333333334,2.6,30.79,35.177,2.6,,
2025-05-08 23:56:53,9.183333333333334,68.68333333333334,3.5,30.789,35.178,3.5,,
2025-05-08 23:56:53,9.183333333333334,68.68333333333334,4.5,30.788,35.178,4.5,,
2025-05-08 23:56:53,9.183333333333334,68.68333333333334,5.5,30.794,35.178,5.5,195.1277,0.2088
2025-05-08 23:56:53,9.183333333333334,68.68333333333334,6.5,30.793,35.178,6.5,,
2025-05-08 23:56:53,9.183333333333334,68.68333333333334,7.5,30.794,35.178,7.5,,
2025-05-08 23:56:53,9.183333333333334,68.68333333333334,8.5,30.795,35.177,8.5,,
2025-05-08 23:56:53,9.183333333333334,68.68333333333334,9.6,30.792,35.179,9.6,194.70503,0.2232
2025-05-08 23:56:53,9.183333333333334,68.68333333333334,15.7,30.795,35.178,15.7,,
2025-05-08 23:56:53,9.183333333333334,68.68333333333334,25.3,30.11,35.385,25.3,,
2025-05-08 23:56:53,9.183333333333334,68.68333333333334,35.1,29.562,35.949,35.1,193.02798,0.9
2025-05-08 23:56:53,9.183333333333334,68.68333333333334,45.8,28.524,36.073,45.8,,
2025-05-08 23:56:53,9.183333333333334,68.68333333333334,55.4,27.383,35.948,55.4,,
2025-05-08 23:56:53,9.183333333333334,68.68333333333334,65.1,26.839,35.987,65.1,,
2025-05-08 23:56:53,9.183333333333334,68.68333333333334,75.0,26.706,36.088,75.0,184.35515,2.196
2025-05-08 23:56:53,9.183333333333334,68.68333333333334,85.4,26.152,36.06,85.4,,
2025-05-08 23:56:53,9.183333333333334,68.68333333333334,95.6,25.413,36.025,95.6,,
2025-05-08 23:56:53,9.183333333333334,68.68333333333334,105.4,24.168,35.862,105.4,178.75769,1.5264
2025-05-08 23:56:53,9.183333333333334,68.68333333333334,115.2,22.593,35.711,115.2,,
2025-05-08 23:56:53,9.183333333333334,68.68333333333334,124.9,21.618,35.662,124.9,,
2025-05-08 23:56:53,9.183333333333334,68.68333333333334,135.3,20.207,35.461,135.3,,
2025-05-08 23:56:53,9.183333333333334,68.68333333333334,145.7,19.675,35.411,145.7,175.92137,0.8568
2025-05-08 23:56:53,9.183333333333334,68.68333333333334,155.8,19.075,35.374,155.8,,
2025-05-08 23:56:53,9.183333333333334,68.68333333333334,165.6,18.206,35.358,165.6,,
2025-05-08 23:56:53,9.183333333333334,68.68333333333334,175.6,17.398,35.335,175.6,174.17912,0.6912
2025-05-08 23:56:53,9.183333333333334,68.68333333333334,185.3,16.702,35.301,185.3,,
2025-05-08 23:56:53,9.183333333333334,68.68333333333334,195.5,16.151,35.295,195.5,,
2025-05-08 23:56:53,9.183333333333334,68.68333333333334,212.7,15.169,35.274,212.7,,
2025-05-08 23:56:53,9.183333333333334,68.68333333333334,237.8,14.278,35.266,237.8,178.43434,0.2664
2025-05-08 23:56:53,9.183333333333334,68.68333333333334,263.3,13.598,35.284,263.3,,
2025-05-08 23:56:53,9.183333333333334,68.68333333333334,288.3,13.082,35.283,288.3,,
2025-05-08 23:56:53,9.183333333333334,68.68333333333334,312.8,12.597,35.264,312.8,181.89334,0.4896
2025-05-08 23:56:53,9.183333333333334,68.68333333333334,338.3,12.321,35.267,338.3,,
2025-05-08 23:56:53,9.183333333333334,68.68333333333334,363.0,12.009,35.257,363.0,,
2025-05-08 23:56:53,9.183333333333334,68.68333333333334,388.0,11.854,35.27,388.0,,
2025-05-08 23:56:53,9.183333333333334,68.68333333333334,412.8,11.769,35.295,412.8,175.03261,0.8208
2025-05-08 23:56:53,9.183333333333334,68.68333333333334,437.9,11.622,35.306,437.9,,
2025-05-08 23:56:53,9.183333333333334,68.68333333333334,463.2,11.502,35.32,463.2,,
2025-05-08 23:56:53,9.183333333333334,68.68333333333334,488.0,11.396,35.324,488.0,171.0096,0.3456
2025-05-08 23:56:53,9.183333333333334,68.68333333333334,512.9,11.232,35.31,512.9,,
2025-05-08 23:56:53,9.183333333333334,68.68333333333334,538.0,10.77,35.236,538.0,,
2025-05-08 23:56:53,9.183333333333334,68.68333333333334,563.0,10.67,35.254,563.0,,
2025-05-08 23:56:53,9.183333333333334,68.68333333333334,588.2,10.605,35.282,588.2,166.05615,0.1944
2025-05-08 23:56:53,9.183333333333334,68.68333333333334,613.0,10.412,35.28,613.0,,
2025-05-08 23:56:53,9.183333333333334,68.68333333333334,638.9,10.133,35.259,638.9,,
2025-05-08 23:56:53,9.183333333333334,68.68333333333334,662.7,10.003,35.26,662.7,141.8773,0.1728
2025-05-08 23:56:53,9.183333333333334,68.68333333333334,687.8,9.773,35.245,687.8,,
2025-05-08 23:56:53,9.183333333333334,68.68333333333334,713.0,9.567,35.23,713.0,,
2025-05-08 23:56:53,9.183333333333334,68.68333333333334,737.9,9.352,35.211,737.9,,
2025-05-08 23:56:53,9.183333333333334,68.68333333333334,762.7,9.103,35.186,762.7,103.0672,0.1368
2025-05-08 23:56:53,9.183333333333334,68.68333333333334,787.5,8.889,35.173,787.5,,
2025-05-08 23:56:53,9.183333333333334,68.68333333333334,812.6,8.723,35.177,812.6,,
2025-05-08 23:56:53,9.183333333333334,68.68333333333334,837.7,8.627,35.184,837.7,63.261402,0.1296
2025-05-08 23:56:53,9.183333333333334,68.68333333333334,862.5,8.468,35.185,862.5,,
2025-05-08 23:56:53,9.183333333333334,68.68333333333334,887.9,8.419,35.198,887.9,,
2025-05-08 23:56:53,9.183333333333334,68.68333333333334,912.8,8.38,35.218,912.8,,
2025-05-08 23:56:53,9.183333333333334,68.68333333333334,937.8,8.195,35.198,937.8,47.056023,0.1224
2025-05-08 23:56:53,9.183333333333334,68.68333333333334,963.1,8.033,35.189,963.1,,
2025-05-08 23:56:53,9.183333333333334,68.68333333333334,988.0,7.869,35.181,988.0,,
2025-05-08 23:56:53,9.183333333333334,68.68333333333334,1012.7,7.542,35.141,1012.7,32.720345,0.1224
2025-05-08 23:56:53,9.183333333333334,68.68333333333334,1037.8,7.008,35.059,1037.8,,
2025-05-08 23:56:53,9.183333333333334,68.68333333333334,1062.6,6.713,35.022,1062.6,,
2025-05-08 23:56:53,9.183333333333334,68.68333333333334,1087.6,6.636,35.026,1087.6,,
2025-05-08 23:56:53,9.183333333333334,68.68333333333334,1112.6,6.562,35.023,1112.6,30.232021,0.0792
2025-05-08 23:56:53,9.183333333333334,68.68333333333334,1138.0,6.502,35.025,1138.0,,
2025-05-08 23:56:53,9.183333333333334,68.68333333333334,1163.0,6.381,35.016,1163.0,,
2025-05-08 23:56:53,9.183333333333334,68.68333333333334,1187.8,6.255,35.006,1187.8,25.214231,0.0792
2025-05-08 23:56:53,9.183333333333334,68.68333333333334,1213.1,6.148,34.995,1213.1,,
2025-05-08 23:56:53,9.183333333333334,68.68333333333334,1238.0,6.007,34.981,1238.0,,
2025-05-08 23:56:53,9.183333333333334,68.68333333333334,1262.7,5.933,34.977,1262.7,,
2025-05-08 23:56:53,9.183333333333334,68.68333333333334,1287.9,5.773,34.964,1287.9,21.242958,0.072
2025-05-08 23:56:53,9.183333333333334,68.68333333333334,1312.9,5.617,34.956,1312.9,,
2025-05-08 23:56:53,9.183333333333334,68.68333333333334,1338.5,5.489,34.949,1338.5,,
2025-05-08 23:56:53,9.183333333333334,68.68333333333334,1362.7,5.386,34.943,1362.7,14.427231,0.0792
2025-05-08 23:56:53,9.183333333333334,68.68333333333334,1387.4,5.234,34.936,1387.4,,
2025-05-08 23:56:53,9.183333333333334,68.68333333333334,1412.6,5.119,34.932,1412.6,,
2025-05-08 23:56:53,9.183333333333334,68.68333333333334,1438.0,5.012,34.93,1438.0,,
2025-05-08 23:56:53,9.183333333333334,68.68333333333334,1463.0,4.882,34.921,1463.0,12.677904,0.0648
2025-05-08 23:56:53,9.183333333333334,68.68333333333334,1487.9,4.726,34.912,1487.9,,
2025-05-08 23:56:53,9.183333333333334,68.68333333333334,1512.9,4.585,34.903,1512.9,,
2025-05-08 23:56:53,9.183333333333334,68.68333333333334,1537.9,4.438,34.891,1537.9,8.991786,0.072
2025-05-08 23:56:53,9.183333333333334,68.68333333333334,1562.8,4.333,34.884,1562.8,,
2025-05-08 23:56:53,9.183333333333334,68.68333333333334,1587.6,4.231,34.877,1587.6,,
2025-05-08 23:56:53,9.183333333333334,68.68333333333334,1612.5,4.09,34.868,1612.5,,
2025-05-08 23:56:53,9.183333333333334,68.68333333333334,1637.7,3.941,34.858,1637.7,6.009893,0.0792
2025-05-08 23:56:53,9.183333333333334,68.68333333333334,1662.8,3.829,34.85,1662.8,,
2025-05-08 23:56:53,9.183333333333334,68.68333333333334,1687.8,3.731,34.843,1687.8,,
2025-05-08 23:56:53,9.183333333333334,68.68333333333334,1712.8,3.627,34.836,1712.8,2.1690416,0.072
2025-05-08 23:56:53,9.183333333333334,68.68333333333334,1738.1,3.53,34.829,1738.1,,
2025-05-08 23:56:53,9.183333333333334,68.68333333333334,1762.8,3.447,34.825,1762.8,,
2025-05-08 23:56:53,9.183333333333334,68.68333333333334,1788.0,3.371,34.82,1788.0,1.3149688,0.0648
2025-05-08 23:56:53,9.183333333333334,68.68333333333334,1812.7,3.302,34.815,1812.7,,
2025-05-08 23:56:53,9.183333333333334,68.68333333333334,1837.5,3.241,34.812,1837.5,,
2025-05-08 23:56:53,9.183333333333334,68.68333333333334,1863.6,3.18,34.808,1863.6,,
2025-05-08 23:56:53,9.183333333333334,68.68333333333334,1887.7,3.133,34.805,1887.7,0.75516105,0.1008
2025-05-08 23:56:53,9.183333333333334,68.68333333333334,1912.5,3.089,34.803,1912.5,,
2025-05-08 23:56:53,9.183333333333334,68.68333333333334,1937.7,3.053,34.801,1937.7,,
2025-05-08 23:56:53,9.183333333333334,68.68333333333334,1962.9,3.017,34.799,1962.9,,
2025-05-08 23:56:53,9.183333333333334,68.68333333333334,1988.1,2.973,34.797,1988.1,0.77536476,0.0864
2025-05-08 23:56:53,9.183333333333334,68.68333333333334,2013.2,2.937,34.795,2013.2,,
2025-05-08 23:56:53,9.183333333333334,68.68333333333334,2031.9,2.912,34.794,2031.9,,
2025-05-18 19:13:55,9.216666666666667,68.7,0.2,30.459,34.959,0.2,,
2025-05-18 19:13:55,9.216666666666667,68.7,1.0,30.46,34.959,1.0,,
2025-05-18 19:13:55,9.216666666666667,68.7,2.0,30.457,34.962,2.0,197.20088,0.2016
2025-05-18 19:13:55,9.216666666666667,68.7,2.7,30.457,34.964,2.7,197.2113,0.1944
2025-05-18 19:13:55,9.216666666666667,68.7,3.9,30.461,34.962,3.9,,
2025-05-18 19:13:55,9.216666666666667,68.7,5.2,30.463,34.961,5.2,,
2025-05-18 19:13:55,9.216666666666667,68.7,6.0,30.463,34.962,6.0,,
2025-05-18 19:13:55,9.216666666666667,68.7,6.9,30.461,34.963,6.9,197.2516,0.2088
2025-05-18 19:13:55,9.216666666666667,68.7,7.7,30.457,34.96,7.7,,
2025-05-18 19:13:55,9.216666666666667,68.7,8.6,30.461,34.961,8.6,,
2025-05-18 19:13:55,9.216666666666667,68.7,9.9,30.459,34.96,9.9,,
2025-05-18 19:13:55,9.216666666666667,68.7,15.7,30.474,34.978,15.7,197.48738,0.2736
2025-05-18 19:13:55,9.216666666666667,68.7,25.2,30.46,35.232,25.2,,
2025-05-18 19:13:55,9.216666666666667,68.7,35.4,29.669,35.401,35.4,,
2025-05-18 19:13:55,9.216666666666667,68.7,45.8,28.997,35.393,45.8,197.24522,0.3456
2025-05-18 19:13:55,9.216666666666667,68.7,55.4,27.81,35.674,55.4,,
2025-05-18 19:13:55,9.216666666666667,68.7,65.2,27.516,35.924,65.2,,
2025-05-18 19:13:55,9.216666666666667,68.7,75.0,26.88,35.967,75.0,,
2025-05-18 19:13:55,9.216666666666667,68.7,85.2,26.007,35.969,85.2,197.93973,0.4536
2025-05-18 19:13:55,9.216666666666667,68.7,95.0,24.685,35.822,95.0,,
2025-05-18 19:13:55,9.216666666666667,68.7,105.4,23.733,35.821,105.4,,
2025-05-18 19:13:55,9.216666666666667,68.7,115.5,22.718,35.802,115.5,197.39305,0.6408
2025-05-18 19:13:55,9.216666666666667,68.7,125.3,21.897,35.777,125.3,,
2025-05-18 19:13:55,9.216666666666667,68.7,135.2,21.003,35.717,135.2,,
2025-05-18 19:13:55,9.216666666666667,68.7,145.3,20.349,35.672,145.3,,
2025-05-18 19:13:55,9.216666666666667,68.7,155.2,19.501,35.588,155.2,191.20729,1.368
2025-05-18 19:13:55,9.216666666666667,68.7,165.6,18.404,35.428,165.6,,
2025-05-18 19:13:55,9.216666666666667,68.7,175.3,17.527,35.347,175.3,,
2025-05-18 19:13:55,9.216666666666667,68.7,185.1,16.833,35.315,185.1,183.17165,4.1688
2025-05-18 19:13:55,9.216666666666667,68.7,195.0,16.117,35.257,195.0,,
2025-05-18 19:13:55,9.216666666666667,68.7,212.8,15.412,35.239,212.8,,
2025-05-18 19:13:55,9.216666666666667,68.7,237.5,14.48,35.269,237.5,,
2025-05-18 19:13:55,9.216666666666667,68.7,263.0,13.696,35.271,263.0,179.08043,1.0512
2025-05-18 19:13:55,9.216666666666667,68.7,288.9,13.159,35.277,288.9,,
2025-05-18 19:13:55,9.216666666666667,68.7,312.9,12.836,35.284,312.9,,
2025-05-18 19:13:55,9.216666666666667,68.7,337.8,12.554,35.301,337.8,177.5517,0.7776
2025-05-18 19:13:55,9.216666666666667,68.7,362.7,12.128,35.273,362.7,,
2025-05-18 19:13:55,9.216666666666667,68.7,387.8,11.808,35.262,387.8,,
2025-05-18 19:13:55,9.216666666666667,68.7,413.1,11.67,35.279,413.1,,
2025-05-18 19:13:55,9.216666666666667,68.7,438.0,11.548,35.297,438.0,176.79567,0.3096
2025-05-18 19:13:55,9.216666666666667,68.7,462.6,11.418,35.308,462.6,,
2025-05-18 19:13:55,9.216666666666667,68.7,488.1,11.329,35.338,488.1,,
2025-05-18 19:13:55,9.216666666666667,68.7,513.0,10.924,35.282,513.0,176.12953,0.324
2025-05-18 19:13:55,9.216666666666667,68.7,537.9,10.75,35.269,537.9,,
2025-05-18 19:13:55,9.216666666666667,68.7,562.9,10.694,35.281,562.9,,
2025-05-18 19:13:55,9.216666666666667,68.7,587.6,10.583,35.282,587.6,,
2025-05-18 19:13:55,9.216666666666667,68.7,612.6,10.399,35.275,612.6,172.477,0.4176
2025-05-18 19:13:55,9.216666666666667,68.7,637.7,10.218,35.266,637.7,,
2025-05-18 19:13:55,9.216666666666667,68.7,662.5,10.052,35.27,662.5,,
2025-05-18 19:13:55,9.216666666666667,68.7,688.3,9.778,35.251,688.3,120.158516,0.144
2025-05-18 19:13:55,9.216666666666667,68.7,712.7,9.5,35.216,712.7,,
2025-05-18 19:13:55,9.216666666666667,68.7,738.2,9.305,35.198,738.2,,
2025-05-18 19:13:55,9.216666666666667,68.7,762.9,9.218,35.204,762.9,,
2025-05-18 19:13:55,9.216666666666667,68.7,787.8,9.061,35.195,787.8,82.16236,0.1224
2025-05-18 19:13:55,9.216666666666667,68.7,813.2,8.864,35.178,813.2,,
2025-05-18 19:13:55,9.216666666666667,68.7,838.2,8.677,35.168,838.2,,
2025-05-18 19:13:55,9.216666666666667,68.7,863.0,8.424,35.159,863.0,56.272923,0.108
2025-05-18 19:13:55,9.216666666666667,68.7,887.9,8.185,35.142,887.9,,
2025-05-18 19:13:55,9.216666666666667,68.7,913.8,8.171,35.175,913.8,,
2025-05-18 19:13:55,9.216666666666667,68.7,937.6,8.151,35.191,937.6,,
2025-05-18 19:13:55,9.216666666666667,68.7,962.7,7.966,35.189,962.7,39.788208,0.1152
2025-05-18 19:13:55,9.216666666666667,68.7,988.2,7.714,35.162,988.2,,
2025-05-18 19:13:55,9.216666666666667,68.7,1013.0,7.333,35.1,1013.0,,
2025-05-18 19:13:55,9.216666666666667,68.7,1037.9,6.945,35.047,1037.9,31.935871,0.1008
2025-05-18 19:13:55,9.216666666666667,68.7,1063.1,6.682,35.019,1063.1,,
2025-05-18 19:13:55,9.216666666666667,68.7,1088.2,6.413,34.988,1088.2,,
2025-05-18 19:13:55,9.216666666666667,68.7,1113.0,6.246,34.972,1113.0,,
2025-05-18 19:13:55,9.216666666666667,68.7,1137.9,6.125,34.962,1137.9,28.932531,0.0936
2025-05-18 19:13:55,9.216666666666667,68.7,1162.8,6.029,34.953,1162.8,,
2025-05-18 19:13:55,9.216666666666667,68.7,1187.7,5.954,34.948,1187.7,,
2025-05-18 19:13:55,9.216666666666667,68.7,1212.8,5.913,34.949,1212.8,25.832579,0.0864
2025-05-18 19:13:55,9.216666666666667,68.7,1237.8,5.878,34.951,1237.8,,
2025-05-18 19:13:55,9.216666666666667,68.7,1262.7,5.832,34.953,1262.7,,
2025-05-18 19:13:55,9.216666666666667,68.7,1288.2,5.763,34.957,1288.2,,
2025-05-18 19:13:55,9.216666666666667,68.7,1312.6,5.643,34.952,1312.6,20.318422,0.072
2025-05-18 19:13:55,9.216666666666667,68.7,1337.8,5.497,34.947,1337.8,,
2025-05-18 19:13:55,9.216666666666667,68.7,1363.0,5.378,34.944,1363.0,,
2025-05-18 19:13:55,9.216666666666667,68.7,1388.2,5.245,34.937,1388.2,13.417735,0.0792
2025-05-18 19:13:55,9.216666666666667,68.7,1412.9,5.114,34.931,1412.9,,
2025-05-18 19:13:55,9.216666666666667,68.7,1437.9,5.024,34.93,1437.9,,
2025-05-18 19:13:55,9.216666666666667,68.7,1463.1,4.852,34.918,1463.1,,
2025-05-18 19:13:55,9.216666666666667,68.7,1488.1,4.739,34.912,1488.1,10.94819,0.0504
2025-05-18 19:13:55,9.216666666666667,68.7,1512.8,4.617,34.903,1512.8,,
2025-05-18 19:13:55,9.216666666666667,68.7,1537.6,4.499,34.896,1537.6,9.014271,0.072
2025-05-18 19:13:55,9.216666666666667,68.7,1562.8,4.402,34.892,1562.8,,
2025-05-18 19:13:55,9.216666666666667,68.7,1587.8,4.266,34.882,1587.8,,
2025-05-18 19:13:55,9.216666666666667,68.7,1612.7,4.093,34.869,1612.7,,
2025-05-18 19:13:55,9.216666666666667,68.7,1637.6,3.964,34.859,1637.6,,
2025-05-18 19:13:55,9.216666666666667,68.7,1663.0,3.856,34.852,1663.0,4.5021653,0.0576
2025-05-18 19:13:55,9.216666666666667,68.7,1687.8,3.755,34.844,1687.8,,
2025-05-18 19:13:55,9.216666666666667,68.7,1712.9,3.682,34.838,1712.9,,
2025-05-18 19:13:55,9.216666666666667,68.7,1737.5,3.607,34.833,1737.5,1.451818,0.072
2025-05-18 19:13:55,9.216666666666667,68.7,1762.3,3.516,34.827,1762.3,,
2025-05-18 19:13:55,9.216666666666667,68.7,1787.4,3.455,34.824,1787.4,,
2025-05-18 19:13:55,9.216666666666667,68.7,1812.5,3.388,34.819,1812.5,,
2025-05-18 19:13:55,9.216666666666667,68.7,1837.7,3.319,34.815,1837.7,0.8673463,0.072
2025-05-18 19:13:55,9.216666666666667,68.7,1863.0,3.247,34.811,1863.0,,
2025-05-18 19:13:55,9.216666666666667,68.7,1888.3,3.173,34.807,1888.3,,
2025-05-18 19:13:55,9.216666666666667,68.7,1913.5,3.114,34.803,1913.5,0.7525493,0.0864
2025-05-18 19:13:55,9.216666666666667,68.7,1937.8,3.062,34.8,1937.8,,
2025-05-18 19:13:55,9.216666666666667,68.7,1962.9,3.031,34.799,1962.9,,
2025-05-18 19:13:55,9.216666666666667,68.7,1987.9,2.983,34.797,1987.9,,
2025-05-18 19:13:55,9.216666666666667,68.7,2013.9,2.929,34.794,2013.9,0.7592323,0.0864
2025-05-27 23:59:25,9.183333333333334,68.78333333333333,0.2,29.85,34.895,0.2,,
2025-05-27 23:59:25,9.183333333333334,68.78333333333333,0.8,29.852,34.897,0.8,,
2025-05-27 23:59:25,9.183333333333334,68.78333333333333,2.0,29.853,34.896,2.0,196.1734,0.216
2025-05-27 23:59:25,9.183333333333334,68.78333333333333,2.8,29.853,34.899,2.8,196.14395,0.216
2025-05-27 23:59:25,9.183333333333334,68.78333333333333,3.7,29.853,34.899,3.7,,
2025-05-27 23:59:25,9.183333333333334,68.78333333333333,4.6,29.854,34.9,4.6,,
2025-05-27 23:59:25,9.183333333333334,68.78333333333333,5.6,29.854,34.899,5.6,,
2025-05-27 23:59:25,9.183333333333334,68.78333333333333,6.6,29.855,34.899,6.6,195.76912,0.2304
2025-05-27 23:59:25,9.183333333333334,68.78333333333333,7.6,29.853,34.901,7.6,,
2025-05-27 23:59:25,9.183333333333334,68.78333333333333,8.6,29.852,34.9,8.6,,
2025-05-27 23:59:25,9.183333333333334,68.78333333333333,9.6,29.853,34.9,9.6,,
2025-05-27 23:59:25,9.183333333333334,68.78333333333333,15.1,29.855,34.899,15.1,195.55168,0.324
2025-05-27 23:59:25,9.183333333333334,68.78333333333333,25.4,29.859,34.9,25.4,,
2025-05-27 23:59:25,9.183333333333334,68.78333333333333,35.5,29.862,34.901,35.5,,
2025-05-27 23:59:25,9.183333333333334,68.78333333333333,45.4,29.862,34.905,45.4,195.748,0.504
2025-05-27 23:59:25,9.183333333333334,68.78333333333333,56.2,29.825,34.936,56.2,,
2025-05-27 23:59:25,9.183333333333334,68.78333333333333,65.0,29.076,35.339,65.0,,
2025-05-27 23:59:25,9.183333333333334,68.78333333333333,75.5,28.284,35.652,75.5,,
2025-05-27 23:59:25,9.183333333333334,68.78333333333333,85.0,26.035,35.444,85.0,190.84044,0.7992
2025-05-27 23:59:25,9.183333333333334,68.78333333333333,95.4,24.876,35.358,95.4,,
2025-05-27 23:59:25,9.183333333333334,68.78333333333333,105.7,24.353,35.601,105.7,,
2025-05-27 23:59:25,9.183333333333334,68.78333333333333,116.1,22.763,35.509,116.1,182.01743,1.1592
2025-05-27 23:59:25,9.183333333333334,68.78333333333333,125.7,21.474,35.396,125.7,,
2025-05-27 23:59:25,9.183333333333334,68.78333333333333,135.0,21.292,35.598,135.0,,
2025-05-27 23:59:25,9.183333333333334,68.78333333333333,145.6,20.124,35.473,145.6,,
2025-05-27 23:59:25,9.183333333333334,68.78333333333333,155.3,19.247,35.439,155.3,178.2184,1.8648
2025-05-27 23:59:25,9.183333333333334,68.78333333333333,165.2,18.353,35.421,165.2,,
2025-05-27 23:59:25,9.183333333333334,68.78333333333333,175.6,17.071,35.285,175.6,,
2025-05-27 23:59:25,9.183333333333334,68.78333333333333,185.5,16.499,35.254,185.5,176.0545,0.6192
2025-05-27 23:59:25,9.183333333333334,68.78333333333333,195.4,16.117,35.239,195.4,,
2025-05-27 23:59:25,9.183333333333334,68.78333333333333,214.1,15.512,35.266,214.1,,
2025-05-27 23:59:25,9.183333333333334,68.78333333333333,237.3,14.58,35.291,237.3,,
2025-05-27 23:59:25,9.183333333333334,68.78333333333333,263.9,13.819,35.309,263.9,170.78552,0.396
2025-05-27 23:59:25,9.183333333333334,68.78333333333333,287.6,13.277,35.314,287.6,,
2025-05-27 23:59:25,9.183333333333334,68.78333333333333,313.1,12.654,35.272,313.1,,
2025-05-27 23:59:25,9.183333333333334,68.78333333333333,338.1,12.242,35.245,338.1,164.98988,0.3384
2025-05-27 23:59:25,9.183333333333334,68.78333333333333,362.5,12.021,35.239,362.5,,
2025-05-27 23:59:25,9.183333333333334,68.78333333333333,387.6,11.885,35.257,387.6,,
2025-05-27 23:59:25,9.183333333333334,68.78333333333333,412.8,11.739,35.274,412.8,,
2025-05-27 23:59:25,9.183333333333334,68.78333333333333,437.9,11.606,35.286,437.9,165.84776,0.4464
2025-05-27 23:59:25,9.183333333333334,68.78333333333333,463.1,11.439,35.298,463.1,,
2025-05-27 23:59:25,9.183333333333334,68.78333333333333,488.8,11.392,35.331,488.8,,
2025-05-27 23:59:25,9.183333333333334,68.78333333333333,512.7,11.256,35.336,512.7,140.00456,0.2736
2025-05-27 23:59:25,9.183333333333334,68.78333333333333,537.5,11.116,35.343,537.5,,
2025-05-27 23:59:25,9.183333333333334,68.78333333333333,562.6,10.754,35.297,562.6,,
2025-05-27 23:59:25,9.183333333333334,68.78333333333333,587.6,10.533,35.284,587.6,,
2025-05-27 23:59:25,9.183333333333334,68.78333333333333,613.0,10.354,35.274,613.0,116.76428,0.2448
2025-05-27 23:59:25,9.183333333333334,68.78333333333333,638.0,10.164,35.263,638.0,,
2025-05-27 23:59:25,9.183333333333334,68.78333333333333,662.7,10.079,35.269,662.7,,
2025-05-27 23:59:25,9.183333333333334,68.78333333333333,687.5,9.899,35.262,687.5,86.5237,0.1656
2025-05-27 23:59:25,9.183333333333334,68.78333333333333,712.6,9.702,35.251,712.6,,
2025-05-27 23:59:25,9.183333333333334,68.78333333333333,737.6,9.451,35.224,737.6,,
2025-05-27 23:59:25,9.183333333333334,68.78333333333333,762.5,9.263,35.211,762.5,,
2025-05-27 23:59:25,9.183333333333334,68.78333333333333,787.7,9.018,35.191,787.7,63.169468,0.0936
2025-05-27 23:59:25,9.183333333333334,68.78333333333333,812.8,8.825,35.176,812.8,,
2025-05-27 23:59:25,9.183333333333334,68.78333333333333,837.5,8.731,35.179,837.5,,
2025-05-27 23:59:25,9.183333333333334,68.78333333333333,862.4,8.602,35.181,862.4,49.65721,0.0936
2025-05-27 23:59:25,9.183333333333334,68.78333333333333,887.9,8.478,35.185,887.9,,
2025-05-27 23:59:25,9.183333333333334,68.78333333333333,913.0,8.246,35.167,913.0,,
2025-05-27 23:59:25,9.183333333333334,68.78333333333333,937.9,8.241,35.191,937.9,,
2025-05-27 23:59:25,9.183333333333334,68.78333333333333,963.2,8.179,35.207,963.2,33.354668,0.0864
2025-05-27 23:59:25,9.183333333333334,68.78333333333333,977.6,8.062,35.197,977.6,,
2025-06-07 09:14:55,9.016666666666667,68.8,0.1,30.217,35.385,0.1,,
2025-06-07 09:14:55,9.016666666666667,68.8,0.7,30.171,35.391,0.7,197.0796,0.1656
2025-06-07 09:14:55,9.016666666666667,68.8,1.8,30.084,35.399,1.8,197.54774,0.1656
2025-06-07 09:14:55,9.016666666666667,68.8,3.0,30.012,35.418,3.0,,
2025-06-07 09:14:55,9.016666666666667,68.8,3.9,29.957,35.461,3.9,,
2025-06-07 09:14:55,9.016666666666667,68.8,4.7,29.877,35.486,4.7,,
2025-06-07 09:14:55,9.016666666666667,68.8,5.6,29.786,35.485,5.6,197.32428,0.2088
2025-06-07 09:14:55,9.016666666666667,68.8,6.5,29.775,35.485,6.5,,
2025-06-07 09:14:55,9.016666666666667,68.8,7.9,29.757,35.484,7.9,,
2025-06-07 09:14:55,9.016666666666667,68.8,9.3,29.749,35.484,9.3,,
2025-06-07 09:14:55,9.016666666666667,68.8,10.3,29.746,35.484,10.3,196.29802,0.3528
2025-06-07 09:14:55,9.016666666666667,68.8,15.3,29.717,35.483,15.3,,
2025-06-07 09:14:55,9.016666666666667,68.8,25.1,29.696,35.483,25.1,,
2025-06-07 09:14:55,9.016666666666667,68.8,35.4,29.681,35.483,35.4,193.08102,1.5984
2025-06-07 09:14:55,9.016666666666667,68.8,45.7,29.669,35.482,45.7,,
2025-06-07 09:14:55,9.016666666666667,68.8,55.5,29.649,35.481,55.5,,
2025-06-07 09:14:55,9.016666666666667,68.8,65.7,29.614,35.486,65.7,,
2025-06-07 09:14:55,9.016666666666667,68.8,74.7,28.743,35.574,74.7,192.08252,2.052
2025-06-07 09:14:55,9.016666666666667,68.8,85.9,27.261,35.776,85.9,,
2025-06-07 09:14:55,9.016666666666667,68.8,95.3,24.94,35.46,95.3,,
2025-06-07 09:14:55,9.016666666666667,68.8,105.4,23.499,35.617,105.4,194.17053,1.8288
2025-06-07 09:14:55,9.016666666666667,68.8,115.1,22.682,35.693,115.1,,
2025-06-07 09:14:55,9.016666666666667,68.8,125.6,21.881,35.663,125.6,,
2025-06-07 09:14:55,9.016666666666667,68.8,135.5,20.771,35.522,135.5,,
2025-06-07 09:14:55,9.016666666666667,68.8,145.7,19.909,35.528,145.7,190.89415,1.6416
2025-06-07 09:14:55,9.016666666666667,68.8,155.3,18.532,35.381,155.3,,
2025-06-07 09:14:55,9.016666666666667,68.8,165.4,18.099,35.439,165.4,,
2025-06-07 09:14:55,9.016666666666667,68.8,175.4,17.49,35.4,175.4,181.45174,1.5912
2025-06-07 09:14:55,9.016666666666667,68.8,185.7,16.639,35.301,185.7,,
2025-06-07 09:14:55,9.016666666666667,68.8,195.5,16.261,35.285,195.5,,
2025-06-07 09:14:55,9.016666666666667,68.8,212.8,15.517,35.279,212.8,178.23251,1.2456
2025-06-07 09:14:55,9.016666666666667,68.8,238.5,14.577,35.296,238.5,,
2025-06-07 09:14:55,9.016666666666667,68.8,262.4,13.653,35.298,262.4,,
2025-06-07 09:14:55,9.016666666666667,68.8,288.4,13.04,35.304,288.4,,
2025-06-07 09:14:55,9.016666666666667,68.8,312.4,12.589,35.278,312.4,175.26639,0.684
2025-06-07 09:14:55,9.016666666666667,68.8,337.6,12.269,35.261,337.6,,
2025-06-07 09:14:55,9.016666666666667,68.8,362.9,12.111,35.275,362.9,,
2025-06-07 09:14:55,9.016666666666667,68.8,388.3,11.909,35.287,388.3,,
2025-06-07 09:14:55,9.016666666666667,68.8,412.8,11.671,35.283,412.8,169.81546,0.7128
2025-06-07 09:14:55,9.016666666666667,68.8,437.8,11.449,35.266,437.8,,
2025-06-07 09:14:55,9.016666666666667,68.8,462.9,11.252,35.258,462.9,,
2025-06-07 09:14:55,9.016666666666667,68.8,487.7,10.965,35.23,487.7,161.12767,0.54
2025-06-07 09:14:55,9.016666666666667,68.8,512.6,10.941,35.276,512.6,,
2025-06-07 09:14:55,9.016666666666667,68.8,538.0,10.912,35.315,538.0,,
2025-06-07 09:14:55,9.016666666666667,68.8,563.6,10.512,35.266,563.6,,
2025-06-07 09:14:55,9.016666666666667,68.8,587.6,10.464,35.285,587.6,144.02681,0.4896
2025-06-07 09:14:55,9.016666666666667,68.8,612.9,10.221,35.259,612.9,,
2025-06-07 09:14:55,9.016666666666667,68.8,637.8,10.042,35.259,637.8,,
2025-06-07 09:14:55,9.016666666666667,68.8,662.6,9.867,35.25,662.6,129.40814,0.2592
2025-06-07 09:14:55,9.016666666666667,68.8,687.8,9.752,35.253,687.8,,
2025-06-07 09:14:55,9.016666666666667,68.8,713.2,9.513,35.236,713.2,,
2025-06-07 09:14:55,9.016666666666667,68.8,737.8,9.227,35.209,737.8,,
2025-06-07 09:14:55,9.016666666666667,68.8,762.8,9.102,35.209,762.8,94.35554,0.1368
2025-06-07 09:14:55,9.016666666666667,68.8,787.8,8.902,35.195,787.8,,
2025-06-07 09:14:55,9.016666666666667,68.8,813.1,8.702,35.177,813.1,,
2025-06-07 09:14:55,9.016666666666667,68.8,837.7,8.543,35.172,837.7,54.67932,0.108
2025-06-07 09:14:55,9.016666666666667,68.8,862.8,8.414,35.168,862.8,,
2025-06-07 09:14:55,9.016666666666667,68.8,888.2,8.322,35.169,888.2,,
2025-06-07 09:14:55,9.016666666666667,68.8,913.3,8.181,35.163,913.3,,
2025-06-07 09:14:55,9.016666666666667,68.8,937.9,8.044,35.164,937.9,45.42576,0.0936
2025-06-07 09:14:55,9.016666666666667,68.8,962.5,8.063,35.192,962.5,,
2025-06-07 09:14:55,9.016666666666667,68.8,987.4,7.829,35.167,987.4,,
2025-06-07 09:14:55,9.016666666666667,68.8,1012.7,7.595,35.132,1012.7,34.886036,0.0864
2025-06-07 09:14:55,9.016666666666667,68.8,1037.9,7.238,35.083,1037.9,,
2025-06-07 09:14:55,9.016666666666667,68.8,1062.8,7.093,35.072,1062.8,,
2025-06-07 09:14:55,9.016666666666667,68.8,1087.7,6.963,35.066,1087.7,,
2025-06-07 09:14:55,9.016666666666667,68.8,1113.0,6.758,35.043,1113.0,30.221779,0.0792
2025-06-07 09:14:55,9.016666666666667,68.8,1138.0,6.472,35.006,1138.0,,
2025-06-07 09:14:55,9.016666666666667,68.8,1162.8,6.48,35.026,1162.8,,
2025-06-07 09:14:55,9.016666666666667,68.8,1188.1,6.352,35.018,1188.1,25.903418,0.072
2025-06-07 09:14:55,9.016666666666667,68.8,1213.3,6.172,35.0,1213.3,,
2025-06-07 09:14:55,9.016666666666667,68.8,1238.2,5.99,34.981,1238.2,,
2025-06-07 09:14:55,9.016666666666667,68.8,1263.0,5.875,34.976,1263.0,,
2025-06-07 09:14:55,9.016666666666667,68.8,1287.9,5.798,34.979,1287.9,21.122458,0.0792
2025-06-07 09:14:55,9.016666666666667,68.8,1313.2,5.71,34.98,1313.2,,
2025-06-07 09:14:55,9.016666666666667,68.8,1337.7,5.563,34.971,1337.7,,
2025-06-07 09:14:55,9.016666666666667,68.8,1362.9,5.395,34.957,1362.9,17.338835,0.0648
2025-06-07 09:14:55,9.016666666666667,68.8,1388.0,5.219,34.942,1388.0,,
2025-06-07 09:14:55,9.016666666666667,68.8,1412.8,5.082,34.932,1412.8,,
2025-06-07 09:14:55,9.016666666666667,68.8,1438.0,4.989,34.932,1438.0,,
2025-06-07 09:14:55,9.016666666666667,68.8,1462.8,4.907,34.93,1462.8,15.324617,0.0576
2025-06-07 09:14:55,9.016666666666667,68.8,1487.6,4.78,34.921,1487.6,,
2025-06-07 09:14:55,9.016666666666667,68.8,1512.8,4.674,34.913,1512.8,,
2025-06-07 09:14:55,9.016666666666667,68.8,1537.9,4.571,34.904,1537.9,12.231735,0.072
2025-06-07 09:14:55,9.016666666666667,68.8,1562.9,4.455,34.895,1562.9,,
2025-06-07 09:14:55,9.016666666666667,68.8,1587.5,4.353,34.887,1587.5,,
2025-06-07 09:14:55,9.016666666666667,68.8,1612.7,4.246,34.879,1612.7,,
2025-06-07 09:14:55,9.016666666666667,68.8,1637.8,4.136,34.871,1637.8,8.447268,0.0648
2025-06-07 09:14:55,9.016666666666667,68.8,1663.2,4.03,34.863,1663.2,,
2025-06-07 09:14:55,9.016666666666667,68.8,1688.2,3.903,34.854,1688.2,,
2025-06-07 09:14:55,9.016666666666667,68.8,1712.9,3.816,34.849,1712.9,4.3302183,0.072
2025-06-07 09:14:55,9.016666666666667,68.8,1737.9,3.721,34.842,1737.9,,
2025-06-07 09:14:55,9.016666666666667,68.8,1763.0,3.626,34.835,1763.0,,
2025-06-07 09:14:55,9.016666666666667,68.8,1788.0,3.555,34.83,1788.0,,
2025-06-07 09:14:55,9.016666666666667,68.8,1812.8,3.495,34.826,1812.8,2.4091086,0.0792
2025-06-07 09:14:55,9.016666666666667,68.8,1837.9,3.424,34.822,1837.9,,
2025-06-07 09:14:55,9.016666666666667,68.8,1862.7,3.34,34.817,1862.7,,
2025-06-07 09:14:55,9.016666666666667,68.8,1887.5,3.26,34.812,1887.5,0.8985585,0.072
2025-06-07 09:14:55,9.016666666666667,68.8,1912.5,3.212,34.809,1912.5,,
2025-06-07 09:14:55,9.016666666666667,68.8,1937.5,3.149,34.805,1937.5,,
2025-06-07 09:14:55,9.016666666666667,68.8,1962.7,3.096,34.802,1962.7,,
2025-06-07 09:14:55,9.016666666666667,68.8,1990.1,3.05,34.799,1990.1,0.7470508,0.072
2025-06-17 03:59:56,8.9,68.71666666666667,0.2,29.229,35.661,0.2,,
2025-06-17 03:59:56,8.9,68.71666666666667,0.9,29.228,35.682,0.9,195.84631,0.216
2025-06-17 03:59:56,8.9,68.71666666666667,1.9,29.228,35.68,1.9,195.85094,0.2016
2025-06-17 03:59:56,8.9,68.71666666666667,3.0,29.228,35.681,3.0,,
2025-06-17 03:59:56,8.9,68.71666666666667,4.0,29.228,35.68,4.0,,
2025-06-17 03:59:56,8.9,68.71666666666667,4.8,29.225,35.682,4.8,,
2025-06-17 03:59:56,8.9,68.71666666666667,5.9,29.225,35.682,5.9,195.85909,0.216
2025-06-17 03:59:56,8.9,68.71666666666667,7.1,29.226,35.681,7.1,,
2025-06-17 03:59:56,8.9,68.71666666666667,8.0,29.227,35.682,8.0,,
2025-06-17 03:59:56,8.9,68.71666666666667,8.9,29.226,35.683,8.9,,
2025-06-17 03:59:56,8.9,68.71666666666667,9.9,29.226,35.682,9.9,196.21295,0.7344
2025-06-17 03:59:56,8.9,68.71666666666667,14.8,29.226,35.681,14.8,,
2025-06-17 03:59:56,8.9,68.71666666666667,25.4,29.226,35.681,25.4,,
2025-06-17 03:59:56,8.9,68.71666666666667,35.4,29.224,35.682,35.4,195.92685,0.3096
2025-06-17 03:59:56,8.9,68.71666666666667,45.8,29.225,35.682,45.8,,
2025-06-17 03:59:56,8.9,68.71666666666667,56.2,29.207,35.674,56.2,,
2025-06-17 03:59:56,8.9,68.71666666666667,65.6,27.002,35.627,65.6,,
2025-06-17 03:59:56,8.9,68.71666666666667,75.5,26.68,35.751,75.5,194.31784,0.54
2025-06-17 03:59:56,8.9,68.71666666666667,85.4,26.451,35.918,85.4,,
2025-06-17 03:59:56,8.9,68.71666666666667,95.4,25.89,35.972,95.4,,
2025-06-17 03:59:56,8.9,68.71666666666667,105.2,24.598,35.815,105.2,187.40117,1.7928
2025-06-17 03:59:56,8.9,68.71666666666667,115.2,23.607,35.826,115.2,,
2025-06-17 03:59:56,8.9,68.71666666666667,125.3,22.636,35.783,125.3,,
2025-06-17 03:59:56,8.9,68.71666666666667,135.3,21.674,35.793,135.3,,
2025-06-17 03:59:56,8.9,68.71666666666667,145.5,20.26,35.713,145.5,183.54678,1.7784
2025-06-17 03:59:56,8.9,68.71666666666667,155.1,18.572,35.559,155.1,,
2025-06-17 03:59:56,8.9,68.71666666666667,165.4,17.373,35.447,165.4,,
2025-06-17 03:59:56,8.9,68.71666666666667,175.3,16.685,35.407,175.3,185.18954,1.7784
2025-06-17 03:59:56,8.9,68.71666666666667,185.7,15.862,35.328,185.7,,
2025-06-17 03:59:56,8.9,68.71666666666667,195.6,15.419,35.295,195.6,,
2025-06-17 03:59:56,8.9,68.71666666666667,212.1,14.702,35.29,212.1,,
2025-06-17 03:59:56,8.9,68.71666666666667,237.8,14.146,35.339,237.8,186.08482,1.296
2025-06-17 03:59:56,8.9,68.71666666666667,263.2,13.454,35.317,263.2,,
2025-06-17 03:59:56,8.9,68.71666666666667,287.9,12.909,35.283,287.9,,
2025-06-17 03:59:56,8.9,68.71666666666667,312.7,12.471,35.259,312.7,181.80113,1.1304
2025-06-17 03:59:56,8.9,68.71666666666667,338.4,12.188,35.255,338.4,,
2025-06-17 03:59:56,8.9,68.71666666666667,362.8,11.98,35.265,362.8,,
2025-06-17 03:59:56,8.9,68.71666666666667,387.7,11.839,35.276,387.7,,
2025-06-17 03:59:56,8.9,68.71666666666667,412.7,11.719,35.296,412.7,182.08897,0.972
2025-06-17 03:59:56,8.9,68.71666666666667,437.8,11.598,35.322,437.8,,
2025-06-17 03:59:56,8.9,68.71666666666667,462.6,11.412,35.324,462.6,,
2025-06-17 03:59:56,8.9,68.71666666666667,487.6,11.144,35.301,487.6,174.5839,1.0152
2025-06-17 03:59:56,8.9,68.71666666666667,512.9,10.975,35.298,512.9,,
2025-06-17 03:59:56,8.9,68.71666666666667,538.2,10.768,35.285,538.2,,
2025-06-17 03:59:56,8.9,68.71666666666667,563.2,10.538,35.272,563.2,,
2025-06-17 03:59:56,8.9,68.71666666666667,587.8,10.241,35.249,587.8,167.97105,0.6912
2025-06-17 03:59:56,8.9,68.71666666666667,613.2,10.113,35.262,613.2,,
2025-06-17 03:59:56,8.9,68.71666666666667,637.6,9.998,35.268,637.6,,
2025-06-17 03:59:56,8.9,68.71666666666667,662.4,9.825,35.253,662.4,154.77864,0.468
2025-06-17 03:59:56,8.9,68.71666666666667,687.6,9.676,35.245,687.6,,
2025-06-17 03:59:56,8.9,68.71666666666667,712.9,9.574,35.247,712.9,,
2025-06-17 03:59:56,8.9,68.71666666666667,737.8,9.476,35.248,737.8,,
2025-06-17 03:59:56,8.9,68.71666666666667,762.7,9.354,35.249,762.7,105.845955,0.2088
2025-06-17 03:59:56,8.9,68.71666666666667,787.8,8.989,35.198,787.8,,
2025-06-17 03:59:56,8.9,68.71666666666667,812.8,8.794,35.181,812.8,,
2025-06-17 03:59:56,8.9,68.71666666666667,837.7,8.641,35.18,837.7,60.41734,0.1008
2025-06-17 03:59:56,8.9,68.71666666666667,863.0,8.427,35.165,863.0,,
2025-06-17 03:59:56,8.9,68.71666666666667,888.2,8.302,35.169,888.2,,
2025-06-17 03:59:56,8.9,68.71666666666667,912.6,8.181,35.163,912.6,,
2025-06-17 03:59:56,8.9,68.71666666666667,937.7,8.098,35.171,937.7,55.65812,0.0936
2025-06-17 03:59:56,8.9,68.71666666666667,962.7,8.096,35.196,962.7,,
2025-06-17 03:59:56,8.9,68.71666666666667,987.7,7.906,35.177,987.7,,
2025-06-17 03:59:56,8.9,68.71666666666667,1012.6,7.603,35.134,1012.6,42.697224,0.0864
2025-06-17 03:59:56,8.9,68.71666666666667,1037.6,7.214,35.081,1037.6,,
2025-06-17 03:59:56,8.9,68.71666666666667,1062.9,7.042,35.065,1062.9,,
2025-06-17 03:59:56,8.9,68.71666666666667,1087.9,6.858,35.05,1087.9,,
2025-06-17 03:59:56,8.9,68.71666666666667,1112.7,6.677,35.033,1112.7,33.954464,0.0864
2025-06-17 03:59:56,8.9,68.71666666666667,1137.5,6.538,35.02,1137.5,,
2025-06-17 03:59:56,8.9,68.71666666666667,1162.9,6.42,35.013,1162.9,,
2025-06-17 03:59:56,8.9,68.71666666666667,1188.3,6.341,35.013,1188.3,26.887434,0.0576
2025-06-17 03:59:56,8.9,68.71666666666667,1213.2,6.23,35.009,1213.2,,
2025-06-17 03:59:56,8.9,68.71666666666667,1238.6,6.063,34.996,1238.6,,
2025-06-17 03:59:56,8.9,68.71666666666667,1262.7,5.917,34.988,1262.7,,
2025-06-17 03:59:56,8.9,68.71666666666667,1287.7,5.68,34.963,1287.7,19.037415,0.0648
2025-06-17 03:59:56,8.9,68.71666666666667,1312.8,5.628,34.964,1312.8,,
2025-06-17 03:59:56,8.9,68.71666666666667,1337.7,5.536,34.963,1337.7,,
2025-06-17 03:59:56,8.9,68.71666666666667,1362.9,5.404,34.955,1362.9,13.343444,0.072
2025-06-17 03:59:56,8.9,68.71666666666667,1387.9,5.261,34.944,1387.9,,
2025-06-17 03:59:56,8.9,68.71666666666667,1412.8,5.166,34.942,1412.8,,
2025-06-17 03:59:56,8.9,68.71666666666667,1437.6,5.107,34.944,1437.6,,
2025-06-17 03:59:56,8.9,68.71666666666667,1462.8,4.967,34.933,1462.8,6.911004,0.0648
2025-06-17 03:59:56,8.9,68.71666666666667,1488.0,4.843,34.923,1488.0,,
2025-06-17 03:59:56,8.9,68.71666666666667,1512.6,4.701,34.913,1512.6,,
2025-06-17 03:59:56,8.9,68.71666666666667,1537.4,4.53,34.897,1537.4,4.0304656,0.0936
2025-06-17 03:59:56,8.9,68.71666666666667,1563.5,4.397,34.887,1563.5,,
2025-06-17 03:59:56,8.9,68.71666666666667,1588.0,4.285,34.879,1588.0,,
2025-06-17 03:59:56,8.9,68.71666666666667,1612.9,4.179,34.872,1612.9,2.854281,0.072
2025-06-17 03:59:56,8.9,68.71666666666667,1637.8,4.08,34.867,1637.8,,
2025-06-17 03:59:56,8.9,68.71666666666667,1662.8,3.995,34.861,1662.8,,
2025-06-17 03:59:56,8.9,68.71666666666667,1688.0,3.871,34.852,1688.0,,
2025-06-17 03:59:56,8.9,68.71666666666667,1712.8,3.774,34.846,1712.8,1.6808064,0.072
2025-06-17 03:59:56,8.9,68.71666666666667,1737.9,3.691,34.84,1737.9,,
2025-06-17 03:59:56,8.9,68.71666666666667,1763.0,3.584,34.833,1763.0,,
2025-06-17 03:59:56,8.9,68.71666666666667,1787.8,3.52,34.829,1787.8,,
2025-06-17 03:59:56,8.9,68.71666666666667,1812.7,3.462,34.825,1812.7,0.7514458,0.072
2025-06-17 03:59:56,8.9,68.71666666666667,1837.9,3.387,34.82,1837.9,,
2025-06-17 03:59:56,8.9,68.71666666666667,1862.8,3.311,34.816,1862.8,,
2025-06-17 03:59:56,8.9,68.71666666666667,1887.5,3.253,34.812,1887.5,0.73599637,0.0648
2025-06-17 03:59:56,8.9,68.71666666666667,1912.9,3.19,34.808,1912.9,,
2025-06-17 03:59:56,8.9,68.71666666666667,1938.2,3.124,34.805,1938.2,,
2025-06-17 03:59:56,8.9,68.71666666666667,1963.8,3.059,34.801,1963.8,,
2025-06-17 03:59:56,8.9,68.71666666666667,1987.9,2.999,34.797,1987.9,0.74337727,0.0864
2025-06-17 03:59:56,8.9,68.71666666666667,2010.3,2.953,34.795,2010.3,,
2025-06-26 23:07:29,8.916666666666666,68.55,0.3,29.355,35.818,0.3,,
2025-06-26 23:07:29,8.916666666666666,68.55,1.0,29.357,35.817,1.0,196.02327,0.1944
2025-06-26 23:07:29,8.916666666666666,68.55,1.8,29.357,35.818,1.8,196.36458,0.18
2025-06-26 23:07:29,8.916666666666666,68.55,2.9,29.36,35.819,2.9,,
2025-06-26 23:07:29,8.916666666666666,68.55,3.8,29.362,35.818,3.8,,
2025-06-26 23:07:29,8.916666666666666,68.55,4.9,29.361,35.817,4.9,,
2025-06-26 23:07:29,8.916666666666666,68.55,6.0,29.361,35.817,6.0,196.4281,0.2016
2025-06-26 23:07:29,8.916666666666666,68.55,7.2,29.361,35.819,7.2,,
2025-06-26 23:07:29,8.916666666666666,68.55,8.0,29.362,35.818,8.0,,
2025-06-26 23:07:29,8.916666666666666,68.55,8.8,29.362,35.818,8.8,,
2025-06-26 23:07:29,8.916666666666666,68.55,9.6,29.361,35.818,9.6,196.19516,0.2664
2025-06-26 23:07:29,8.916666666666666,68.55,15.0,29.361,35.817,15.0,,
2025-06-26 23:07:29,8.916666666666666,68.55,25.6,29.364,35.817,25.6,,
2025-06-26 23:07:29,8.916666666666666,68.55,35.4,29.366,35.82,35.4,195.87663,0.2592
2025-06-26 23:07:29,8.916666666666666,68.55,44.9,29.332,35.865,44.9,,
2025-06-26 23:07:29,8.916666666666666,68.55,55.3,29.257,35.88,55.3,,
2025-06-26 23:07:29,8.916666666666666,68.55,66.2,29.146,35.9,66.2,,
2025-06-26 23:07:29,8.916666666666666,68.55,75.2,28.611,35.909,75.2,195.45688,0.3168
2025-06-26 23:07:29,8.916666666666666,68.55,85.2,27.264,35.888,85.2,,
2025-06-26 23:07:29,8.916666666666666,68.55,95.4,25.988,35.987,95.4,,
2025-06-26 23:07:29,8.916666666666666,68.55,105.6,24.644,35.857,105.6,194.8295,0.4464
2025-06-26 23:07:29,8.916666666666666,68.55,115.3,23.602,35.752,115.3,,
2025-06-26 23:07:29,8.916666666666666,68.55,125.3,22.264,35.644,125.3,,
2025-06-26 23:07:29,8.916666666666666,68.55,135.3,21.574,35.623,135.3,,
2025-06-26 23:07:29,8.916666666666666,68.55,145.9,20.378,35.555,145.9,190.19061,1.0368
2025-06-26 23:07:29,8.916666666666666,68.55,155.3,19.436,35.594,155.3,,
2025-06-26 23:07:29,8.916666666666666,68.55,165.3,18.556,35.553,165.3,,
2025-06-26 23:07:29,8.916666666666666,68.55,175.5,17.415,35.459,175.5,183.38493,1.4832
2025-06-26 23:07:29,8.916666666666666,68.55,185.2,16.407,35.353,185.2,,
2025-06-26 23:07:29,8.916666666666666,68.55,195.3,15.844,35.303,195.3,,
2025-06-26 23:07:29,8.916666666666666,68.55,213.0,15.255,35.295,213.0,,
2025-06-26 23:07:29,8.916666666666666,68.55,237.8,14.491,35.295,237.8,180.03862,1.1448
2025-06-26 23:07:29,8.916666666666666,68.55,263.0,13.87,35.299,263.0,,
2025-06-26 23:07:29,8.916666666666666,68.55,287.8,13.285,35.286,287.8,,
2025-06-26 23:07:29,8.916666666666666,68.55,312.6,12.743,35.261,312.6,169.89233,0.9288
2025-06-26 23:07:29,8.916666666666666,68.55,337.6,12.391,35.257,337.6,,
2025-06-26 23:07:29,8.916666666666666,68.55,363.2,12.087,35.259,363.2,,
2025-06-26 23:07:29,8.916666666666666,68.55,387.9,11.825,35.265,387.9,,
2025-06-26 23:07:29,8.916666666666666,68.55,412.5,11.719,35.283,412.5,156.9024,0.5688
2025-06-26 23:07:29,8.916666666666666,68.55,437.7,11.609,35.289,437.7,,
2025-06-26 23:07:29,8.916666666666666,68.55,462.8,11.593,35.318,462.8,,
2025-06-26 23:07:29,8.916666666666666,68.55,487.9,11.465,35.335,487.9,157.62126,0.468
2025-06-26 23:07:29,8.916666666666666,68.55,513.0,11.285,35.337,513.0,,
2025-06-26 23:07:29,8.916666666666666,68.55,537.9,11.182,35.358,537.9,,
2025-06-26 23:07:29,8.916666666666666,68.55,562.5,10.945,35.351,562.5,159.43697,0.4176
2025-06-26 23:07:29,8.916666666666666,68.55,587.5,10.656,35.317,587.5,,
2025-06-26 23:07:29,8.916666666666666,68.55,613.5,10.232,35.259,613.5,,
2025-06-26 23:07:29,8.916666666666666,68.55,637.7,9.989,35.233,637.7,,
2025-06-26 23:07:29,8.916666666666666,68.55,662.8,9.95,35.26,662.8,129.07335,0.3456
2025-06-26 23:07:29,8.916666666666666,68.55,687.9,9.827,35.264,687.9,,
2025-06-26 23:07:29,8.916666666666666,68.55,712.8,9.637,35.261,712.8,,
2025-06-26 23:07:29,8.916666666666666,68.55,737.5,9.491,35.26,737.5,,
2025-06-26 23:07:29,8.916666666666666,68.55,762.5,9.363,35.261,762.5,68.76137,0.2304
2025-06-26 23:07:29,8.916666666666666,68.55,787.4,9.188,35.249,787.4,,
2025-06-26 23:07:29,8.916666666666666,68.55,812.5,8.937,35.222,812.5,,
2025-06-26 23:07:29,8.916666666666666,68.55,837.7,8.678,35.193,837.7,55.311295,0.1728
2025-06-26 23:07:29,8.916666666666666,68.55,862.7,8.493,35.174,862.7,,
2025-06-26 23:07:29,8.916666666666666,68.55,887.8,8.347,35.17,887.8,,
2025-06-26 23:07:29,8.916666666666666,68.55,912.5,8.148,35.155,912.5,,
2025-06-26 23:07:29,8.916666666666666,68.55,937.6,7.972,35.147,937.6,45.054188,0.1152
2025-06-26 23:07:29,8.916666666666666,68.55,963.0,8.059,35.188,963.0,,
2025-06-26 23:07:29,8.916666666666666,68.55,988.1,7.874,35.171,988.1,,
2025-06-26 23:07:29,8.916666666666666,68.55,1013.0,7.572,35.129,1013.0,32.88279,0.108
2025-06-26 23:07:29,8.916666666666666,68.55,1037.9,7.282,35.091,1037.9,,
2025-06-26 23:07:29,8.916666666666666,68.55,1062.8,7.044,35.061,1062.8,,
2025-06-26 23:07:29,8.916666666666666,68.55,1088.0,6.954,35.058,1088.0,,
2025-06-26 23:07:29,8.916666666666666,68.55,1112.8,6.713,35.035,1112.8,29.624655,0.0936
2025-06-26 23:07:29,8.916666666666666,68.55,1137.8,6.537,35.018,1137.8,,
2025-06-26 23:07:29,8.916666666666666,68.55,1163.1,6.438,35.017,1163.1,,
2025-06-26 23:07:29,8.916666666666666,68.55,1188.1,6.279,35.01,1188.1,27.781591,0.0864
2025-06-26 23:07:29,8.916666666666666,68.55,1213.2,6.091,34.993,1213.2,,
2025-06-26 23:07:29,8.916666666666666,68.55,1238.9,5.972,34.987,1238.9,,
2025-06-26 23:07:29,8.916666666666666,68.55,1262.8,5.801,34.97,1262.8,,
2025-06-26 23:07:29,8.916666666666666,68.55,1287.8,5.689,34.965,1287.8,21.006994,0.072
2025-06-26 23:07:29,8.916666666666666,68.55,1312.9,5.589,34.965,1312.9,,
2025-06-26 23:07:29,8.916666666666666,68.55,1337.8,5.498,34.962,1337.8,,
2025-06-26 23:07:29,8.916666666666666,68.55,1362.8,5.375,34.954,1362.8,17.180601,0.072
2025-06-26 23:07:29,8.916666666666666,68.55,1387.9,5.279,34.95,1387.9,,
2025-06-26 23:07:29,8.916666666666666,68.55,1412.8,5.201,34.949,1412.8,,
2025-06-26 23:07:29,8.916666666666666,68.55,1437.6,5.092,34.943,1437.6,,
2025-06-26 23:07:29,8.916666666666666,68.55,1463.3,4.957,34.933,1463.3,14.688668,0.072
2025-06-26 23:07:29,8.916666666666666,68.55,1487.7,4.835,34.921,1487.7,,
2025-06-26 23:07:29,8.916666666666666,68.55,1513.0,4.74,34.913,1513.0,,
2025-06-26 23:07:29,8.916666666666666,68.55,1538.0,4.589,34.9,1538.0,10.413084,0.0576
2025-06-26 23:07:29,8.916666666666666,68.55,1563.0,4.465,34.89,1563.0,,
2025-06-26 23:07:29,8.916666666666666,68.55,1588.2,4.38,34.885,1588.2,,
2025-06-26 23:07:29,8.916666666666666,68.55,1613.1,4.279,34.878,1613.1,,
2025-06-26 23:07:29,8.916666666666666,68.55,1637.8,4.176,34.872,1637.8,7.3434277,0.072
2025-06-26 23:07:29,8.916666666666666,68.55,1662.8,4.094,34.867,1662.8,,
2025-06-26 23:07:29,8.916666666666666,68.55,1687.9,3.973,34.858,1687.9,,
2025-06-26 23:07:29,8.916666666666666,68.55,1712.5,3.84,34.85,1712.5,4.8829527,0.072
2025-06-26 23:07:29,8.916666666666666,68.55,1737.7,3.723,34.842,1737.7,,
2025-06-26 23:07:29,8.916666666666666,68.55,1762.9,3.649,34.837,1762.9,,
2025-06-26 23:07:29,8.916666666666666,68.55,1787.6,3.568,34.831,1787.6,,
2025-06-26 23:07:29,8.916666666666666,68.55,1812.9,3.496,34.827,1812.9,3.704691,0.0792
2025-06-26 23:07:29,8.916666666666666,68.55,1838.1,3.428,34.823,1838.1,,
2025-06-26 23:07:29,8.916666666666666,68.55,1863.0,3.351,34.818,1863.0,,
2025-06-26 23:07:29,8.916666666666666,68.55,1888.1,3.28,34.814,1888.1,2.6751661,0.072
2025-06-26 23:07:29,8.916666666666666,68.55,1913.1,3.207,34.809,1913.1,,
2025-06-26 23:07:29,8.916666666666666,68.55,1937.8,3.147,34.806,1937.8,,
2025-06-26 23:07:29,8.916666666666666,68.55,1962.9,3.09,34.802,1962.9,,
2025-06-26 23:07:29,8.916666666666666,68.55,1988.2,3.03,34.799,1988.2,1.4331061,0.072
2025-06-26 23:07:29,8.916666666666666,68.55,2002.2,2.995,34.796,2002.2,,
2025-07-06 17:57:49,8.883333333333333,68.43333333333334,0.4,29.331,36.023,0.4,,
2025-07-06 17:57:49,8.883333333333333,68.43333333333334,1.0,29.329,36.033,1.0,,
2025-07-06 17:57:49,8.883333333333333,68.43333333333334,1.9,29.337,36.031,1.9,195.20958,0.2016
2025-07-06 17:57:49,8.883333333333333,68.43333333333334,3.0,29.342,36.029,3.0,195.25542,0.2736
2025-07-06 17:57:49,8.883333333333333,68.43333333333334,4.0,29.344,36.029,4.0,,
2025-07-06 17:57:49,8.883333333333333,68.43333333333334,4.9,29.345,36.028,4.9,,
2025-07-06 17:57:49,8.883333333333333,68.43333333333334,6.0,29.346,36.028,6.0,,
2025-07-06 17:57:49,8.883333333333333,68.43333333333334,6.8,29.348,36.029,6.8,195.3498,0.2808
2025-07-06 17:57:49,8.883333333333333,68.43333333333334,7.7,29.346,36.028,7.7,,
2025-07-06 17:57:49,8.883333333333333,68.43333333333334,8.9,29.348,36.028,8.9,,
2025-07-06 17:57:49,8.883333333333333,68.43333333333334,10.1,29.349,36.027,10.1,,
2025-07-06 17:57:49,8.883333333333333,68.43333333333334,15.4,29.347,36.028,15.4,195.44844,0.4032
2025-07-06 17:57:49,8.883333333333333,68.43333333333334,25.2,29.352,36.029,25.2,,
2025-07-06 17:57:49,8.883333333333333,68.43333333333334,35.7,29.35,36.032,35.7,,
2025-07-06 17:57:49,8.883333333333333,68.43333333333334,45.3,29.236,36.047,45.3,194.60661,0.648
2025-07-06 17:57:49,8.883333333333333,68.43333333333334,55.4,28.893,36.15,55.4,,
2025-07-06 17:57:49,8.883333333333333,68.43333333333334,66.1,28.346,36.1,66.1,,
2025-07-06 17:57:49,8.883333333333333,68.43333333333334,75.5,26.929,35.946,75.5,,
2025-07-06 17:57:49,8.883333333333333,68.43333333333334,85.1,25.979,36.043,85.1,192.84428,0.756
2025-07-06 17:57:49,8.883333333333333,68.43333333333334,95.8,25.274,36.037,95.8,,
2025-07-06 17:57:49,8.883333333333333,68.43333333333334,105.4,24.25,35.872,105.4,,
2025-07-06 17:57:49,8.883333333333333,68.43333333333334,115.6,22.946,35.754,115.6,187.60278,1.3464
2025-07-06 17:57:49,8.883333333333333,68.43333333333334,125.8,21.361,35.62,125.8,,
2025-07-06 17:57:49,8.883333333333333,68.43333333333334,135.1,20.465,35.613,135.1,,
2025-07-06 17:57:49,8.883333333333333,68.43333333333334,145.2,19.901,35.656,145.2,,
2025-07-06 17:57:49,8.883333333333333,68.43333333333334,155.5,19.115,35.578,155.5,182.90904,1.332
2025-07-06 17:57:49,8.883333333333333,68.43333333333334,165.6,18.393,35.526,165.6,,
2025-07-06 17:57:49,8.883333333333333,68.43333333333334,175.8,17.545,35.444,175.8,,
2025-07-06 17:57:49,8.883333333333333,68.43333333333334,185.7,16.825,35.4,185.7,178.90367,1.0872
2025-07-06 17:57:49,8.883333333333333,68.43333333333334,195.5,16.041,35.347,195.5,,
2025-07-06 17:57:49,8.883333333333333,68.43333333333334,211.6,15.256,35.296,211.6,,
2025-07-06 17:57:49,8.883333333333333,68.43333333333334,237.7,14.54,35.322,237.7,,
2025-07-06 17:57:49,8.883333333333333,68.43333333333334,262.7,13.774,35.319,262.7,162.43019,0.648
2025-07-06 17:57:49,8.883333333333333,68.43333333333334,287.9,13.051,35.274,287.9,,
2025-07-06 17:57:49,8.883333333333333,68.43333333333334,312.7,12.67,35.262,312.7,,
2025-07-06 17:57:49,8.883333333333333,68.43333333333334,337.7,12.45,35.261,337.7,148.97922,0.5544
2025-07-06 17:57:49,8.883333333333333,68.43333333333334,363.0,12.244,35.26,363.0,,
2025-07-06 17:57:49,8.883333333333333,68.43333333333334,387.8,11.961,35.26,387.8,,
2025-07-06 17:57:49,8.883333333333333,68.43333333333334,413.2,11.794,35.279,413.2,,
2025-07-06 17:57:49,8.883333333333333,68.43333333333334,437.4,11.673,35.302,437.4,128.48111,0.3528
2025-07-06 17:57:49,8.883333333333333,68.43333333333334,462.4,11.538,35.324,462.4,,
2025-07-06 17:57:49,8.883333333333333,68.43333333333334,487.8,11.38,35.33,487.8,,
2025-07-06 17:57:49,8.883333333333333,68.43333333333334,512.7,11.267,35.334,512.7,127.012695,0.36
2025-07-06 17:57:49,8.883333333333333,68.43333333333334,537.9,11.177,35.352,537.9,,
2025-07-06 17:57:49,8.883333333333333,68.43333333333334,563.0,10.834,35.311,563.0,,
2025-07-06 17:57:49,8.883333333333333,68.43333333333334,587.9,10.564,35.282,587.9,,
2025-07-06 17:57:49,8.883333333333333,68.43333333333334,612.8,10.362,35.278,612.8,101.707954,0.3672
2025-07-06 17:57:49,8.883333333333333,68.43333333333334,637.9,10.211,35.281,637.9,,
2025-07-06 17:57:49,8.883333333333333,68.43333333333334,662.7,10.04,35.283,662.7,,
2025-07-06 17:57:49,8.883333333333333,68.43333333333334,687.8,9.8,35.262,687.8,79.57647,0.288
2025-07-06 17:57:49,8.883333333333333,68.43333333333334,713.0,9.576,35.247,713.0,,
2025-07-06 17:57:49,8.883333333333333,68.43333333333334,737.9,9.454,35.248,737.9,,
2025-07-06 17:57:49,8.883333333333333,68.43333333333334,762.9,9.252,35.232,762.9,,
2025-07-06 17:57:49,8.883333333333333,68.43333333333334,787.8,8.96,35.197,787.8,56.899754,0.1944
2025-07-06 17:57:49,8.883333333333333,68.43333333333334,813.1,8.9,35.215,813.1,,
2025-07-06 17:57:49,8.883333333333333,68.43333333333334,837.8,8.636,35.19,837.8,,
2025-07-06 17:57:49,8.883333333333333,68.43333333333334,862.4,8.386,35.167,862.4,47.322514,0.1656
2025-07-06 17:57:49,8.883333333333333,68.43333333333334,888.4,8.275,35.169,888.4,,
2025-07-06 17:57:49,8.883333333333333,68.43333333333334,912.8,8.239,35.188,912.8,,
2025-07-06 17:57:49,8.883333333333333,68.43333333333334,937.9,8.05,35.175,937.9,,
2025-07-06 17:57:49,8.883333333333333,68.43333333333334,962.9,7.973,35.176,962.9,40.372417,0.1152
2025-07-06 17:57:49,8.883333333333333,68.43333333333334,988.2,7.812,35.164,988.2,,
2025-07-06 17:57:49,8.883333333333333,68.43333333333334,1013.3,7.535,35.128,1013.3,,
2025-07-06 17:57:49,8.883333333333333,68.43333333333334,1038.0,7.191,35.08,1038.0,35.46909,0.108
2025-07-06 17:57:49,8.883333333333333,68.43333333333334,1062.9,7.034,35.068,1062.9,,
2025-07-06 17:57:49,8.883333333333333,68.43333333333334,1087.9,6.879,35.054,1087.9,,
2025-07-06 17:57:49,8.883333333333333,68.43333333333334,1112.7,6.692,35.033,1112.7,,
2025-07-06 17:57:49,8.883333333333333,68.43333333333334,1138.1,6.55,35.02,1138.1,29.330652,0.0936
2025-07-06 17:57:49,8.883333333333333,68.43333333333334,1163.2,6.37,35.002,1163.2,,
2025-07-06 17:57:49,8.883333333333333,68.43333333333334,1187.8,6.265,34.997,1187.8,,
2025-07-06 17:57:49,8.883333333333333,68.43333333333334,1212.8,6.135,34.99,1212.8,23.956324,0.0936
2025-07-06 17:57:49,8.883333333333333,68.43333333333334,1238.7,6.008,34.985,1238.7,,
2025-07-06 17:57:49,8.883333333333333,68.43333333333334,1262.7,5.821,34.965,1262.7,,
2025-07-06 17:57:49,8.883333333333333,68.43333333333334,1287.4,5.739,34.963,1287.4,,
2025-07-06 17:57:49,8.883333333333333,68.43333333333334,1312.4,5.655,34.961,1312.4,20.598623,0.0792
2025-07-06 17:57:49,8.883333333333333,68.43333333333334,1337.9,5.601,34.967,1337.9,,
2025-07-06 17:57:49,8.883333333333333,68.43333333333334,1362.9,5.491,34.963,1362.9,,
2025-07-06 17:57:49,8.883333333333333,68.43333333333334,1387.9,5.401,34.961,1387.9,17.411911,0.0648
2025-07-06 17:57:49,8.883333333333333,68.43333333333334,1413.1,5.268,34.952,1413.1,,
2025-07-06 17:57:49,8.883333333333333,68.43333333333334,1437.8,5.149,34.945,1437.8,,
2025-07-06 17:57:49,8.883333333333333,68.43333333333334,1462.9,5.015,34.936,1462.9,,
2025-07-06 17:57:49,8.883333333333333,68.43333333333334,1488.2,4.853,34.924,1488.2,12.599862,0.072
2025-07-06 17:57:49,8.883333333333333,68.43333333333334,1512.5,4.697,34.91,1512.5,,
2025-07-06 17:57:49,8.883333333333333,68.43333333333334,1537.8,4.52,34.895,1537.8,,
2025-07-06 17:57:49,8.883333333333333,68.43333333333334,1563.0,4.4,34.887,1563.0,7.8431416,0.0648
2025-07-06 17:57:49,8.883333333333333,68.43333333333334,1588.1,4.284,34.879,1588.1,,
2025-07-06 17:57:49,8.883333333333333,68.43333333333334,1613.1,4.184,34.872,1613.1,,
2025-07-06 17:57:49,8.883333333333333,68.43333333333334,1638.0,4.088,34.866,1638.0,,
2025-07-06 17:57:49,8.883333333333333,68.43333333333334,1662.8,3.987,34.86,1662.8,4.9805117,0.0648
2025-07-06 17:57:49,8.883333333333333,68.43333333333334,1687.8,3.881,34.853,1687.8,,
2025-07-06 17:57:49,8.883333333333333,68.43333333333334,1713.2,3.77,34.845,1713.2,,
2025-07-06 17:57:49,8.883333333333333,68.43333333333334,1737.8,3.685,34.839,1737.8,2.4225085,0.0648
2025-07-06 17:57:49,8.883333333333333,68.43333333333334,1762.8,3.603,34.834,1762.8,,
2025-07-06 17:57:49,8.883333333333333,68.43333333333334,1788.0,3.52,34.829,1788.0,,
2025-07-06 17:57:49,8.883333333333333,68.43333333333334,1812.7,3.431,34.823,1812.7,,
2025-07-06 17:57:49,8.883333333333333,68.43333333333334,1838.6,3.352,34.818,1838.6,0.7876479,0.072
2025-07-06 17:57:49,8.883333333333333,68.43333333333334,1862.9,3.28,34.814,1862.9,,
2025-07-06 17:57:49,8.883333333333333,68.43333333333334,1887.9,3.224,34.811,1887.9,,
2025-07-06 17:57:49,8.883333333333333,68.43333333333334,1912.6,3.16,34.807,1912.6,0.7365933,0.0792
2025-07-06 17:57:49,8.883333333333333,68.43333333333334,1937.5,3.107,34.804,1937.5,,
2025-07-06 17:57:49,8.883333333333333,68.43333333333334,1962.7,3.047,34.8,1962.7,,
2025-07-06 17:57:49,8.883333333333333,68.43333333333334,1988.8,2.983,34.796,1988.8,,
2025-07-06 17:57:49,8.883333333333333,68.43333333333334,2001.3,2.953,34.794,2001.3,0.7441927,0.072
2025-07-16 13:03:38,9.05,68.26666666666667,0.3,29.235,36.053,0.3,,
2025-07-16 13:03:38,9.05,68.26666666666667,1.0,29.235,36.057,1.0,196.03146,0.1728
2025-07-16 13:03:38,9.05,68.26666666666667,1.8,29.236,36.058,1.8,,
2025-07-16 13:03:38,9.05,68.26666666666667,2.9,29.236,36.059,2.9,195.95973,0.18
2025-07-16 13:03:38,9.05,68.26666666666667,4.2,29.239,36.057,4.2,,
2025-07-16 13:03:38,9.05,68.26666666666667,4.9,29.238,36.058,4.9,,
2025-07-16 13:03:38,9.05,68.26666666666667,5.7,29.239,36.059,5.7,,
2025-07-16 13:03:38,9.05,68.26666666666667,6.6,29.24,36.058,6.6,195.4253,0.2808
2025-07-16 13:03:38,9.05,68.26666666666667,7.5,29.241,36.057,7.5,,
2025-07-16 13:03:38,9.05,68.26666666666667,8.5,29.241,36.058,8.5,,
2025-07-16 13:03:38,9.05,68.26666666666667,9.9,29.241,36.057,9.9,,
2025-07-16 13:03:38,9.05,68.26666666666667,15.5,29.24,36.058,15.5,194.99959,0.2592
2025-07-16 13:03:38,9.05,68.26666666666667,25.4,29.24,36.058,25.4,,
2025-07-16 13:03:38,9.05,68.26666666666667,35.1,29.212,36.059,35.1,,
2025-07-16 13:03:38,9.05,68.26666666666667,45.6,29.197,36.062,45.6,194.94641,0.2952
2025-07-16 13:03:38,9.05,68.26666666666667,55.6,29.179,36.064,55.6,,
2025-07-16 13:03:38,9.05,68.26666666666667,65.1,28.763,36.075,65.1,,
2025-07-16 13:03:38,9.05,68.26666666666667,75.0,27.18,35.995,75.0,,
2025-07-16 13:03:38,9.05,68.26666666666667,85.5,26.452,36.049,85.5,195.84564,0.3888
2025-07-16 13:03:38,9.05,68.26666666666667,95.6,25.438,36.023,95.6,,
2025-07-16 13:03:38,9.05,68.26666666666667,105.2,23.406,35.776,105.2,,
2025-07-16 13:03:38,9.05,68.26666666666667,115.0,22.444,35.753,115.0,195.27034,0.4464
2025-07-16 13:03:38,9.05,68.26666666666667,125.0,21.341,35.683,125.0,,
2025-07-16 13:03:38,9.05,68.26666666666667,135.6,19.99,35.548,135.6,,
2025-07-16 13:03:38,9.05,68.26666666666667,145.4,19.357,35.503,145.4,,
2025-07-16 13:03:38,9.05,68.26666666666667,155.4,18.374,35.424,155.4,193.4993,0.6552
2025-07-16 13:03:38,9.05,68.26666666666667,165.3,17.728,35.389,165.3,,
2025-07-16 13:03:38,9.05,68.26666666666667,175.0,17.304,35.354,175.0,,
2025-07-16 13:03:38,9.05,68.26666666666667,185.2,16.877,35.353,185.2,189.01917,1.0872
2025-07-16 13:03:38,9.05,68.26666666666667,195.8,16.347,35.339,195.8,,
2025-07-16 13:03:38,9.05,68.26666666666667,213.4,15.318,35.269,213.4,,
2025-07-16 13:03:38,9.05,68.26666666666667,238.1,14.33,35.287,238.1,,
2025-07-16 13:03:38,9.05,68.26666666666667,262.7,13.777,35.314,262.7,184.13792,1.3392
2025-07-16 13:03:38,9.05,68.26666666666667,287.4,13.249,35.312,287.4,,
2025-07-16 13:03:38,9.05,68.26666666666667,312.9,12.696,35.281,312.9,,
2025-07-16 13:03:38,9.05,68.26666666666667,338.0,12.287,35.261,338.0,178.568,1.1232
2025-07-16 13:03:38,9.05,68.26666666666667,362.9,12.078,35.274,362.9,,
2025-07-16 13:03:38,9.05,68.26666666666667,387.7,11.877,35.275,387.7,,
2025-07-16 13:03:38,9.05,68.26666666666667,412.6,11.719,35.29,412.6,,
2025-07-16 13:03:38,9.05,68.26666666666667,437.8,11.592,35.309,437.8,174.0577,0.8352
2025-07-16 13:03:38,9.05,68.26666666666667,462.5,11.341,35.294,462.5,,
2025-07-16 13:03:38,9.05,68.26666666666667,487.7,11.104,35.268,487.7,,
2025-07-16 13:03:38,9.05,68.26666666666667,512.7,10.878,35.246,512.7,161.7366,0.5832
2025-07-16 13:03:38,9.05,68.26666666666667,537.8,10.917,35.292,537.8,,
2025-07-16 13:03:38,9.05,68.26666666666667,563.0,10.735,35.295,563.0,,
2025-07-16 13:03:38,9.05,68.26666666666667,588.0,10.446,35.268,588.0,,
2025-07-16 13:03:38,9.05,68.26666666666667,613.1,10.386,35.295,613.1,120.78143,0.3888
2025-07-16 13:03:38,9.05,68.26666666666667,637.9,10.189,35.286,637.9,,
2025-07-16 13:03:38,9.05,68.26666666666667,663.0,9.945,35.261,663.0,,
2025-07-16 13:03:38,9.05,68.26666666666667,687.7,9.763,35.251,687.7,75.889084,0.2736
2025-07-16 13:03:38,9.05,68.26666666666667,713.1,9.555,35.234,713.1,,
2025-07-16 13:03:38,9.05,68.26666666666667,737.4,9.435,35.24,737.4,,
2025-07-16 13:03:38,9.05,68.26666666666667,762.7,9.257,35.231,762.7,,
2025-07-16 13:03:38,9.05,68.26666666666667,788.0,8.968,35.195,788.0,52.56609,0.1872
2025-07-16 13:03:38,9.05,68.26666666666667,813.0,8.768,35.175,813.0,,
2025-07-16 13:03:38,9.05,68.26666666666667,838.1,8.605,35.169,838.1,,
2025-07-16 13:03:38,9.05,68.26666666666667,862.9,8.506,35.173,862.9,32.926907,0.1728
2025-07-16 13:03:38,9.05,68.26666666666667,888.3,8.321,35.163,888.3,,
2025-07-16 13:03:38,9.05,68.26666666666667,912.7,8.229,35.167,912.7,,
2025-07-16 13:03:38,9.05,68.26666666666667,937.6,8.027,35.148,937.6,30.81997,0.144
2025-07-16 13:03:38,9.05,68.26666666666667,962.8,7.823,35.131,962.8,,
2025-07-16 13:03:38,9.05,68.26666666666667,988.1,7.684,35.122,988.1,,
2025-07-16 13:03:38,9.05,68.26666666666667,1013.1,7.598,35.129,1013.1,29.214874,0.108
2025-07-16 13:03:38,9.05,68.26666666666667,1038.0,7.411,35.111,1038.0,,
2025-07-16 13:03:38,9.05,68.26666666666667,1062.9,7.075,35.069,1062.9,,
2025-07-16 13:03:38,9.05,68.26666666666667,1087.5,6.909,35.055,1087.5,32.536022,0.0936
2025-07-16 13:03:38,9.05,68.26666666666667,1112.4,6.702,35.034,1112.4,,
2025-07-16 13:03:38,9.05,68.26666666666667,1137.8,6.557,35.023,1137.8,,
2025-07-16 13:03:38,9.05,68.26666666666667,1162.8,6.436,35.015,1162.8,,
2025-07-16 13:03:38,9.05,68.26666666666667,1187.7,6.31,35.006,1187.7,33.830902,0.0792
2025-07-16 13:03:38,9.05,68.26666666666667,1212.9,6.162,34.99,1212.9,,
2025-07-16 13:03:38,9.05,68.26666666666667,1238.0,6.025,34.983,1238.0,,
2025-07-16 13:03:38,9.05,68.26666666666667,1262.8,5.877,34.971,1262.8,29.871141,0.072
2025-07-16 13:03:38,9.05,68.26666666666667,1287.5,5.729,34.963,1287.5,,
2025-07-16 13:03:38,9.05,68.26666666666667,1313.3,5.648,34.965,1313.3,,
2025-07-16 13:03:38,9.05,68.26666666666667,1337.7,5.565,34.966,1337.7,,
2025-07-16 13:03:38,9.05,68.26666666666667,1362.5,5.455,34.959,1362.5,21.596981,0.0792
2025-07-16 13:03:38,9.05,68.26666666666667,1387.9,5.301,34.946,1387.9,,
2025-07-16 13:03:38,9.05,68.26666666666667,1412.8,5.185,34.94,1412.8,,
2025-07-16 13:03:38,9.05,68.26666666666667,1437.5,5.101,34.938,1437.5,,
2025-07-16 13:03:38,9.05,68.26666666666667,1462.6,5.014,34.935,1462.6,14.022748,0.072
2025-07-16 13:03:38,9.05,68.26666666666667,1487.7,4.865,34.926,1487.7,,
2025-07-16 13:03:38,9.05,68.26666666666667,1512.7,4.717,34.914,1512.7,,
2025-07-16 13:03:38,9.05,68.26666666666667,1537.6,4.555,34.898,1537.6,9.231213,0.0792
2025-07-16 13:03:38,9.05,68.26666666666667,1562.7,4.434,34.889,1562.7,,
2025-07-16 13:03:38,9.05,68.26666666666667,1587.7,4.305,34.881,1587.7,,
2025-07-16 13:03:38,9.05,68.26666666666667,1612.9,4.204,34.874,1612.9,,
2025-07-16 13:03:38,9.05,68.26666666666667,1638.0,4.099,34.868,1638.0,6.6886387,0.072
2025-07-16 13:03:38,9.05,68.26666666666667,1662.8,3.984,34.861,1662.8,,
2025-07-16 13:03:38,9.05,68.26666666666667,1687.8,3.904,34.854,1687.8,,
2025-07-16 13:03:38,9.05,68.26666666666667,1713.0,3.807,34.848,1713.0,5.0498567,0.0792
2025-07-16 13:03:38,9.05,68.26666666666667,1738.0,3.699,34.841,1738.0,,
2025-07-16 13:03:38,9.05,68.26666666666667,1762.8,3.604,34.834,1762.8,,
2025-07-16 13:03:38,9.05,68.26666666666667,1787.8,3.511,34.828,1787.8,,
2025-07-16 13:03:38,9.05,68.26666666666667,1813.0,3.431,34.823,1813.0,2.7236927,0.072
2025-07-16 13:03:38,9.05,68.26666666666667,1838.0,3.355,34.819,1838.0,,
2025-07-16 13:03:38,9.05,68.26666666666667,1863.0,3.272,34.814,1863.0,,
2025-07-16 13:03:38,9.05,68.26666666666667,1888.1,3.194,34.809,1888.1,1.3191836,0.0792
2025-07-16 13:03:38,9.05,68.26666666666667,1912.8,3.119,34.805,1912.8,,
2025-07-16 13:03:38,9.05,68.26666666666667,1938.0,3.045,34.801,1938.0,,
2025-07-16 13:03:38,9.05,68.26666666666667,1964.8,2.979,34.797,1964.8,,
2025-07-26 08:15:45,9.15,67.95,0.3,28.851,36.039,0.3,,
2025-07-26 08:15:45,9.15,67.95,0.9,28.851,36.039,0.9,195.74142,0.1944
2025-07-26 08:15:45,9.15,67.95,1.8,28.852,36.038,1.8,,
2025-07-26 08:15:45,9.15,67.95,2.9,28.852,36.038,2.9,,
2025-07-26 08:15:45,9.15,67.95,3.8,28.852,36.038,3.8,,
2025-07-26 08:15:45,9.15,67.95,4.7,28.851,36.039,4.7,196.21567,0.252
2025-07-26 08:15:45,9.15,67.95,5.6,28.851,36.039,5.6,,
2025-07-26 08:15:45,9.15,67.95,6.5,28.851,36.039,6.5,,
2025-07-26 08:15:45,9.15,67.95,7.5,28.851,36.039,7.5,,
2025-07-26 08:15:45,9.15,67.95,8.5,28.851,36.039,8.5,195.9093,0.288
2025-07-26 08:15:45,9.15,67.95,9.5,28.851,36.039,9.5,,
2025-07-26 08:15:45,9.15,67.95,15.4,28.851,36.038,15.4,,
2025-07-26 08:15:45,9.15,67.95,25.4,28.853,36.038,25.4,195.71799,0.3528
2025-07-26 08:15:45,9.15,67.95,35.2,28.855,36.039,35.2,,
2025-07-26 08:15:45,9.15,67.95,45.4,28.856,36.042,45.4,,
2025-07-26 08:15:45,9.15,67.95,55.3,28.859,36.046,55.3,,
2025-07-26 08:15:45,9.15,67.95,65.4,28.866,36.067,65.4,196.00552,0.4176
2025-07-26 08:15:45,9.15,67.95,76.2,28.602,36.135,76.2,,
2025-07-26 08:15:45,9.15,67.95,85.1,27.186,36.013,85.1,,
2025-07-26 08:15:45,9.15,67.95,95.6,25.887,36.055,95.6,195.79367,1.1592
2025-07-26 08:15:45,9.15,67.95,105.6,24.751,35.927,105.6,,
2025-07-26 08:15:45,9.15,67.95,115.7,23.324,35.773,115.7,,
2025-07-26 08:15:45,9.15,67.95,125.5,22.288,35.698,125.5,,
2025-07-26 08:15:45,9.15,67.95,135.5,21.179,35.63,135.5,194.86403,0.7992
2025-07-26 08:15:45,9.15,67.95,145.2,19.085,35.353,145.2,,
2025-07-26 08:15:45,9.15,67.95,155.1,17.809,35.186,155.1,,
2025-07-26 08:15:45,9.15,67.95,165.0,17.346,35.171,165.0,192.06613,0.8928
2025-07-26 08:15:45,9.15,67.95,175.6,16.683,35.157,175.6,,
2025-07-26 08:15:45,9.15,67.95,185.4,15.96,35.145,185.4,,
2025-07-26 08:15:45,9.15,67.95,195.2,15.355,35.152,195.2,,
2025-07-26 08:15:45,9.15,67.95,212.9,14.698,35.168,212.9,186.03654,1.6776
2025-07-26 08:15:45,9.15,67.95,237.9,13.993,35.171,237.9,,
2025-07-26 08:15:45,9.15,67.95,263.4,13.625,35.217,263.4,,
2025-07-26 08:15:45,9.15,67.95,287.9,13.369,35.289,287.9,181.94664,1.476
2025-07-26 08:15:45,9.15,67.95,312.7,12.855,35.283,312.7,,
2025-07-26 08:15:45,9.15,67.95,337.9,12.406,35.266,337.9,,
2025-07-26 08:15:45,9.15,67.95,362.5,12.116,35.251,362.5,,
2025-07-26 08:15:45,9.15,67.95,388.0,11.804,35.244,388.0,178.09865,1.2384
2025-07-26 08:15:45,9.15,67.95,412.7,11.696,35.262,412.7,,
2025-07-26 08:15:45,9.15,67.95,437.6,11.549,35.266,437.6,,
2025-07-26 08:15:45,9.15,67.95,462.8,11.455,35.293,462.8,171.76212,0.9432
2025-07-26 08:15:45,9.15,67.95,487.8,11.165,35.262,487.8,,
2025-07-26 08:15:45,9.15,67.95,512.5,10.987,35.279,512.5,,
2025-07-26 08:15:45,9.15,67.95,537.5,10.895,35.302,537.5,,
2025-07-26 08:15:45,9.15,67.95,562.7,10.655,35.285,562.7,151.83798,0.5832
2025-07-26 08:15:45,9.15,67.95,587.9,10.57,35.309,587.9,,
2025-07-26 08:15:45,9.15,67.95,612.9,10.399,35.308,612.9,,
2025-07-26 08:15:45,9.15,67.95,638.7,10.131,35.284,638.7,121.88546,0.3888
2025-07-26 08:15:45,9.15,67.95,662.6,9.968,35.273,662.6,,
2025-07-26 08:15:45,9.15,67.95,687.5,9.78,35.255,687.5,,
2025-07-26 08:15:45,9.15,67.95,712.8,9.596,35.238,712.8,,
2025-07-26 08:15:45,9.15,67.95,737.8,9.329,35.21,737.8,94.26065,0.2664
2025-07-26 08:15:45,9.15,67.95,762.5,9.18,35.21,762.5,,
2025-07-26 08:15:45,9.15,67.95,787.6,8.928,35.191,787.6,,
2025-07-26 08:15:45,9.15,67.95,812.6,8.794,35.196,812.6,67.144295,0.2016
2025-07-26 08:15:45,9.15,67.95,837.8,8.68,35.194,837.8,,
2025-07-26 08:15:45,9.15,67.95,862.9,8.459,35.171,862.9,,
2025-07-26 08:15:45,9.15,67.95,887.9,8.318,35.168,887.9,,
2025-07-26 08:15:45,9.15,67.95,913.3,8.165,35.161,913.3,51.50185,0.1728
2025-07-26 08:15:45,9.15,67.95,937.8,7.937,35.141,937.8,,
2025-07-26 08:15:45,9.15,67.95,962.7,7.728,35.123,962.7,,
2025-07-26 08:15:45,9.15,67.95,987.8,7.623,35.128,987.8,38.166965,0.1584
2025-07-26 08:15:45,9.15,67.95,1012.8,7.505,35.123,1012.8,,
2025-07-26 08:15:45,9.15,67.95,1038.1,7.235,35.09,1038.1,,
2025-07-26 08:15:45,9.15,67.95,1063.5,7.019,35.067,1063.5,,
2025-07-26 08:15:45,9.15,67.95,1087.6,6.827,35.045,1087.6,31.694082,0.1512
2025-07-26 08:15:45,9.15,67.95,1112.8,6.668,35.031,1112.8,,
2025-07-26 08:15:45,9.15,67.95,1137.7,6.522,35.018,1137.7,,
2025-07-26 08:15:45,9.15,67.95,1163.0,6.338,34.998,1163.0,34.303467,0.0864
2025-07-26 08:15:45,9.15,67.95,1187.8,6.164,34.98,1187.8,,
2025-07-26 08:15:45,9.15,67.95,1212.9,6.03,34.972,1212.9,,
2025-07-26 08:15:45,9.15,67.95,1238.5,5.921,34.97,1238.5,,
2025-07-26 08:15:45,9.15,67.95,1262.5,5.857,34.971,1262.5,28.465715,0.0792
2025-07-26 08:15:45,9.15,67.95,1287.5,5.796,34.968,1287.5,,
2025-07-26 08:15:45,9.15,67.95,1312.7,5.689,34.961,1312.7,,
2025-07-26 08:15:45,9.15,67.95,1338.2,5.601,34.955,1338.2,31.753513,0.072
2025-07-26 08:15:45,9.15,67.95,1363.2,5.488,34.947,1363.2,,
2025-07-26 08:15:45,9.15,67.95,1388.2,5.491,34.96,1388.2,,
2025-07-26 08:15:45,9.15,67.95,1413.1,5.398,34.958,1413.1,,
2025-07-26 08:15:45,9.15,67.95,1438.0,5.29,34.952,1438.0,25.285423,0.072
2025-07-26 08:15:45,9.15,67.95,1462.8,5.191,34.947,1462.8,,
2025-07-26 08:15:45,9.15,67.95,1487.7,5.062,34.937,1487.7,,
2025-07-26 08:15:45,9.15,67.95,1512.8,4.903,34.926,1512.8,12.948646,0.0792
2025-07-26 08:15:45,9.15,67.95,1537.8,4.76,34.914,1537.8,,
2025-07-26 08:15:45,9.15,67.95,1562.8,4.625,34.904,1562.8,,
2025-07-26 08:15:45,9.15,67.95,1587.8,4.471,34.894,1587.8,,
2025-07-26 08:15:45,9.15,67.95,1612.9,4.356,34.886,1612.9,8.347551,0.0648
2025-07-26 08:15:45,9.15,67.95,1638.2,4.24,34.877,1638.2,,
2025-07-26 08:15:45,9.15,67.95,1663.6,4.104,34.867,1663.6,,
2025-07-26 08:15:45,9.15,67.95,1687.9,3.978,34.858,1687.9,5.9304748,0.072
2025-07-26 08:15:45,9.15,67.95,1713.1,3.884,34.852,1713.1,,
2025-07-26 08:15:45,9.15,67.95,1738.2,3.805,34.848,1738.2,,
2025-07-26 08:15:45,9.15,67.95,1762.9,3.717,34.842,1762.9,4.04193,0.072
2025-07-26 08:15:45,9.15,67.95,1787.4,3.618,34.835,1787.4,,
2025-07-26 08:15:45,9.15,67.95,1812.6,3.55,34.832,1812.6,,
2025-07-26 08:15:45,9.15,67.95,1837.9,3.486,34.828,1837.9,1.5953165,0.0648
2025-07-26 08:15:45,9.15,67.95,1863.0,3.403,34.822,1863.0,,
2025-07-26 08:15:45,9.15,67.95,1888.0,3.342,34.818,1888.0,,
2025-07-26 08:15:45,9.15,67.95,1912.8,3.27,34.813,1912.8,,
2025-07-26 08:15:45,9.15,67.95,1937.8,3.172,34.806,1937.8,0.77100587,0.072
2025-07-26 08:15:45,9.15,67.95,1962.9,3.118,34.804,1962.9,,
2025-07-26 08:15:45,9.15,67.95,1987.8,3.04,34.799,1987.8,,
2025-07-26 08:15:45,9.15,67.95,2013.1,2.974,34.794,2013.1,,
2025-07-26 08:15:45,9.15,67.95,2031.5,2.943,34.794,2031.5,0.72711676,0.0792
2025-08-05 02:53:51,9.2,67.61666666666666,0.2,28.224,36.371,0.2,,
2025-08-05 02:53:51,9.2,67.61666666666666,0.8,28.225,36.374,0.8,,
2025-08-05 02:53:51,9.2,67.61666666666666,2.1,28.224,36.375,2.1,194.90953,0.5832
2025-08-05 02:53:51,9.2,67.61666666666666,3.0,28.228,36.375,3.0,194.92133,0.2808
2025-08-05 02:53:51,9.2,67.61666666666666,3.7,28.231,36.372,3.7,,
2025-08-05 02:53:51,9.2,67.61666666666666,5.0,28.232,36.372,5.0,,
2025-08-05 02:53:51,9.2,67.61666666666666,6.3,28.231,36.373,6.3,,
2025-08-05 02:53:51,9.2,67.61666666666666,7.3,28.23,36.373,7.3,194.62639,0.2952
2025-08-05 02:53:51,9.2,67.61666666666666,8.3,28.232,36.373,8.3,,
2025-08-05 02:53:51,9.2,67.61666666666666,9.4,28.233,36.372,9.4,,
2025-08-05 02:53:51,9.2,67.61666666666666,14.9,28.232,36.373,14.9,,
2025-08-05 02:53:51,9.2,67.61666666666666,25.7,28.234,36.373,25.7,194.43442,0.2736
2025-08-05 02:53:51,9.2,67.61666666666666,35.6,28.231,36.371,35.6,,
2025-08-05 02:53:51,9.2,67.61666666666666,45.6,28.23,36.37,45.6,,
2025-08-05 02:53:51,9.2,67.61666666666666,55.6,28.231,36.369,55.6,194.2978,0.4032
2025-08-05 02:53:51,9.2,67.61666666666666,65.5,28.23,36.369,65.5,,
2025-08-05 02:53:51,9.2,67.61666666666666,75.7,28.219,36.365,75.7,,
2025-08-05 02:53:51,9.2,67.61666666666666,85.8,28.104,36.329,85.8,,
2025-08-05 02:53:51,9.2,67.61666666666666,95.4,27.516,36.219,95.4,194.69481,0.3384
2025-08-05 02:53:51,9.2,67.61666666666666,105.6,25.932,36.043,105.6,,
2025-08-05 02:53:51,9.2,67.61666666666666,115.4,24.466,35.888,115.4,,
2025-08-05 02:53:51,9.2,67.61666666666666,125.8,22.902,35.767,125.8,193.77495,0.612
2025-08-05 02:53:51,9.2,67.61666666666666,135.1,21.672,35.692,135.1,,
2025-08-05 02:53:51,9.2,67.61666666666666,145.0,19.789,35.432,145.0,,
2025-08-05 02:53:51,9.2,67.61666666666666,155.3,18.609,35.295,155.3,,
2025-08-05 02:53:51,9.2,67.61666666666666,165.2,18.058,35.246,165.2,191.47351,0.7776
2025-08-05 02:53:51,9.2,67.61666666666666,175.0,17.309,35.173,175.0,,
2025-08-05 02:53:51,9.2,67.61666666666666,185.1,16.432,35.156,185.1,,
2025-08-05 02:53:51,9.2,67.61666666666666,195.1,15.626,35.144,195.1,182.32512,0.9792
2025-08-05 02:53:51,9.2,67.61666666666666,212.2,14.888,35.175,212.2,,
2025-08-05 02:53:51,9.2,67.61666666666666,238.2,14.148,35.224,238.2,,
2025-08-05 02:53:51,9.2,67.61666666666666,263.1,13.432,35.248,263.1,,
2025-08-05 02:53:51,9.2,67.61666666666666,287.4,13.152,35.304,287.4,172.88293,0.9288
2025-08-05 02:53:51,9.2,67.61666666666666,312.6,12.835,35.295,312.6,,
2025-08-05 02:53:51,9.2,67.61666666666666,337.7,12.462,35.279,337.7,,
2025-08-05 02:53:51,9.2,67.61666666666666,363.1,12.097,35.253,363.1,165.37755,0.8208
2025-08-05 02:53:51,9.2,67.61666666666666,388.1,11.912,35.257,388.1,,
2025-08-05 02:53:51,9.2,67.61666666666666,413.0,11.64,35.263,413.0,,
2025-08-05 02:53:51,9.2,67.61666666666666,438.6,11.317,35.241,438.6,,
2025-08-05 02:53:51,9.2,67.61666666666666,462.7,11.109,35.242,462.7,157.7972,0.7704
2025-08-05 02:53:51,9.2,67.61666666666666,488.0,10.971,35.249,488.0,,
2025-08-05 02:53:51,9.2,67.61666666666666,512.7,11.004,35.3,512.7,,
2025-08-05 02:53:51,9.2,67.61666666666666,537.9,10.883,35.302,537.9,150.54655,0.7416
2025-08-05 02:53:51,9.2,67.61666666666666,562.8,10.754,35.303,562.8,,
2025-08-05 02:53:51,9.2,67.61666666666666,587.4,10.597,35.292,587.4,,
2025-08-05 02:53:51,9.2,67.61666666666666,612.6,10.531,35.311,612.6,,
2025-08-05 02:53:51,9.2,67.61666666666666,638.0,10.416,35.314,638.0,137.67253,0.612
2025-08-05 02:53:51,9.2,67.61666666666666,662.7,10.102,35.284,662.7,,
2025-08-05 02:53:51,9.2,67.61666666666666,687.5,9.868,35.262,687.5,,
2025-08-05 02:53:51,9.2,67.61666666666666,713.0,9.652,35.244,713.0,119.491455,0.4536
2025-08-05 02:53:51,9.2,67.61666666666666,737.9,9.433,35.221,737.9,,
2025-08-05 02:53:51,9.2,67.61666666666666,762.8,9.297,35.224,762.8,,
2025-08-05 02:53:51,9.2,67.61666666666666,787.9,9.043,35.202,787.9,,
2025-08-05 02:53:51,9.2,67.61666666666666,812.6,8.867,35.195,812.6,80.43628,0.3672
2025-08-05 02:53:51,9.2,67.61666666666666,837.7,8.657,35.18,837.7,,
2025-08-05 02:53:51,9.2,67.61666666666666,862.9,8.538,35.179,862.9,,
2025-08-05 02:53:51,9.2,67.61666666666666,887.8,8.386,35.173,887.8,60.037304,0.2016
2025-08-05 02:53:51,9.2,67.61666666666666,912.6,8.193,35.162,912.6,,
2025-08-05 02:53:51,9.2,67.61666666666666,937.5,8.065,35.16,937.5,,
2025-08-05 02:53:51,9.2,67.61666666666666,962.7,7.833,35.137,962.7,,
2025-08-05 02:53:51,9.2,67.61666666666666,988.0,7.688,35.133,988.0,48.501762,0.1656
2025-08-05 02:53:51,9.2,67.61666666666666,1013.3,7.581,35.13,1013.3,,
2025-08-05 02:53:51,9.2,67.61666666666666,1037.9,7.45,35.115,1037.9,,
2025-08-05 02:53:51,9.2,67.61666666666666,1062.7,7.201,35.085,1062.7,43.266544,0.1512
2025-08-05 02:53:51,9.2,67.61666666666666,1087.7,6.893,35.047,1087.7,,
2025-08-05 02:53:51,9.2,67.61666666666666,1112.7,6.583,35.012,1112.7,,
2025-08-05 02:53:51,9.2,67.61666666666666,1138.1,6.395,34.998,1138.1,,
2025-08-05 02:53:51,9.2,67.61666666666666,1162.6,6.272,34.991,1162.6,36.7922,0.1152
2025-08-05 02:53:51,9.2,67.61666666666666,1187.7,6.169,34.985,1187.7,,
2025-08-05 02:53:51,9.2,67.61666666666666,1213.1,6.084,34.982,1213.1,,
2025-08-05 02:53:51,9.2,67.61666666666666,1238.3,6.031,34.988,1238.3,28.906292,0.108
2025-08-05 02:53:51,9.2,67.61666666666666,1263.3,5.943,34.985,1263.3,,
2025-08-05 02:53:51,9.2,67.61666666666666,1287.9,5.849,34.982,1287.9,,
2025-08-05 02:53:51,9.2,67.61666666666666,1312.8,5.745,34.978,1312.8,27.746443,0.0864
2025-08-05 02:53:51,9.2,67.61666666666666,1337.8,5.621,34.973,1337.8,,
2025-08-05 02:53:51,9.2,67.61666666666666,1362.8,5.491,34.966,1362.8,,
2025-08-05 02:53:51,9.2,67.61666666666666,1388.6,5.383,34.961,1388.6,,
2025-08-05 02:53:51,9.2,67.61666666666666,1412.5,5.268,34.954,1412.5,23.693098,0.0792
2025-08-05 02:53:51,9.2,67.61666666666666,1437.7,5.151,34.946,1437.7,,
2025-08-05 02:53:51,9.2,67.61666666666666,1462.7,5.021,34.935,1462.7,,
2025-08-05 02:53:51,9.2,67.61666666666666,1487.6,4.921,34.929,1487.6,,
2025-08-05 02:53:51,9.2,67.61666666666666,1512.7,4.777,34.917,1512.7,21.766844,0.0576
2025-08-05 02:53:51,9.2,67.61666666666666,1537.8,4.666,34.909,1537.8,,
2025-08-05 02:53:51,9.2,67.61666666666666,1562.9,4.557,34.901,1562.9,,
2025-08-05 02:53:51,9.2,67.61666666666666,1587.7,4.443,34.893,1587.7,16.828426,0.072
2025-08-05 02:53:51,9.2,67.61666666666666,1612.8,4.335,34.883,1612.8,,
2025-08-05 02:53:51,9.2,67.61666666666666,1637.9,4.24,34.877,1637.9,,
2025-08-05 02:53:51,9.2,67.61666666666666,1662.8,4.142,34.869,1662.8,,
2025-08-05 02:53:51,9.2,67.61666666666666,1687.5,4.039,34.862,1687.5,11.32791,0.0648
2025-08-05 02:53:51,9.2,67.61666666666666,1712.8,3.937,34.856,1712.8,,
2025-08-05 02:53:51,9.2,67.61666666666666,1738.2,3.829,34.849,1738.2,,
2025-08-05 02:53:51,9.2,67.61666666666666,1763.1,3.732,34.843,1763.1,7.267236,0.072
2025-08-05 02:53:51,9.2,67.61666666666666,1787.8,3.612,34.835,1787.8,,
2025-08-05 02:53:51,9.2,67.61666666666666,1812.6,3.524,34.829,1812.6,,
2025-08-05 02:53:51,9.2,67.61666666666666,1837.6,3.439,34.823,1837.6,,
2025-08-05 02:53:51,9.2,67.61666666666666,1862.8,3.359,34.818,1862.8,2.902552,0.0648
2025-08-05 02:53:51,9.2,67.61666666666666,1887.8,3.288,34.813,1887.8,,
2025-08-05 02:53:51,9.2,67.61666666666666,1912.7,3.214,34.809,1912.7,,
2025-08-05 02:53:51,9.2,67.61666666666666,1937.7,3.154,34.805,1937.7,1.2135164,0.0648
2025-08-05 02:53:51,9.2,67.61666666666666,1963.0,3.091,34.802,1963.0,,
2025-08-05 02:53:51,9.2,67.61666666666666,1988.4,3.045,34.8,1988.4,,
2025-08-14 22:00:49,9.133333333333333,67.36666666666666,0.0,28.565,36.006,0.0,,
2025-08-14 22:00:49,9.133333333333333,67.36666666666666,0.8,28.57,36.003,0.8,196.93272,0.288
2025-08-14 22:00:49,9.133333333333333,67.36666666666666,1.9,28.578,35.999,1.9,196.8638,0.2232
2025-08-14 22:00:49,9.133333333333333,67.36666666666666,2.8,28.578,36.0,2.8,,
2025-08-14 22:00:49,9.133333333333333,67.36666666666666,3.8,28.58,35.999,3.8,,
2025-08-14 22:00:49,9.133333333333333,67.36666666666666,4.8,28.576,35.999,4.8,,
2025-08-14 22:00:49,9.133333333333333,67.36666666666666,5.9,28.583,36.0,5.9,196.55368,0.2736
2025-08-14 22:00:49,9.133333333333333,67.36666666666666,6.9,28.582,36.0,6.9,,
2025-08-14 22:00:49,9.133333333333333,67.36666666666666,8.0,28.583,35.999,8.0,,
2025-08-14 22:00:49,9.133333333333333,67.36666666666666,9.1,28.581,36.0,9.1,,
2025-08-14 22:00:49,9.133333333333333,67.36666666666666,10.2,28.579,36.0,10.2,196.35297,0.3456
2025-08-14 22:00:49,9.133333333333333,67.36666666666666,15.5,28.58,36.0,15.5,,
2025-08-14 22:00:49,9.133333333333333,67.36666666666666,25.0,28.584,36.003,25.0,,
2025-08-14 22:00:49,9.133333333333333,67.36666666666666,35.2,28.578,36.009,35.2,196.45288,0.5688
2025-08-14 22:00:49,9.133333333333333,67.36666666666666,45.2,28.461,36.03,45.2,,
2025-08-14 22:00:49,9.133333333333333,67.36666666666666,55.3,28.217,36.184,55.3,,
2025-08-14 22:00:49,9.133333333333333,67.36666666666666,65.6,28.289,36.29,65.6,,
2025-08-14 22:00:49,9.133333333333333,67.36666666666666,75.4,28.196,36.29,75.4,196.65096,0.72
2025-08-14 22:00:49,9.133333333333333,67.36666666666666,85.2,28.16,36.293,85.2,,
2025-08-14 22:00:49,9.133333333333333,67.36666666666666,96.0,27.852,36.285,96.0,,
2025-08-14 22:00:49,9.133333333333333,67.36666666666666,105.5,26.469,36.093,105.5,193.42006,1.0872
2025-08-14 22:00:49,9.133333333333333,67.36666666666666,115.4,24.321,35.801,115.4,,
2025-08-14 22:00:49,9.133333333333333,67.36666666666666,125.4,22.299,35.641,125.4,,
2025-08-14 22:00:49,9.133333333333333,67.36666666666666,135.3,21.16,35.619,135.3,,
2025-08-14 22:00:49,9.133333333333333,67.36666666666666,144.8,19.519,35.435,144.8,187.50232,1.4904
2025-08-14 22:00:49,9.133333333333333,67.36666666666666,155.4,17.96,35.264,155.4,,
2025-08-14 22:00:49,9.133333333333333,67.36666666666666,165.7,17.188,35.174,165.7,,
2025-08-14 22:00:49,9.133333333333333,67.36666666666666,175.6,16.745,35.16,175.6,180.09775,1.4688
2025-08-14 22:00:49,9.133333333333333,67.36666666666666,185.5,16.18,35.153,185.5,,
2025-08-14 22:00:49,9.133333333333333,67.36666666666666,195.4,15.713,35.153,195.4,,
2025-08-14 22:00:49,9.133333333333333,67.36666666666666,212.7,15.077,35.179,212.7,,
2025-08-14 22:00:49,9.133333333333333,67.36666666666666,237.6,14.017,35.215,237.6,174.20709,1.26
2025-08-14 22:00:49,9.133333333333333,67.36666666666666,262.2,13.689,35.302,262.2,,
2025-08-14 22:00:49,9.133333333333333,67.36666666666666,287.8,13.331,35.311,287.8,,
2025-08-14 22:00:49,9.133333333333333,67.36666666666666,313.2,12.786,35.279,313.2,165.58815,0.9648
2025-08-14 22:00:49,9.133333333333333,67.36666666666666,338.5,12.333,35.255,338.5,,
2025-08-14 22:00:49,9.133333333333333,67.36666666666666,362.6,12.129,35.259,362.6,,
2025-08-14 22:00:49,9.133333333333333,67.36666666666666,387.5,11.984,35.279,387.5,,
2025-08-14 22:00:49,9.133333333333333,67.36666666666666,413.0,11.827,35.286,413.0,153.4736,0.828
2025-08-14 22:00:49,9.133333333333333,67.36666666666666,438.1,11.64,35.279,438.1,,
2025-08-14 22:00:49,9.133333333333333,67.36666666666666,462.8,11.442,35.286,462.8,,
2025-08-14 22:00:49,9.133333333333333,67.36666666666666,487.9,11.216,35.285,487.9,138.07481,0.6552
2025-08-14 22:00:49,9.133333333333333,67.36666666666666,512.9,11.028,35.271,512.9,,
2025-08-14 22:00:49,9.133333333333333,67.36666666666666,538.1,10.867,35.268,538.1,,
2025-08-14 22:00:49,9.133333333333333,67.36666666666666,563.2,10.792,35.285,563.2,,
2025-08-14 22:00:49,9.133333333333333,67.36666666666666,587.7,10.66,35.291,587.7,115.50195,0.4608
2025-08-14 22:00:49,9.133333333333333,67.36666666666666,612.7,10.565,35.309,612.7,,
2025-08-14 22:00:49,9.133333333333333,67.36666666666666,638.0,10.412,35.316,638.0,,
2025-08-14 22:00:49,9.133333333333333,67.36666666666666,663.3,10.187,35.304,663.3,91.67493,0.324
2025-08-14 22:00:49,9.133333333333333,67.36666666666666,688.0,9.968,35.285,688.0,,
2025-08-14 22:00:49,9.133333333333333,67.36666666666666,712.6,9.689,35.254,712.6,,
2025-08-14 22:00:49,9.133333333333333,67.36666666666666,738.3,9.484,35.243,738.3,,
2025-08-14 22:00:49,9.133333333333333,67.36666666666666,763.0,9.237,35.225,763.0,48.962055,0.2664
2025-08-14 22:00:49,9.133333333333333,67.36666666666666,788.2,8.973,35.199,788.2,,
2025-08-14 22:00:49,9.133333333333333,67.36666666666666,813.0,8.734,35.189,813.0,,
2025-08-14 22:00:49,9.133333333333333,67.36666666666666,837.6,8.619,35.19,837.6,39.84057,0.1584
2025-08-14 22:00:49,9.133333333333333,67.36666666666666,862.6,8.379,35.167,862.6,,
2025-08-14 22:00:49,9.133333333333333,67.36666666666666,887.6,8.224,35.159,887.6,,
2025-08-14 22:00:49,9.133333333333333,67.36666666666666,912.7,8.039,35.146,912.7,,
2025-08-14 22:00:49,9.133333333333333,67.36666666666666,937.8,7.875,35.134,937.8,37.5216,0.1296
2025-08-14 22:00:49,9.133333333333333,67.36666666666666,962.7,7.773,35.128,962.7,,
2025-08-14 22:00:49,9.133333333333333,67.36666666666666,987.6,7.58,35.107,987.6,,
2025-08-14 22:00:49,9.133333333333333,67.36666666666666,1012.9,7.474,35.11,1012.9,35.613438,0.1152
2025-08-14 22:00:49,9.133333333333333,67.36666666666666,1037.7,7.261,35.09,1037.7,,
2025-08-14 22:00:49,9.133333333333333,67.36666666666666,1062.9,7.029,35.065,1062.9,,
2025-08-14 22:00:49,9.133333333333333,67.36666666666666,1088.2,6.701,35.023,1088.2,,
2025-08-14 22:00:49,9.133333333333333,67.36666666666666,1113.0,6.597,35.018,1113.0,29.629368,0.108
2025-08-14 22:00:49,9.133333333333333,67.36666666666666,1138.0,6.466,35.013,1138.0,,
2025-08-14 22:00:49,9.133333333333333,67.36666666666666,1162.8,6.306,34.998,1162.8,,
2025-08-14 22:00:49,9.133333333333333,67.36666666666666,1187.6,6.185,34.987,1187.6,28.258917,0.0864
2025-08-14 22:00:49,9.133333333333333,67.36666666666666,1212.7,6.111,34.988,1212.7,,
2025-08-14 22:00:49,9.133333333333333,67.36666666666666,1237.9,6.042,34.992,1237.9,,
2025-08-14 22:00:49,9.133333333333333,67.36666666666666,1263.2,5.912,34.983,1263.2,,
2025-08-14 22:00:49,9.133333333333333,67.36666666666666,1288.4,5.81,34.978,1288.4,26.094036,0.0648
2025-08-14 22:00:49,9.133333333333333,67.36666666666666,1312.9,5.723,34.977,1312.9,,
2025-08-14 22:00:49,9.133333333333333,67.36666666666666,1337.9,5.616,34.972,1337.9,,
2025-08-14 22:00:49,9.133333333333333,67.36666666666666,1363.1,5.52,34.968,1363.1,25.024414,0.0792
2025-08-14 22:00:49,9.133333333333333,67.36666666666666,1388.2,5.408,34.961,1388.2,,
2025-08-14 22:00:49,9.133333333333333,67.36666666666666,1412.9,5.286,34.954,1412.9,,
2025-08-14 22:00:49,9.133333333333333,67.36666666666666,1437.7,5.163,34.946,1437.7,,
2025-08-14 22:00:49,9.133333333333333,67.36666666666666,1462.9,5.025,34.935,1462.9,27.321836,0.0648
2025-08-14 22:00:49,9.133333333333333,67.36666666666666,1488.0,4.922,34.929,1488.0,,
2025-08-14 22:00:49,9.133333333333333,67.36666666666666,1512.8,4.789,34.919,1512.8,,
2025-08-14 22:00:49,9.133333333333333,67.36666666666666,1538.2,4.649,34.908,1538.2,19.737429,0.0792
2025-08-14 22:00:49,9.133333333333333,67.36666666666666,1562.7,4.539,34.899,1562.7,,
2025-08-14 22:00:49,9.133333333333333,67.36666666666666,1588.0,4.388,34.887,1588.0,,
2025-08-14 22:00:49,9.133333333333333,67.36666666666666,1612.8,4.286,34.879,1612.8,,
2025-08-14 22:00:49,9.133333333333333,67.36666666666666,1637.8,4.198,34.873,1637.8,10.8681135,0.0648
2025-08-14 22:00:49,9.133333333333333,67.36666666666666,1662.8,4.107,34.867,1662.8,,
2025-08-14 22:00:49,9.133333333333333,67.36666666666666,1687.9,3.992,34.859,1687.9,,
2025-08-14 22:00:49,9.133333333333333,67.36666666666666,1712.9,3.882,34.852,1712.9,4.633682,0.072
2025-08-14 22:00:49,9.133333333333333,67.36666666666666,1738.0,3.789,34.846,1738.0,,
2025-08-14 22:00:49,9.133333333333333,67.36666666666666,1763.0,3.706,34.84,1763.0,,
2025-08-14 22:00:49,9.133333333333333,67.36666666666666,1788.0,3.614,34.833,1788.0,,
2025-08-14 22:00:49,9.133333333333333,67.36666666666666,1812.8,3.525,34.828,1812.8,2.4814131,0.0648
2025-08-14 22:00:49,9.133333333333333,67.36666666666666,1837.8,3.468,34.824,1837.8,,
2025-08-14 22:00:49,9.133333333333333,67.36666666666666,1862.9,3.398,34.82,1862.9,,
2025-08-14 22:00:49,9.133333333333333,67.36666666666666,1888.0,3.338,34.818,1888.0,0.9485194,0.072
2025-08-14 22:00:49,9.133333333333333,67.36666666666666,1913.3,3.279,34.815,1913.3,,
2025-08-14 22:00:49,9.133333333333333,67.36666666666666,1937.8,3.224,34.812,1937.8,,
2025-08-14 22:00:49,9.133333333333333,67.36666666666666,1963.1,3.14,34.807,1963.1,,
2025-08-14 22:00:49,9.133333333333333,67.36666666666666,1988.6,3.063,34.802,1988.6,0.81842583,0.0792
2025-08-24 17:02:15,8.93822,67.04986,0.3,28.845,36.505,0.3,,
2025-08-24 17:02:15,8.93822,67.04986,1.0,28.846,36.504,1.0,,
2025-08-24 17:02:15,8.93822,67.04986,2.0,28.84,36.501,2.0,194.65714,0.2088
2025-08-24 17:02:15,8.93822,67.04986,3.1,28.844,36.486,3.1,194.6365,0.3024
2025-08-24 17:02:15,8.93822,67.04986,3.8,28.831,36.493,3.8,,
2025-08-24 17:02:15,8.93822,67.04986,4.9,28.82,36.508,4.9,,
2025-08-24 17:02:15,8.93822,67.04986,6.0,28.789,36.511,6.0,,
2025-08-24 17:02:15,8.93822,67.04986,6.8,28.714,36.513,6.8,195.17899,0.4968
2025-08-24 17:02:15,8.93822,67.04986,8.0,28.654,36.508,8.0,,
2025-08-24 17:02:15,8.93822,67.04986,9.2,28.629,36.508,9.2,,
2025-08-24 17:02:15,8.93822,67.04986,10.1,28.621,36.506,10.1,,
2025-08-24 17:02:15,8.93822,67.04986,15.2,28.588,36.506,15.2,195.0451,0.252
2025-08-24 17:02:15,8.93822,67.04986,25.2,28.441,36.498,25.2,,
2025-08-24 17:02:15,8.93822,67.04986,35.6,28.306,36.493,35.6,,
2025-08-24 17:02:15,8.93822,67.04986,45.7,28.25,36.492,45.7,195.06291,0.288
2025-08-24 17:02:15,8.93822,67.04986,55.7,28.226,36.49,55.7,,
2025-08-24 17:02:15,8.93822,67.04986,65.5,28.178,36.491,65.5,,
2025-08-24 17:02:15,8.93822,67.04986,75.1,28.009,36.48,75.1,,
2025-08-24 17:02:15,8.93822,67.04986,84.9,27.907,36.468,84.9,194.99365,0.288
2025-08-24 17:02:15,8.93822,67.04986,95.3,27.79,36.444,95.3,,
2025-08-24 17:02:15,8.93822,67.04986,105.2,25.683,36.145,105.2,,
2025-08-24 17:02:15,8.93822,67.04986,115.2,22.733,35.82,115.2,194.41115,0.3672
2025-08-24 17:02:15,8.93822,67.04986,125.2,21.294,35.674,125.2,,
2025-08-24 17:02:15,8.93822,67.04986,135.3,20.561,35.653,135.3,,
2025-08-24 17:02:15,8.93822,67.04986,145.6,19.255,35.517,145.6,,
2025-08-24 17:02:15,8.93822,67.04986,155.8,17.914,35.331,155.8,192.37532,0.54
2025-08-24 17:02:15,8.93822,67.04986,165.5,16.843,35.188,165.5,,
2025-08-24 17:02:15,8.93822,67.04986,175.0,16.07,35.17,175.0,,
2025-08-24 17:02:15,8.93822,67.04986,185.4,15.545,35.188,185.4,186.79364,1.0656
2025-08-24 17:02:15,8.93822,67.04986,195.6,15.087,35.19,195.6,,
2025-08-24 17:02:15,8.93822,67.04986,212.7,14.401,35.182,212.7,,
2025-08-24 17:02:15,8.93822,67.04986,238.0,13.985,35.221,238.0,,
2025-08-24 17:02:15,8.93822,67.04986,263.3,13.739,35.277,263.3,179.68974,1.1376
2025-08-24 17:02:15,8.93822,67.04986,288.3,13.186,35.304,288.3,,
2025-08-24 17:02:15,8.93822,67.04986,312.8,12.664,35.271,312.8,,
2025-08-24 17:02:15,8.93822,67.04986,337.7,12.239,35.247,337.7,171.5808,1.116
2025-08-24 17:02:15,8.93822,67.04986,362.5,12.049,35.259,362.5,,
2025-08-24 17:02:15,8.93822,67.04986,387.5,11.912,35.279,387.5,,
2025-08-24 17:02:15,8.93822,67.04986,412.9,11.751,35.29,412.9,,
2025-08-24 17:02:15,8.93822,67.04986,438.0,11.458,35.268,438.0,161.18352,0.9288
2025-08-24 17:02:15,8.93822,67.04986,463.1,11.293,35.268,463.1,,
2025-08-24 17:02:15,8.93822,67.04986,488.0,11.084,35.268,488.0,,
2025-08-24 17:02:15,8.93822,67.04986,512.9,10.899,35.273,512.9,150.9347,0.72
2025-08-24 17:02:15,8.93822,67.04986,537.8,10.799,35.286,537.8,,
2025-08-24 17:02:15,8.93822,67.04986,562.9,10.672,35.286,562.9,,
2025-08-24 17:02:15,8.93822,67.04986,588.1,10.558,35.301,588.1,,
2025-08-24 17:02:15,8.93822,67.04986,613.6,10.412,35.303,613.6,108.14005,0.5256
2025-08-24 17:02:15,8.93822,67.04986,637.8,10.253,35.306,637.8,,
2025-08-24 17:02:15,8.93822,67.04986,663.1,10.084,35.304,663.1,,
2025-08-24 17:02:15,8.93822,67.04986,687.7,9.843,35.278,687.7,49.34015,0.2736
2025-08-24 17:02:15,8.93822,67.04986,712.5,9.64,35.262,712.5,,
2025-08-24 17:02:15,8.93822,67.04986,737.8,9.387,35.248,737.8,,
2025-08-24 17:02:15,8.93822,67.04986,762.7,9.192,35.24,762.7,,
2025-08-24 17:02:15,8.93822,67.04986,787.8,8.856,35.198,787.8,44.73888,0.2232
2025-08-24 17:02:15,8.93822,67.04986,812.8,8.668,35.186,812.8,,
2025-08-24 17:02:15,8.93822,67.04986,837.6,8.467,35.175,837.6,,
2025-08-24 17:02:15,8.93822,67.04986,863.6,8.265,35.166,863.6,35.992542,0.18
2025-08-24 17:02:15,8.93822,67.04986,887.8,8.065,35.15,887.8,,
2025-08-24 17:02:15,8.93822,67.04986,912.6,7.931,35.143,912.6,,
2025-08-24 17:02:15,8.93822,67.04986,937.6,7.726,35.12,937.6,,
2025-08-24 17:02:15,8.93822,67.04986,962.7,7.562,35.106,962.7,33.379444,0.1584
2025-08-24 17:02:15,8.93822,67.04986,988.0,7.429,35.108,988.0,,
2025-08-24 17:02:15,8.93822,67.04986,1012.8,7.202,35.085,1012.8,,
2025-08-24 17:02:15,8.93822,67.04986,1037.7,7.028,35.066,1037.7,31.863453,0.1296
2025-08-24 17:02:15,8.93822,67.04986,1063.1,6.873,35.049,1063.1,,
2025-08-24 17:02:15,8.93822,67.04986,1088.1,6.73,35.034,1088.1,,
2025-08-24 17:02:15,8.93822,67.04986,1112.9,6.565,35.016,1112.9,,
2025-08-24 17:02:15,8.93822,67.04986,1137.8,6.416,35.001,1137.8,30.550995,0.1008
2025-08-24 17:02:15,8.93822,67.04986,1163.0,6.215,34.985,1163.0,,
2025-08-24 17:02:15,8.93822,67.04986,1188.1,6.107,34.982,1188.1,,
2025-08-24 17:02:15,8.93822,67.04986,1212.8,6.08,34.992,1212.8,24.448158,0.0792
2025-08-24 17:02:15,8.93822,67.04986,1237.5,5.972,34.986,1237.5,,
2025-09-03 11:56:25,8.816666666666666,66.83333333333333,0.3,28.204,36.496,0.3,,
2025-09-03 11:56:25,8.816666666666666,66.83333333333333,0.9,28.209,36.483,0.9,196.10117,0.252
2025-09-03 11:56:25,8.816666666666666,66.83333333333333,2.0,28.198,36.49,2.0,,
2025-09-03 11:56:25,8.816666666666666,66.83333333333333,3.2,28.194,36.49,3.2,196.58023,0.2016
2025-09-03 11:56:25,8.816666666666666,66.83333333333333,4.1,28.189,36.494,4.1,,
2025-09-03 11:56:25,8.816666666666666,66.83333333333333,4.9,28.178,36.499,4.9,,
2025-09-03 11:56:25,8.816666666666666,66.83333333333333,5.8,28.177,36.497,5.8,,
2025-09-03 11:56:25,8.816666666666666,66.83333333333333,6.6,28.178,36.498,6.6,197.00713,0.2088
2025-09-03 11:56:25,8.816666666666666,66.83333333333333,7.9,28.15,36.501,7.9,,
2025-09-03 11:56:25,8.816666666666666,66.83333333333333,9.4,28.124,36.499,9.4,,
2025-09-03 11:56:25,8.816666666666666,66.83333333333333,10.4,28.123,36.497,10.4,,
2025-09-03 11:56:25,8.816666666666666,66.83333333333333,15.4,28.063,36.498,15.4,196.65291,0.2952
2025-09-03 11:56:25,8.816666666666666,66.83333333333333,25.1,28.024,36.498,25.1,,
2025-09-03 11:56:25,8.816666666666666,66.83333333333333,35.0,28.011,36.498,35.0,,
2025-09-03 11:56:25,8.816666666666666,66.83333333333333,45.0,27.979,36.498,45.0,196.38629,0.3384
2025-09-03 11:56:25,8.816666666666666,66.83333333333333,55.2,27.833,36.497,55.2,,
2025-09-03 11:56:25,8.816666666666666,66.83333333333333,65.7,27.675,36.467,65.7,,
2025-09-03 11:56:25,8.816666666666666,66.83333333333333,75.8,27.37,36.419,75.8,,
2025-09-03 11:56:25,8.816666666666666,66.83333333333333,85.8,27.259,36.403,85.8,196.58696,0.4896
2025-09-03 11:56:25,8.816666666666666,66.83333333333333,95.7,26.61,36.316,95.7,,
2025-09-03 11:56:25,8.816666666666666,66.83333333333333,105.3,24.457,36.024,105.3,,
2025-09-03 11:56:25,8.816666666666666,66.83333333333333,115.6,22.706,35.8,115.6,194.32263,0.7488
2025-09-03 11:56:25,8.816666666666666,66.83333333333333,125.2,21.536,35.691,125.2,,
2025-09-03 11:56:25,8.816666666666666,66.83333333333333,135.3,20.097,35.588,135.3,,
2025-09-03 11:56:25,8.816666666666666,66.83333333333333,145.1,19.093,35.515,145.1,,
2025-09-03 11:56:25,8.816666666666666,66.83333333333333,155.4,18.261,35.456,155.4,185.89354,1.6488
2025-09-03 11:56:25,8.816666666666666,66.83333333333333,165.3,17.486,35.403,165.3,,
2025-09-03 11:56:25,8.816666666666666,66.83333333333333,175.2,16.865,35.394,175.2,,
2025-09-03 11:56:25,8.816666666666666,66.83333333333333,185.3,16.275,35.384,185.3,176.58156,1.8072
2025-09-03 11:56:25,8.816666666666666,66.83333333333333,195.6,15.819,35.361,195.6,,
2025-09-03 11:56:25,8.816666666666666,66.83333333333333,212.5,15.257,35.352,212.5,,
2025-09-03 11:56:25,8.816666666666666,66.83333333333333,238.1,14.451,35.325,238.1,,
2025-09-03 11:56:25,8.816666666666666,66.83333333333333,263.1,13.719,35.311,263.1,174.99323,1.3536
2025-09-03 11:56:25,8.816666666666666,66.83333333333333,288.0,13.055,35.3,288.0,,
2025-09-03 11:56:25,8.816666666666666,66.83333333333333,312.6,12.49,35.268,312.6,,
2025-09-03 11:56:25,8.816666666666666,66.83333333333333,338.0,12.085,35.263,338.0,180.53995,1.044
2025-09-03 11:56:25,8.816666666666666,66.83333333333333,362.9,11.887,35.28,362.9,,
2025-09-03 11:56:25,8.816666666666666,66.83333333333333,388.1,11.739,35.291,388.1,,
2025-09-03 11:56:25,8.816666666666666,66.83333333333333,413.1,11.443,35.269,413.1,,
2025-09-03 11:56:25,8.816666666666666,66.83333333333333,438.1,11.258,35.272,438.1,167.31284,0.8424
2025-09-03 11:56:25,8.816666666666666,66.83333333333333,462.9,11.117,35.275,462.9,,
2025-09-03 11:56:25,8.816666666666666,66.83333333333333,487.3,10.942,35.275,487.3,,
2025-09-03 11:56:25,8.816666666666666,66.83333333333333,512.9,10.845,35.291,512.9,163.89357,0.8496
2025-09-03 11:56:25,8.816666666666666,66.83333333333333,538.0,10.717,35.299,538.0,,
2025-09-03 11:56:25,8.816666666666666,66.83333333333333,562.8,10.603,35.308,562.8,,
2025-09-03 11:56:25,8.816666666666666,66.83333333333333,587.9,10.402,35.303,587.9,,
2025-09-03 11:56:25,8.816666666666666,66.83333333333333,612.8,10.266,35.298,612.8,82.915344,0.468
2025-09-03 11:56:25,8.816666666666666,66.83333333333333,637.8,10.185,35.308,637.8,,
2025-09-03 11:56:25,8.816666666666666,66.83333333333333,662.7,10.042,35.3,662.7,,
2025-09-03 11:56:25,8.816666666666666,66.83333333333333,687.8,9.823,35.28,687.8,55.397697,0.3096
2025-09-03 11:56:25,8.816666666666666,66.83333333333333,713.2,9.673,35.27,713.2,,
2025-09-03 11:56:25,8.816666666666666,66.83333333333333,738.1,9.481,35.259,738.1,,
2025-09-03 11:56:25,8.816666666666666,66.83333333333333,762.8,9.234,35.24,762.8,,
2025-09-03 11:56:25,8.816666666666666,66.83333333333333,787.7,8.918,35.212,787.7,46.92251,0.2592
2025-09-03 11:56:25,8.816666666666666,66.83333333333333,812.7,8.646,35.191,812.7,,
2025-09-03 11:56:25,8.816666666666666,66.83333333333333,838.6,8.371,35.171,838.6,,
2025-09-03 11:56:25,8.816666666666666,66.83333333333333,862.8,8.138,35.153,862.8,35.898384,0.2088
2025-09-03 11:56:25,8.816666666666666,66.83333333333333,887.6,7.989,35.148,887.6,,
2025-09-03 11:56:25,8.816666666666666,66.83333333333333,912.5,7.803,35.126,912.5,,
2025-09-03 11:56:25,8.816666666666666,66.83333333333333,937.7,7.651,35.109,937.7,,
2025-09-03 11:56:25,8.816666666666666,66.83333333333333,963.1,7.58,35.115,963.1,30.560528,0.1584
2025-09-03 11:56:25,8.816666666666666,66.83333333333333,988.1,7.451,35.109,988.1,,
2025-09-03 11:56:25,8.816666666666666,66.83333333333333,1013.1,7.276,35.092,1013.1,,
2025-09-03 11:56:25,8.816666666666666,66.83333333333333,1037.8,7.034,35.063,1037.8,27.573158,0.1296
2025-09-03 11:56:25,8.816666666666666,66.83333333333333,1062.6,6.761,35.033,1062.6,,
2025-09-03 11:56:25,8.816666666666666,66.83333333333333,1088.2,6.531,35.009,1088.2,,
2025-09-03 11:56:25,8.816666666666666,66.83333333333333,1112.5,6.387,34.997,1112.5,,
2025-09-03 11:56:25,8.816666666666666,66.83333333333333,1137.7,6.264,34.988,1137.7,27.01864,0.0936
2025-09-03 11:56:25,8.816666666666666,66.83333333333333,1162.6,6.167,34.983,1162.6,,
2025-09-03 11:56:25,8.816666666666666,66.83333333333333,1187.6,6.085,34.979,1187.6,,
2025-09-03 11:56:25,8.816666666666666,66.83333333333333,1213.1,5.999,34.975,1213.1,26.19995,0.0864
2025-09-03 11:56:25,8.816666666666666,66.83333333333333,1238.3,5.879,34.97,1238.3,,
2025-09-03 11:56:25,8.816666666666666,66.83333333333333,1262.9,5.819,34.974,1262.9,,
2025-09-03 11:56:25,8.816666666666666,66.83333333333333,1287.9,5.779,34.976,1287.9,,
2025-09-03 11:56:25,8.816666666666666,66.83333333333333,1312.9,5.689,34.969,1312.9,23.039253,0.0648
2025-09-03 11:56:25,8.816666666666666,66.83333333333333,1337.8,5.634,34.971,1337.8,,
2025-09-03 11:56:25,8.816666666666666,66.83333333333333,1363.0,5.501,34.962,1363.0,,
2025-09-03 11:56:25,8.816666666666666,66.83333333333333,1387.9,5.336,34.949,1387.9,18.71841,0.072
2025-09-03 11:56:25,8.816666666666666,66.83333333333333,1413.2,5.243,34.946,1413.2,,
2025-09-03 11:56:25,8.816666666666666,66.83333333333333,1438.0,5.112,34.939,1438.0,,
2025-09-03 11:56:25,8.816666666666666,66.83333333333333,1462.8,4.991,34.933,1462.8,15.075314,0.072
2025-09-03 11:56:25,8.816666666666666,66.83333333333333,1487.9,4.85,34.923,1487.9,,
2025-09-03 11:56:25,8.816666666666666,66.83333333333333,1513.1,4.694,34.911,1513.1,,
2025-09-03 11:56:25,8.816666666666666,66.83333333333333,1537.6,4.574,34.903,1537.6,13.367208,0.0648
2025-09-03 11:56:25,8.816666666666666,66.83333333333333,1562.5,4.403,34.89,1562.5,,
2025-09-03 11:56:25,8.816666666666666,66.83333333333333,1587.4,4.276,34.881,1587.4,,
2025-09-03 11:56:25,8.816666666666666,66.83333333333333,1612.3,4.158,34.871,1612.3,11.175715,0.0648
2025-09-03 11:56:25,8.816666666666666,66.83333333333333,1638.2,4.062,34.865,1638.2,,
2025-09-03 11:56:25,8.816666666666666,66.83333333333333,1662.9,3.995,34.861,1662.9,,
2025-09-03 11:56:25,8.816666666666666,66.83333333333333,1687.6,3.912,34.855,1687.6,,
2025-09-03 11:56:25,8.816666666666666,66.83333333333333,1712.6,3.834,34.849,1712.6,,
2025-09-03 11:56:25,8.816666666666666,66.83333333333333,1737.8,3.773,34.846,1737.8,6.556806,0.072
2025-09-03 11:56:25,8.816666666666666,66.83333333333333,1763.0,3.71,34.841,1763.0,,
2025-09-03 11:56:25,8.816666666666666,66.83333333333333,1787.8,3.618,34.835,1787.8,,
2025-09-03 11:56:25,8.816666666666666,66.83333333333333,1812.7,3.534,34.83,1812.7,,
2025-09-03 11:56:25,8.816666666666666,66.83333333333333,1837.8,3.457,34.825,1837.8,3.4131105,0.0648
2025-09-03 11:56:25,8.816666666666666,66.83333333333333,1863.1,3.391,34.82,1863.1,,
2025-09-03 11:56:25,8.816666666666666,66.83333333333333,1887.9,3.323,34.816,1887.9,,
2025-09-03 11:56:25,8.816666666666666,66.83333333333333,1912.7,3.221,34.809,1912.7,1.0506165,0.072
2025-09-03 11:56:25,8.816666666666666,66.83333333333333,1937.9,3.142,34.804,1937.9,,
2025-09-03 11:56:25,8.816666666666666,66.83333333333333,1963.0,3.059,34.799,1963.0,,
2025-09-03 11:56:25,8.816666666666666,66.83333333333333,1991.3,2.979,34.794,1991.3,,
